Date,Symbol,Open,High,Low,Close,Volume,RSI,MACD,MACD_signal,MACD_diff,EMA_20,SMA_50,BB_high,BB_low,BB_mid,Price_Change,Volume_Change,sentiment_score,next_close,target
2023-01-18,INFY.NS,1416.732580138559,1423.24416242099,1412.0093515411083,1417.3287353515625,5843098,57.180389929982425,-6.297309013932363,-14.441211667691121,8.143902653758758,1387.1993577336182,1423.5632983398436,1423.3634304654925,1333.2876437532577,1378.325537109375,0.003832470678720279,-0.013430825827113746,0.0,1411.3673095703125,0
2023-01-19,INFY.NS,1412.284436925683,1421.1347382958118,1399.6739357893398,1411.3673095703125,6165284,55.33239874842609,-3.709637834249861,-12.29489690100287,8.585259066753009,1389.501067432351,1424.2410595703125,1425.8155098800837,1332.3809134597602,1379.098211669922,-0.00420609956784046,0.055139585199495134,0.0,1399.123779296875,0
2023-01-20,INFY.NS,1410.5419708855652,1416.9618628206752,1397.7021870153455,1399.123779296875,6496429,51.64101851386448,-2.616676928000743,-10.359252906402446,7.742575978401703,1390.4175161813532,1423.4239013671875,1427.8216147993483,1332.9840370561203,1380.4028259277343,-0.008674942511715855,0.05371123211842299,0.0,1419.7132568359375,1
2023-01-23,INFY.NS,1407.7906002862817,1424.574076980102,1401.4623986498889,1419.7132568359375,4855020,56.853860688513336,-0.08808340086625321,-8.30501900529521,8.216935604428956,1393.207586719885,1422.7397265625,1432.8809131088383,1332.1068554458493,1382.4938842773438,0.01471597998956864,-0.2526632708523405,0.0,1423.2899169921875,1
2023-01-24,INFY.NS,1430.7186259283192,1438.7893911638814,1421.3180708541106,1423.2899169921875,5200802,57.70673624052505,2.1793298126394802,-6.208149241708272,8.387479054347752,1396.0725705553425,1421.9675048828126,1437.5864617589225,1330.799256014515,1384.1928588867188,0.0025192834813849707,0.07122153976708634,0.0,1415.1275634765625,0
2023-01-25,INFY.NS,1418.7960730383943,1427.0502195525155,1411.2297720671163,1415.1275634765625,4158617,55.03317169145102,3.2798295733973646,-4.310553478687145,7.590383052084509,1397.8873317859347,1420.8706201171874,1440.7724703151969,1330.626003805897,1385.699237060547,-0.005734849532886721,-0.20038928611394935,0.0,1393.254150390625,0
2023-01-27,INFY.NS,1417.8789993665666,1422.4187353397176,1382.477903144469,1393.254150390625,6209955,48.54273074098718,2.359779856897603,-2.976486811570195,5.336266668467799,1397.4460764149528,1419.6187426757813,1440.8819830784212,1330.6632317653286,1385.772607421875,-0.015456849015222929,0.493274086072365,0.0,1411.2757568359375,1
2023-01-30,INFY.NS,1402.104482387963,1416.0447747672706,1394.0337160921315,1411.2757568359375,6964719,53.417296972050444,3.0496721332613106,-1.7712550226038941,4.8209271558652045,1398.763188835999,1418.6172412109374,1443.371348011647,1330.9802877305408,1387.1758178710938,0.01293490239398154,0.12154097735007752,0.0,1406.6441650390625,0
2023-01-31,INFY.NS,1420.53866769089,1420.53866769089,1387.6137712822178,1406.6441650390625,9448126,52.052548257845324,3.1859602163226555,-0.7798119748185842,3.9657721911412396,1399.5137579981956,1417.9853393554688,1444.2866689514035,1330.95916845094,1387.6229187011718,-0.0032818474875944137,0.3565695902447752,0.0,1422.55615234375,1
2023-02-01,INFY.NS,1414.3936968698845,1426.1788724013395,1401.4164349583425,1422.55615234375,6194199,56.193395491792224,4.52576371064697,0.2813031622745267,4.244460548372444,1401.7082717453911,1417.362607421875,1447.5211917977012,1330.343029393705,1388.932110595703,0.011312020267930212,-0.3443991962003894,0.0,1452.50048828125,1
2023-02-02,INFY.NS,1423.3816939621152,1455.4352511160564,1423.3816939621152,1452.50048828125,6916834,62.71855792074622,7.912613603372165,1.8075652504940543,6.105048352878111,1406.5456257011874,1417.37361328125,1457.1159867925066,1328.9060835199934,1393.01103515625,0.021049668857123782,0.1166631876050479,0.0,1466.853515625,1
2023-02-03,INFY.NS,1465.1109512577386,1471.668434244157,1442.6413310350065,1466.853515625,7040194,65.38042847846407,11.6209270840302,3.7702376172012833,7.850689466828916,1412.28923426536,1416.8159985351563,1467.620849758702,1329.7919432100482,1398.706396484375,0.009881598980206796,0.017834749250885684,0.0,1439.75244140625,0
2023-02-06,INFY.NS,1465.569600374364,1465.569600374364,1432.186140277909,1439.75244140625,4570612,57.09158386787221,12.231959621693477,5.462582018099722,6.769377603593755,1414.9047778025874,1415.6090600585937,1467.3214881565334,1341.2206505153415,1404.2710693359375,-0.01847565140627061,-0.35078323125754773,0.0,1432.919921875,0
2023-02-07,INFY.NS,1438.972940534242,1445.4387337102248,1426.2248468410608,1432.919921875,4336238,55.19181836192251,12.02624897353303,6.775315409186383,5.250933564346646,1416.6205058094838,1414.490166015625,1468.8482148353785,1346.8429472739965,1407.8455810546875,-0.004745621076757134,-0.05127847211708192,0.0,1458.691162109375,1
2023-02-08,INFY.NS,1435.7629765999538,1470.1552548640857,1435.7629765999538,1458.691162109375,7983338,60.52719428070322,13.783853823744494,8.177023092098006,5.606830731646488,1420.627234980902,1413.7830615234375,1471.6767473275754,1355.0887311880497,1413.3827392578125,0.01798512243493189,0.8410746827088365,0.0,1482.9949951171875,1
2023-02-09,INFY.NS,1463.9187005529932,1485.5170954490195,1454.6099470732718,1482.9949951171875,6904911,64.78564458826324,16.94258101101468,9.930134675881341,7.01244633513334,1426.567021660548,1413.4538110351561,1478.1005206107916,1362.0320965767082,1420.06630859375,0.01666139731227778,-0.1350847227062164,0.0,1475.245361328125,0
2023-02-10,INFY.NS,1479.2806324268656,1482.3530988577234,1464.1480299444947,1475.245361328125,4786762,62.471314394011664,18.60608501774277,11.665324744253628,6.940760273489143,1431.203054009841,1412.5632836914062,1481.3073979330347,1370.559875016184,1425.9336364746093,-0.005225664155697363,-0.3067597830008236,0.0,1437.55126953125,0
2023-02-13,INFY.NS,1464.652428439592,1464.652428439592,1436.2214796095184,1437.55126953125,4001199,52.62420290708038,16.690428868075514,12.670345569018007,4.020083299057507,1431.807645964261,1411.2710498046874,1480.0372021255175,1377.6813403549513,1428.8592712402344,-0.025551066137866063,-0.16411156435185204,0.0,1461.21337890625,1
2023-02-14,INFY.NS,1453.3718940558135,1463.7354795131805,1447.3647761462753,1461.21337890625,5043736,57.18640733004566,16.886930024397998,13.513662460094007,3.3732675643039904,1434.608191958736,1410.418125,1483.0790955770708,1380.8529967080854,1431.966046142578,0.016460010767278987,0.26055614829454865,0.0,1464.6983642578125,1
2023-02-15,INFY.NS,1452.7298068628425,1466.48671791268,1445.3927876362625,1464.6983642578125,3465747,57.830500714292796,17.12644480426934,14.236218928929075,2.890225875340265,1437.4739226538861,1410.1273950195311,1486.7450750807536,1382.4650933762775,1434.6050842285156,0.002384994143819874,-0.31286114102720686,0.0,1469.0548095703125,1
2023-02-16,INFY.NS,1467.4039353614166,1480.656382371035,1465.4320889324677,1469.0548095703125,4290289,58.66759397497334,17.466448376911785,14.882264818525618,2.584183558386167,1440.4816261697363,1410.05953125,1490.7589625312903,1383.6238133476159,1437.191387939453,0.002974295198798549,0.23791176909335854,0.0,1452.54638671875,0
2023-02-17,INFY.NS,1461.901041196995,1462.8181685754123,1444.934184696277,1452.54638671875,2857734,54.271141725512194,16.216873872995166,15.149186629419528,1.0676872435756373,1441.630650983928,1409.3927807617188,1491.8460305601513,1386.6546530335988,1439.250341796875,-0.011237445154541947,-0.33390641050055136,0.0,1460.4794921875,1
2023-02-20,INFY.NS,1453.6010366458702,1470.1552310976708,1451.3541192838827,1460.4794921875,2417716,55.97837353617369,15.68589515235658,15.256528334006939,0.4293668183496404,1443.4257787176016,1409.8174096679688,1492.2858010223176,1392.3504538604948,1442.3181274414062,0.0054615160942781404,-0.1539744426878079,0.0,1448.602783203125,0
2023-02-21,INFY.NS,1466.2115851689005,1468.9171782738615,1445.3928371814657,1448.602783203125,2723288,52.80021610543123,14.143699766751297,15.033962620555812,-0.890262853804515,1443.918826763842,1410.4098779296876,1492.6924075642157,1394.8327999553155,1443.7626037597656,-0.008132061455095263,0.12638870735851526,0.0,1432.36962890625,0
2023-02-22,INFY.NS,1433.47013701294,1444.4756658959568,1426.4083007612826,1432.36962890625,3656244,48.72804859097539,11.479292785495318,14.323028653543712,-2.8437358680483946,1442.818903158357,1410.2200341796874,1492.5429287902268,1395.8902499207109,1444.2165893554688,-0.011206076976450707,0.3425844053218021,0.0,1422.189453125,0
2023-02-23,INFY.NS,1439.7524657040512,1439.7524657040512,1419.850845363736,1422.189453125,4766854,46.31562003221272,8.448882492440134,13.148199421322996,-4.699316928882862,1440.8541936313704,1409.693603515625,1492.1379615142555,1397.0014061615257,1444.5696838378906,-0.007107226777087972,0.30375707966973753,0.0,1422.1436767578125,0
2023-02-24,INFY.NS,1430.7187958678808,1438.9729427671186,1416.9618843691512,1422.1436767578125,2790986,46.30451884190865,5.974694176652974,11.713498372388992,-5.738804195736018,1439.0722396434126,1409.8797827148437,1488.7730581527398,1403.2552621597602,1446.01416015625,-3.21872497978104e-05,-0.41450147204004995,0.0,1384.220458984375,0
2023-02-27,INFY.NS,1412.3762259804244,1412.3762259804244,1377.5253840406476,1384.220458984375,4920268,38.147109737771196,0.9429259111134343,9.55938388013388,-8.616457969020447,1433.848260533028,1409.6431640625,1493.0694982456182,1396.2532922817256,1444.661395263672,-0.026666235200577204,0.7629138949460872,0.0,1364.27294921875,0
2023-02-28,INFY.NS,1389.9983063812856,1397.7021991611691,1358.5409027983055,1364.27294921875,9679811,34.685739788110766,-4.601342607705192,6.727238582566066,-11.328581190271258,1427.2220404078587,1409.2799853515626,1500.2384991947397,1384.847169750573,1442.5428344726563,-0.014410645093528518,0.9673340964353974,0.0,1372.0687255859375,1
2023-03-01,INFY.NS,1368.721187614141,1376.4708706843962,1358.7244748581918,1372.0687255859375,5125043,37.088294084464195,-8.27082048224338,3.7276267696041767,-11.998447251847557,1421.9693437581518,1409.0736352539063,1504.9547891571688,1375.0821371123625,1440.0184631347656,0.005714235096174747,-0.47054307155377306,0.0,1350.1490478515625,0
2023-03-02,INFY.NS,1361.9341118834534,1365.2357479456998,1345.701002604229,1350.1490478515625,4644499,33.37125433081526,-12.800091451279286,0.42208312542748416,-13.22217457670677,1415.129315576572,1408.3876220703125,1510.3734717901402,1359.4283104364222,1434.9008911132812,-0.01597564125296591,-0.09376389622487069,0.0,1356.70654296875,1
2023-03-03,INFY.NS,1363.539096991639,1366.336380209989,1350.9285958423973,1356.70654296875,4615015,35.45531021395611,-15.67969056067659,-2.798271611793331,-12.88141894888326,1409.5652419948747,1407.6034765625,1510.5936905830667,1348.1933943778708,1429.3935424804688,0.004856867564082767,-0.006348155097029795,0.0,1382.5238037109375,1
2023-03-06,INFY.NS,1370.692948536,1394.4006719964857,1369.408947646476,1382.5238037109375,6561742,43.01286669996906,-15.697604213270324,-5.378138132088729,-10.319466081181595,1406.989866920214,1407.7933227539063,1510.0701618492078,1342.9940593421986,1426.5321105957032,0.019029362595756494,0.4218246311225424,0.0,1368.99609375,0
2023-03-08,INFY.NS,1367.0243593044893,1372.0226591031646,1358.3574377680816,1368.99609375,4137080,40.34704313720495,-16.61188260790368,-7.624887027251719,-8.98699558065196,1403.3714123325744,1407.6154028320314,1510.4660590350738,1336.2057793438323,1423.335919189453,-0.009784793523718527,-0.3695149855023254,0.0,1357.7154541015625,0
2023-03-09,INFY.NS,1371.105492034302,1374.177846498556,1352.3960702873087,1357.7154541015625,5104656,38.219807333999604,-18.03876847186075,-9.707663316173527,-8.331105155687222,1399.0232258343829,1406.9835034179687,1508.2921935397537,1328.282074038371,1418.2871337890624,-0.008240081691933243,0.23387896777437223,0.0,1349.598876953125,0
2023-03-10,INFY.NS,1339.0060106489143,1352.1209773156488,1336.850783639018,1349.598876953125,3699580,36.719684769524854,-19.598605220741092,-11.68585169708704,-7.912753523654052,1394.3161449885488,1406.2754809570313,1501.2229047118417,1322.0117510498771,1411.6173278808594,-0.005978113546485697,-0.2752538075043647,0.0,1316.1695556640625,0
2023-03-13,INFY.NS,1342.8579415523982,1355.7895279106722,1309.6579732857313,1316.1695556640625,8798403,31.274977045595392,-23.26408009582019,-14.001497376833669,-9.262582718986522,1386.873612671931,1404.7631372070311,1497.4103156537205,1309.9167595415918,1403.6635375976562,-0.02476982002573469,1.3782167164921422,0.0,1302.32080078125,0
2023-03-14,INFY.NS,1321.580474595621,1328.3213380398463,1294.0666548608056,1302.32080078125,7402784,29.33444275049655,-26.975517152749717,-16.59630133201688,-10.379215820732838,1378.8209639204374,1403.145322265625,1499.029287623599,1294.7747406967137,1396.9020141601563,-0.01052201429763755,-0.15862185444335752,0.0,1301.999755859375,0
2023-03-15,INFY.NS,1318.8290189326997,1323.2770638171569,1299.4317547126714,1301.999755859375,7556182,29.289072653902977,-29.601535328980844,-19.197348131409672,-10.404187197571172,1371.5046583908124,1401.2312744140625,1494.537675778082,1283.344990237543,1388.9413330078125,-0.0002465175413634002,0.02072166363357364,0.0,1287.7386474609375,0
2023-03-16,INFY.NS,1300.303360867223,1300.303360867223,1282.786136773571,1287.7386474609375,7323117,27.271310253731073,-32.4592558198749,-21.849729669102718,-10.60952615077218,1363.5269430641576,1399.0586010742188,1488.4354504722023,1271.751243863735,1380.0933471679687,-0.010953234310727367,-0.030844280881535124,0.0,1302.962890625,1
2023-03-17,INFY.NS,1311.4922204768466,1323.3231866747517,1294.4336727271848,1302.962890625,9090018,32.60877328317065,-33.113835031050485,-24.102550741492273,-9.011284289558212,1357.7589380699524,1397.6994189453126,1476.9987279327454,1266.5787745086607,1371.788751220703,0.01182246350537075,0.24127717746418642,0.0,1287.325927734375,0
2023-03-20,INFY.NS,1302.0457556788049,1302.0457556788049,1270.0838874264853,1287.325927734375,8221829,30.160452359093185,-34.49670940109786,-26.181382473413393,-8.315326927684467,1351.051032323707,1396.38701171875,1468.019813000845,1259.0356435421238,1363.5277282714844,-0.012001080769939887,-0.09551015190508971,0.0,1275.4488525390625,0
2023-03-21,INFY.NS,1283.0610536791644,1288.5638173118127,1274.806908230192,1275.4488525390625,8536755,28.41532058086449,-36.1344920780989,-28.172004394350495,-7.962487683748407,1343.8508247251693,1395.3268090820313,1455.508015198795,1253.04437737933,1354.2761962890625,-0.009226160166148079,0.0383036426566401,0.0,1274.1192626953125,0
2023-03-22,INFY.NS,1286.7297646654838,1290.6275561835369,1267.60768043243,1274.1192626953125,8356487,28.218479000333176,-37.11193020769406,-29.95998955701921,-7.151940650674849,1337.2097235794688,1393.5806005859374,1442.757791549868,1248.3462489774759,1345.552020263672,-0.0010424485788694815,-0.021116688952652396,0.0,1260.637451171875,0
2023-03-23,INFY.NS,1269.258358749589,1269.258358749589,1256.4644769231124,1260.637451171875,7607718,26.234010468272672,-38.53027347682291,-31.674046340979952,-6.8562271358429605,1329.917126207317,1391.8343896484375,1432.2999798050753,1241.630842948831,1336.9654113769532,-0.010581279098565433,-0.08960332254450942,0.0,1266.23193359375,1
2023-03-24,INFY.NS,1272.972797414035,1283.015297395886,1263.3429599696206,1266.23193359375,7559127,28.48163888794572,-38.75613614716667,-33.0904643022173,-5.665671844949372,1323.8518697679297,1390.1725561523438,1420.7834181712274,1237.5516526295537,1329.1675354003905,0.004437820260436043,-0.0063870663975714725,0.0,1273.843994140625,1
2023-03-27,INFY.NS,1271.3677950652989,1280.0805049322928,1260.2246753182865,1273.843994140625,4170193,31.53827125370603,-37.88419880939841,-34.04921120365353,-3.8349876057448853,1319.0892149462816,1388.4914599609374,1405.757124290274,1237.7479782487885,1321.7525512695313,0.006011584722295682,-0.44832346380739474,0.0,1263.4346923828125,0
2023-03-28,INFY.NS,1276.7330397726337,1282.144113859987,1261.8297194219722,1263.4346923828125,6633366,29.67077964206736,-37.59969990938362,-34.75930894479955,-2.840390964584067,1313.7887842259513,1386.1793823242188,1398.2397611593233,1233.1867647195832,1315.7132629394532,-0.008171567166539107,0.590661631248242,0.0,1268.8916015625,1
2023-03-29,INFY.NS,1264.7186272999518,1274.715337897841,1251.466181751986,1268.8916015625,8813966,31.945801175971866,-36.51300630775154,-35.11004841738995,-1.4029578903615914,1309.5128620675275,1383.5756567382812,1392.715167558555,1229.173223554726,1310.9441955566406,0.0043191066483980745,0.328732049460259,0.0,1309.612060546875,1
2023-03-31,INFY.NS,1287.6469035198686,1311.4463153951938,1278.3839389266643,1309.612060546875,8711975,45.986857366078226,-31.99714984837169,-34.487468703586295,2.4903188552146034,1309.522309541751,1381.5295458984374,1384.6367044866777,1231.0060201226972,1307.8213623046875,0.03209136141671376,-0.011571521832509868,0.0,1293.9290771484375,0
2023-04-03,INFY.NS,1316.0777246615953,1316.0777246615953,1288.7014961247696,1293.9290771484375,5242764,42.36176097664968,-29.345509989207585,-33.459076960710554,4.113566971502969,1308.0372397900069,1379.061552734375,1379.503735743816,1230.5169917952467,1305.0103637695313,-0.011975289378358789,-0.39821177172799505,0.0,1305.576904296875,1
2023-04-05,INFY.NS,1283.9785067762718,1309.1995131593774,1283.9785067762718,1305.576904296875,7506334,45.78032453209449,-26.004421210337796,-31.968145810636003,5.963724600298207,1307.8029221239942,1376.9457446289061,1373.0845074417343,1231.8232562301405,1302.4538818359374,0.009001905401265775,0.4317512670797312,0.0,1304.0634765625,0
2023-04-06,INFY.NS,1298.6524024946332,1310.024804681296,1293.4706102774894,1304.0634765625,6948465,45.403513274997835,-23.21114165914696,-30.2167449803382,7.005603321191238,1307.4467844514709,1375.0445385742187,1358.908052605169,1238.1536783518623,1298.5308654785156,-0.0011592022878116337,-0.07431976781209038,0.0,1309.291015625,1
2023-04-10,INFY.NS,1305.9434783219242,1315.160653204444,1297.7352331131715,1309.291015625,4993788,47.02544511571601,-20.34114867634321,-28.2416257195392,7.900477043195991,1307.6224255156164,1372.83609375,1346.9250262142436,1244.1661969302877,1295.5456115722657,0.004008653839673304,-0.2813106204032113,0.0,1289.618896484375,0
2023-04-11,INFY.NS,1310.4835477560237,1314.5647204758934,1273.8901369810926,1289.618896484375,6942255,41.9722227001102,-19.430056570819488,-26.47931188979526,7.049255318975771,1305.9078037031172,1370.1626733398436,1334.8898206826918,1249.3917467001208,1292.1407836914063,-0.015025016521047707,0.3901781573426826,0.0,1309.9329833984375,1
2023-04-12,INFY.NS,1295.9467919023184,1312.8677460127374,1283.9782357092786,1309.9329833984375,5831169,48.16632462023462,-16.87431586171374,-24.558312684178958,7.683996822465218,1306.2911541502906,1368.0587817382811,1325.0110729096773,1255.3039051176665,1290.157489013672,0.015752007798149226,-0.16004684356884036,0.0,1274.0733642578125,0
2023-04-13,INFY.NS,1292.9203774786415,1294.1126879036103,1268.3872190480308,1274.0733642578125,11267238,40.04100535512279,-17.540251410108567,-23.15470042936488,5.614449019256313,1303.2227932081498,1365.675166015625,1321.4213130479036,1254.6840458388153,1288.0526794433595,-0.027375155519477223,0.9322434318058694,0.0,1154.0213623046875,0
2023-04-17,INFY.NS,1146.6843436762329,1156.6351528002706,1087.071067320038,1154.0213623046875,53171705,24.898049211424862,-27.43890475727585,-24.011541294947076,-3.427363462328774,1289.0131331221057,1360.530078125,1347.313800773355,1213.9616142657073,1280.6377075195312,-0.09422691449409515,3.719142792581465,0.0,1154.984375,1
2023-04-18,INFY.NS,1164.7059031013866,1164.7059031013866,1149.2523287192262,1154.984375,12430884,25.14261046878363,-34.8047443469427,-26.170181905346205,-8.634562441596493,1276.248489491429,1355.4968823242189,1358.7038616375987,1187.8700153155262,1273.2869384765625,0.0008344842883925008,-0.7662124244464231,0.0,1130.0843505859375,0
2023-04-19,INFY.NS,1150.3987451220048,1150.3987451220048,1127.5164610086156,1130.0843505859375,11307230,23.05233375203362,-42.165392761086196,-29.369224076494206,-12.79616868459199,1262.3280953099534,1349.6474462890626,1370.7945829939397,1160.0138642716854,1265.4042236328125,-0.02155875434597332,-0.09039212335985114,0.0,1122.013671875,0
2023-04-20,INFY.NS,1128.7086346529145,1135.266117885482,1120.1794170940875,1122.013671875,8621249,22.40223441590493,-48.09558007376813,-33.114495275949,-14.981084797819136,1248.9648168875767,1343.0377099609375,1377.2275243460988,1135.4860010445261,1256.3567626953125,-0.007141660449286769,-0.23754544658594545,0.0,1125.6363525390625,1
2023-04-21,INFY.NS,1126.324198126057,1131.047426880891,1118.8954881773257,1125.6363525390625,8691352,23.44584451122141,-51.904651675188916,-36.87252655579698,-15.032125119391935,1237.219248854385,1336.2133666992188,1380.8394485141603,1115.7051193569337,1248.272283935547,0.0032287313023633413,0.008131420400918632,0.0,1124.6734619140625,0
2023-04-24,INFY.NS,1126.2325338323783,1128.0667887734735,1117.0612591269032,1124.6734619140625,8313774,23.35593247046178,-54.374272818180316,-40.37287580827365,-14.001397009906668,1226.5006024791162,1329.911787109375,1383.0512628583788,1098.4157659502148,1240.7335144042968,-0.0008554189128914258,-0.04344295340932003,0.0,1123.38916015625,0
2023-04-25,INFY.NS,1124.3520765699784,1133.1106863492626,1114.3095782390562,1123.38916015625,6808576,23.227983063490726,-55.79196276766379,-43.456693200151676,-12.335269567512114,1216.6804651150337,1323.721171875,1383.3907632883313,1083.0032552663563,1233.1970092773438,-0.0011419330154965879,-0.18104870303186016,0.0,1125.81982421875,1
2023-04-26,INFY.NS,1126.2324867816417,1130.8181239428047,1119.3999321931217,1125.81982421875,5680192,24.075726155878527,-56.072983540561836,-45.97995126823371,-10.093032272328124,1208.027070743959,1317.0637451171874,1383.0823780363935,1069.8298778229814,1226.4561279296875,0.002163688371500605,-0.1657298089938336,0.0,1142.9700927734375,1
2023-04-27,INFY.NS,1128.0667716038745,1144.3916851127638,1123.848007694374,1142.9700927734375,8020704,29.953069806047736,-54.286035560087385,-47.64116812660445,-6.644867433482936,1201.8311680800998,1310.2632470703124,1379.8468139023605,1060.7392578749834,1220.293035888672,0.015233581951347164,0.41204804344641865,0.0,1148.931396484375,1
2023-04-28,INFY.NS,1151.6368776414,1154.6634429645403,1141.7777576955154,1148.931396484375,10118277,31.92566889110489,-51.79181521599321,-48.471297544482205,-3.3205176715110056,1196.7930945947928,1303.7369677734375,1374.5040425082564,1053.5907695034623,1214.0474060058593,0.005215625280686309,0.2615198117272499,0.0,1171.5841064453125,1
2023-05-02,INFY.NS,1150.581982956658,1173.6935438041753,1150.581982956658,1171.5841064453125,8886401,38.960073165247024,-47.44038007526365,-48.2651140506385,0.8247339753748548,1194.3922385805565,1298.4176245117187,1369.2509105992835,1049.6588428186851,1209.4548767089843,0.019716329478202788,-0.12174760584237809,0.0,1163.9722900390625,0
2023-05-03,INFY.NS,1161.0833162689144,1167.044644512001,1157.506496932256,1163.9722900390625,5549783,37.55573084728052,-44.09771533273738,-47.43163430705828,3.333918974320902,1191.4951006242238,1292.472802734375,1362.7392871291465,1045.6785351364786,1204.2089111328125,-0.006497029418865097,-0.3754746156514882,0.0,1168.0076904296875,1
2023-05-04,INFY.NS,1163.788814662558,1170.0712271598577,1157.87338748435,1168.0076904296875,4505401,38.81489382931415,-40.65436810634674,-46.07618106691598,5.421812960569241,1189.2582044152202,1286.5389892578125,1348.692220667095,1045.5651645868113,1197.1286926269531,0.0034669213564264556,-0.1881842947733272,0.0,1154.7550048828125,0
2023-05-05,INFY.NS,1173.0058612365624,1173.0058612365624,1150.3069596997327,1154.7550048828125,5373791,36.231016873255015,-38.55048558677299,-44.571041970887386,6.020556384114393,1185.9721854121337,1280.2529931640624,1335.987861038918,1044.352116988426,1190.169989013672,-0.01134640264397535,0.19274421965991495,0.0,1160.71630859375,1
2023-05-08,INFY.NS,1157.827335157907,1165.026874150822,1151.1781621177383,1160.71630859375,5260842,38.22316274099936,-35.98727721316595,-42.8542890193431,6.867011806177146,1183.566863810383,1274.4163916015625,1319.1721738935282,1046.6817445635031,1182.9269592285157,0.005162396946305048,-0.021018495136859605,0.0,1165.3936767578125,1
2023-05-09,INFY.NS,1161.0832230022093,1166.5859870922673,1156.2224032743827,1165.3936767578125,4969897,39.81195412803526,-33.19583071690272,-40.92259735885502,7.7267666419523025,1181.8360840910905,1268.5146752929688,1300.480968280614,1051.5059701959485,1175.9934692382812,0.004029725549156149,-0.0553038848153965,0.0,1158.5611572265625,0
2023-05-10,INFY.NS,1170.621404606506,1170.621404606506,1154.800957377408,1158.5611572265625,6515734,38.263871539164825,-31.175544214153433,-38.9731867299147,7.797642515761268,1179.6194243897069,1262.7138427734376,1276.9791972759017,1059.9347553608172,1168.4569763183595,-0.005862842460462314,0.31104004771125027,0.0,1152.0035400390625,0
2023-05-11,INFY.NS,1164.980913284401,1170.162704744329,1149.2063690414109,1152.0035400390625,6888461,36.785422885368185,-29.76053656782119,-37.130656697496,7.37012012967481,1176.989340165836,1257.1065209960936,1254.881050340867,1068.2713666513207,1161.5762084960938,-0.005660138997925723,0.05720414614838476,0.0,1142.0069580078125,0
2023-05-12,INFY.NS,1149.481568475018,1151.9119783998672,1136.3667142373067,1142.0069580078125,8292212,34.59123619555686,-29.110209068853237,-35.52656717176745,6.416358102914209,1173.6576847222145,1251.50287109375,1217.1990183785688,1089.1607960745564,1153.1799072265626,-0.00867756190307456,0.203782964003135,0.0,1154.067138671875,1
2023-05-15,INFY.NS,1146.317457613311,1163.742876662217,1142.4196665102663,1154.067138671875,5534710,39.295640787601485,-27.306887253795367,-33.882631188173036,6.57574393437767,1171.7919184317059,1246.1413403320312,1179.29724679899,1115.0619450955412,1147.1795959472656,0.010560514171560786,-0.3325411844270262,0.0,1159.524169921875,1
2023-05-16,INFY.NS,1160.1661142944206,1168.3743594123644,1158.1025777274938,1159.524169921875,5236469,41.351132201769076,-25.14751995135657,-32.135608940809746,6.988088989453175,1170.6235614307695,1241.6474145507811,1179.8947800281812,1115.0146926280686,1147.454736328125,0.004728521476038194,-0.05388556943362888,0.0,1143.566162109375,0
2023-05-17,INFY.NS,1156.1307625392042,1156.4517347340925,1139.48487806171,1143.566162109375,10465667,37.36652583193856,-24.442130010541177,-30.596913154756034,6.154783144214857,1168.0466662573035,1237.2332788085937,1179.1752764034138,1114.5923749637739,1146.8838256835938,-0.013762548661297114,0.998611468911589,0.0,1142.74072265625,0
2023-05-18,INFY.NS,1154.2965053260136,1155.2595338626716,1139.4848756551935,1142.74072265625,6948732,37.16702393022138,-23.67677830376374,-29.21288618455758,5.536107880793839,1165.6365763905367,1232.64671875,1178.9510925863624,1116.0821959878563,1147.5166442871093,-0.0007218117153819925,-0.3360449935966814,0.0,1163.742919921875,1
2023-05-19,INFY.NS,1151.9578558336234,1167.7783026634847,1148.9771919381424,1163.742919921875,11094136,45.18601756986553,-21.13193398462886,-27.59669574457184,6.464761759942981,1165.456228155426,1228.9185961914063,1179.4910527928132,1119.7151605860931,1149.6031066894532,0.018378794812533128,0.596569849002667,0.0,1185.6624755859375,1
2023-05-22,INFY.NS,1167.457405166064,1188.2303654109237,1164.9812057001773,1185.6624755859375,7625947,52.06240277067227,-17.148721784360077,-25.50710095252949,8.358379168169414,1167.3806326726176,1225.49771484375,1184.2656276627486,1120.943198020845,1152.6044128417968,0.01883539335778206,-0.3126146100967213,0.0,1192.3115234375,1
2023-05-23,INFY.NS,1191.5318755827825,1205.2429974114864,1189.560141232225,1192.3115234375,7436031,53.94958895030325,-13.302136080499622,-23.06610797812352,9.763971897623897,1169.755003221654,1221.6934692382813,1189.392704119903,1122.5799277160345,1155.9863159179688,0.0056078757559367975,-0.02490392340780756,0.0,1191.027587890625,0
2023-05-24,INFY.NS,1188.8723607693044,1196.8513248198226,1184.2867235094584,1191.027587890625,4824077,53.51150824571017,-10.239260246963568,-20.500738431891527,10.26147818492796,1171.780963666318,1218.1340991210936,1192.5842039348508,1126.152270674524,1159.3682373046875,-0.0010768457082200866,-0.3512564700174058,0.0,1196.255126953125,1
2023-05-25,INFY.NS,1187.2214442639772,1198.6855370050357,1182.4065253127328,1196.255126953125,4334121,55.10980075895694,-7.305872814028362,-17.861765308318898,10.555892494290536,1174.1118363602995,1214.904892578125,1196.0670794967095,1129.712925386103,1162.8900024414063,0.004389099896298987,-0.10156471383023113,0.0,1208.26953125,1
2023-05-26,INFY.NS,1197.768466581114,1213.7722960275548,1197.768466581114,1208.26953125,5521606,58.63013986650897,-3.96596296894063,-15.082604840443244,11.116641871502614,1177.3649501593186,1212.0783056640626,1203.44542947136,1128.8645192591089,1166.1549743652345,0.010043346127573738,0.2739851979213317,0.0,1205.4722900390625,0
2023-05-29,INFY.NS,1222.255654468869,1222.255654468869,1201.2993155421436,1205.4722900390625,4419365,57.49953804238904,-1.527170076152288,-12.371517887585053,10.844347811432765,1180.0418396716752,1209.8643603515625,1209.087495613355,1128.8765424725823,1168.9820190429687,-0.002315080483775489,-0.19962326178289436,0.0,1214.1390380859375,1
2023-05-30,INFY.NS,1206.0224833077132,1216.4777576450638,1200.6573106206852,1214.1390380859375,6274719,60.06882036293286,1.0923332604115785,-9.678747657985728,10.771080918397306,1183.289191901605,1208.1007250976563,1215.7955254469828,1126.424005803017,1171.109765625,0.007189504162384397,0.4198236624492433,0.0,1209.049072265625,0
2023-05-31,INFY.NS,1210.4705525350664,1220.7882355808035,1205.24297124017,1209.049072265625,17800782,57.85666830002693,2.726165287604317,-7.197765068867719,9.923930356472036,1185.7425138410354,1206.2417114257812,1220.8418887621353,1125.885320710521,1173.3636047363282,-0.004192242948004354,1.836905047062665,0.0,1210.1495361328125,1
2023-06-01,INFY.NS,1212.9468193268542,1219.3208096161989,1208.865535454334,1210.1495361328125,4277841,58.21495636251672,4.062951995891581,-4.9456216559158594,9.00857365180744,1188.066992154538,1204.6899291992188,1225.4840141337484,1125.4573799092202,1175.4706970214843,0.000910189579919507,-0.7596824117052835,0.0,1207.3612060546875,0
2023-06-02,INFY.NS,1216.655749596294,1220.2806442692772,1204.619361093427,1207.3612060546875,10909311,56.895085902319636,4.84155967283732,-2.9881853901652233,7.829745063002544,1189.9045363355046,1202.7778955078124,1229.0051395024761,1127.19687465768,1178.101007080078,-0.0023041202718099285,1.550190855620861,0.0,1212.4732666015625,1
2023-06-05,INFY.NS,1212.008539400872,1217.0740205048828,1205.7812402951347,1212.4732666015625,5002553,58.741978413603775,5.804205165091389,-1.2297072791139008,7.03391244420529,1192.0539392179865,1201.2808422851563,1233.0366129772076,1128.3410969837298,1180.6888549804687,0.004234077193501884,-0.5414418930764738,0.0,1188.772216796875,0
2023-06-06,INFY.NS,1197.6949566393228,1197.6949566393228,1183.195490212996,1188.772216796875,10008100,48.38993366794483,4.601587772436915,-0.06344826880373766,4.665036041240652,1191.7413942254996,1199.5473095703126,1233.8299077636516,1129.885656201192,1181.8577819824218,-0.0195476885615129,1.000598494408755,0.0,1198.0201416015625,1
2023-06-07,INFY.NS,1199.4608412306454,1202.7139314625765,1192.0252064148026,1198.0201416015625,5397578,51.94827758747607,4.344652617056454,0.8181719083683007,3.5264807086881533,1192.339370166077,1198.0253271484376,1235.1067448179647,1132.554717584379,1183.8307312011718,0.007779391774149769,-0.4606790499695247,0.0,1192.3043212890625,0
2023-06-08,INFY.NS,1195.4643759367975,1200.8552576161196,1190.7241805063895,1192.3043212890625,5034942,49.66889632131881,3.637875560224984,1.3821126387396374,2.2557629214853465,1192.33603217779,1196.6586645507812,1235.0875652053426,1136.6039753220014,1185.845770263672,-0.00477105527195798,-0.06718494850838652,0.0,1176.6427001953125,0
2023-06-09,INFY.NS,1192.0252152176977,1192.0252152176977,1174.83030957908,1176.6427001953125,5339073,43.975174764884805,1.7933154932891284,1.4643532096495355,0.3289622836395929,1190.8414291318397,1194.8668798828126,1232.802871417777,1142.3522433283167,1187.5775573730468,-0.01313559031373579,0.06040407218196364,0.0,1200.8084716796875,1
2023-06-12,INFY.NS,1183.6600847401096,1204.293925403893,1183.1953575768823,1200.8084716796875,4785588,52.93948755622007,2.255464556485549,1.6225754790167384,0.6328890774688107,1191.790671279254,1193.4061694335937,1232.7387211499774,1147.0905268968975,1189.9146240234375,0.020537901166058026,-0.10366687250764317,0.0,1212.7984619140625,1
2023-06-13,INFY.NS,1208.1977083560882,1214.3320842529808,1205.548786202746,1212.7984619140625,4846587,56.64602398492318,3.5483103135097736,2.0077224459153458,1.5405878675944278,1193.791413244474,1192.3934448242187,1234.1179565805062,1151.0387206655876,1192.5783386230469,0.00998493141675083,0.012746396054152509,0.0,1208.66259765625,0
2023-06-14,INFY.NS,1214.19280628768,1214.5180926556236,1201.970457495657,1208.66259765625,3457981,55.03579011613016,4.190860577637977,2.4443500722598723,1.746510505378105,1195.207716521786,1191.1888647460937,1231.2516074195717,1160.4147133812096,1195.8331604003906,-0.0034101826376702338,-0.2865121373040451,0.0,1196.02197265625,0
2023-06-15,INFY.NS,1202.6674808789603,1202.6674808789603,1192.1647141872293,1196.02197265625,6161155,50.32701795142428,3.638155108477349,2.6831110795033677,0.9550440289739814,1195.2852647250684,1188.9170629882813,1224.2328638313136,1172.7615819694677,1198.4972229003906,-0.010458357050604383,0.7817203159878554,0.0,1200.5296630859375,1
2023-06-16,INFY.NS,1196.2076779215056,1209.6847652018955,1190.6774702485802,1200.5296630859375,8536287,51.90721983063797,3.5232511414637884,2.851139091895452,0.6721120495683364,1195.7847312356273,1187.0490747070312,1220.5366693879084,1180.136450729279,1200.3365600585937,0.0037689026897025357,0.38550109516803266,0.0,1202.7139892578125,1
2023-06-19,INFY.NS,1202.7139892578125,1207.8259884393565,1196.2543265846496,1202.7139892578125,4451787,52.69258146369236,3.567323897355209,2.9943760529874037,0.5729478443678051,1196.4446605710734,1184.99181640625,1220.2469834335866,1182.1312880507885,1201.1891357421875,0.0018194687220474126,-0.47848672379454904,0.0,1211.450927734375,1
2023-06-20,INFY.NS,1202.7140333935445,1212.93803213182,1200.018592852604,1211.450927734375,4009180,55.8015966926823,4.25816432363581,3.247133707117085,1.0110306165187253,1197.8738288723403,1183.1395654296875,1221.2468092318295,1183.045402682233,1202.1461059570313,0.007264352584735567,-0.09942232186760058,0.0,1207.6866455078125,0
2023-06-21,INFY.NS,1208.244295499256,1211.822785983513,1203.6435412463509,1207.6866455078125,4041529,54.15038509004571,4.450610356652533,3.487829037024175,0.9627813196283577,1198.8083828376234,1181.1074780273439,1221.5121872971956,1184.4459303785854,1202.9790588378905,-0.00310725109897958,0.008068732259464584,0.0,1191.1422119140625,0
2023-06-22,INFY.NS,1198.4384055285493,1198.4384055285493,1183.6600593630037,1191.1422119140625,6676607,47.49788637062812,3.230884080378928,3.4364400456951256,-0.20555596531619758,1198.0782713210938,1179.1379443359374,1221.754844154267,1183.6919820176079,1202.7234130859374,-0.013699276757998202,0.6520002701947702,0.0,1175.7598876953125,0
2023-06-23,INFY.NS,1186.402095840736,1189.0975364568558,1174.2262651500378,1175.7598876953125,7239467,42.2951847729349,1.01135889399211,2.9514238153545227,-1.9400649213624126,1195.9527109757812,1176.454482421875,1223.253766578028,1178.9420952383782,1201.0979309082031,-0.012913927543573456,0.08430329956518334,0.0,1180.7322998046875,1
2023-06-26,INFY.NS,1180.6393770623115,1184.1248308422637,1173.203742331748,1180.7322998046875,3403244,44.41473706478629,-0.3424511423893364,2.292648823805751,-2.6350999661950874,1194.5031480071057,1174.5876611328124,1223.607197746125,1176.1146650468438,1199.8609313964844,0.004229105076140716,-0.5299040661418859,0.0,1188.91162109375,1
2023-06-27,INFY.NS,1189.701634643748,1191.560543447879,1184.3107537282526,1188.91162109375,3240024,47.810593156696285,-0.7467444738467748,1.684770164275246,-2.431514638122021,1193.9706216344052,1175.2854663085936,1221.8530667977855,1175.3460542959644,1198.599560546875,0.006927329158705531,-0.04796012275346695,0.0,1202.1097412109375,1
2023-06-28,INFY.NS,1198.996091881142,1205.2233905407331,1191.0028072936905,1202.1097412109375,5662358,52.819382074662194,-0.002147109100860689,1.3473867096000247,-1.3495338187008854,1194.745775879789,1176.2279736328126,1221.0751666894587,1175.4300212988226,1198.2525939941406,0.011101010271096223,0.7476284126290422,0.0,1241.286376953125,1
2023-06-30,INFY.NS,1215.9122259231683,1244.446544670447,1212.4267718508554,1241.286376953125,12821692,63.89596602808956,3.7064530747247773,1.8191999826249754,1.8872530920998019,1199.1782140772498,1178.4520141601563,1229.0198561720251,1170.5990158982875,1199.8094360351563,0.03258989957333114,1.2643732522740527,0.0,1239.61328125,0
2023-07-03,INFY.NS,1236.174345371954,1251.0456156922185,1234.7336456761632,1239.61328125,7732412,63.213423278822255,6.436346403971811,2.7426292668943426,3.6937171370774684,1203.029172855607,1180.8040063476562,1235.3087636513262,1167.5353159385174,1201.4220397949218,-0.0013478724444166978,-0.3969273322116925,0.0,1250.255615234375,1
2023-07-04,INFY.NS,1249.4656016820998,1251.0456287866502,1237.4756171691324,1250.255615234375,5797775,65.72170553429487,9.350764157503363,4.064256245016146,5.286507912487217,1207.5269292726325,1183.2963916015624,1243.1427111793255,1163.4796032737995,1203.3111572265625,0.008585204874252073,-0.2501983857042278,0.0,1252.2540283203125,1
2023-07-05,INFY.NS,1262.059704711734,1262.152627465157,1246.3984198903297,1252.2540283203125,5414936,66.18792660534322,11.6869960435356,5.588804204720038,6.098191838815563,1211.786652991459,1185.8480029296875,1251.016787802662,1161.9537078028068,1206.4852478027344,0.0015984036076996944,-0.06603205540056312,0.0,1249.09375,0
2023-07-06,INFY.NS,1247.8390092927943,1252.3932449368162,1242.819933005186,1249.09375,5963897,64.68951429206825,13.132090036458521,7.097461371067735,6.034628665390787,1215.3397098494152,1188.3620947265624,1257.0570311351644,1161.0208253101482,1209.0389282226563,-0.002523671913877923,0.10137903753617761,0.0,1236.3602294921875,0
2023-07-07,INFY.NS,1239.8922016871068,1250.8598092744526,1231.8523982272873,1236.3602294921875,6295647,58.90323312006879,13.0988533233226,8.297739761518708,4.801113561803893,1217.3416641011077,1190.5729028320313,1260.0229727312917,1162.4604745343331,1211.2417236328124,-0.010194207206474681,0.05562637986537999,0.0,1235.38427734375,0
2023-07-10,INFY.NS,1242.26226225529,1247.2348203575657,1226.229174648363,1235.38427734375,3940315,58.47154023309043,12.845684749072007,9.207328759029368,3.6383559900426388,1219.0600082194546,1192.4211865234374,1261.3196407318308,1167.037964248638,1214.1788024902344,-0.0007893752364053208,-0.3741207218257313,0.0,1253.462158203125,1
2023-07-11,INFY.NS,1239.38090160913,1255.5999486675075,1233.3859662223854,1253.462158203125,6126128,63.76849019406036,13.943053886243888,10.154473784472273,3.7885801017716147,1222.3364034559947,1194.5118017578125,1266.4845960516016,1167.1383775812108,1216.8114868164062,0.014633406941397142,0.5547305228135313,0.0,1239.24169921875,0
2023-07-12,INFY.NS,1255.6929980734994,1256.5295297943237,1233.386090631779,1239.24169921875,8102770,57.55011374205947,13.509525241271831,10.825484075832184,2.6840411654396465,1223.9464316238762,1195.8649536132812,1268.7086162546366,1167.5586811086446,1218.1336486816406,-0.011344944792557987,0.32265763954001625,0.0,1268.7982177734375,1
2023-07-13,INFY.NS,1240.728739413603,1279.67290266319,1236.9644035943056,1268.7982177734375,9977644,65.15561763661991,15.373696298818231,11.735126520429395,3.6385697783888364,1228.2180303047867,1197.9614721679689,1276.0686006718608,1166.2122587031392,1221.1404296875,0.02385048741768503,0.23138679735448497,0.0,1325.35546875,1
2023-07-14,INFY.NS,1283.251252109647,1329.1198044888868,1283.251252109647,1325.35546875,12833381,74.55143329304794,21.170719897034132,13.622245195750342,7.548474701283791,1237.4692149186167,1201.108427734375,1297.5770975763826,1157.6371114079925,1227.6071044921875,0.04457544957448989,0.2862135590325732,0.0,1322.5670166015625,0
2023-07-17,INFY.NS,1325.3553796402884,1356.027373066275,1314.5273272735951,1322.5670166015625,11569884,73.49912385327245,25.248845110039838,15.947565178608242,9.301279931431596,1245.5737674598497,1204.46466796875,1313.7321450031766,1153.685799332761,1233.7089721679688,-0.0021039277493360986,-0.09845394600222657,0.0,1371.131103515625,1
2023-07-18,INFY.NS,1332.8376271158952,1373.6871031492155,1328.1903550548216,1371.131103515625,16743977,79.04643077258049,32.03027954516847,19.164108051920287,12.866171493248181,1257.5316089889711,1208.6729638671875,1340.6432563592678,1143.6163994024512,1242.1298278808595,0.03671956604426119,0.4472035328962676,0.0,1370.898681640625,0
2023-07-19,INFY.NS,1381.1691978425513,1393.0662591967148,1357.653956829551,1370.898681640625,13687062,78.96124199437978,36.959810995253065,22.723248640586846,14.23656235466622,1268.3284730510334,1212.7830639648437,1362.2570384113674,1137.9473927409763,1250.1022155761718,-0.0001695110514261522,-0.18256803625566376,0.0,1347.244140625,0
2023-07-20,INFY.NS,1367.2274100444115,1367.2274100444115,1339.0648965954,1347.244140625,8347221,70.61966803080794,38.51381315011008,25.881361542491497,12.632451607618584,1275.8442509152205,1216.5567236328125,1375.0268407932194,1139.133339870843,1257.0800903320312,-0.017254769686784188,-0.39013785427435044,0.0,1237.6614990234375,0
2023-07-21,INFY.NS,1227.065695806331,1254.7634832648805,1212.9380338227177,1237.6614990234375,45548305,46.24602791664792,30.550797124872133,26.815248658967626,3.7355484659045075,1272.2077983540985,1218.2698828125,1373.8422861845727,1144.9698231904274,1259.4060546875,-0.08133836941441508,4.456702895490607,0.0,1242.30859375,1
2023-07-24,INFY.NS,1246.398215358667,1254.6703813141746,1240.124398838405,1242.30859375,8859789,47.08016541260328,24.334518084712045,26.31910254411651,-1.9845844594044664,1269.36025505847,1220.2759155273438,1370.948517412866,1154.5184625676027,1262.7334899902344,0.003754738052552442,-0.8054858682447129,0.0,1240.449951171875,0
2023-07-25,INFY.NS,1242.680664660333,1248.1179507855234,1230.8301198028764,1240.449951171875,6801982,46.767578346038725,19.03862976399887,24.863007988092985,-5.824378224094115,1266.6068927835563,1222.0035717773437,1367.843328432411,1163.5954166847764,1265.7193725585937,-0.0014961198751065607,-0.23226365774625102,0.0,1253.6944580078125,1
2023-07-26,INFY.NS,1248.2571728357643,1254.7633531856156,1244.9111599190255,1253.6944580078125,5528885,49.34835924791242,15.729006926831062,23.0362077758406,-7.30720084900954,1265.3771370906284,1223.8869775390624,1365.0645380485237,1172.8524907600702,1268.958514404297,0.010677179537493808,-0.18716559379310327,0.0,1257.6912841796875,1
2023-07-27,INFY.NS,1262.7567654377913,1267.5899965472738,1252.0216348505492,1257.6912841796875,9191861,50.134034897858825,13.275584775503376,21.08408317577316,-7.808498400269784,1264.64515109911,1226.1694799804689,1363.045384765648,1180.4297983398208,1271.7375915527343,0.0031880384780724746,0.6625162216251559,0.0,1245.9334716796875,0
2023-07-28,INFY.NS,1258.341663718946,1267.6362065886192,1241.7509273883345,1245.9334716796875,6122735,47.78578427187934,10.264154061209638,18.920097352860456,-8.655943291650818,1262.8630863924984,1228.2333349609376,1362.9897923276296,1180.9501002504956,1271.9699462890626,-0.009348727026973758,-0.333896041291312,0.0,1260.061279296875,1
2023-07-31,INFY.NS,1253.6016166280715,1261.7343425932213,1239.1950734898064,1260.061279296875,7902180,50.769639378087525,8.914805202536172,16.9190389227956,-8.004233720259428,1262.5962476214868,1230.1597021484374,1362.9890332529828,1182.9956591298298,1272.9923461914063,0.011339134824061903,0.2906291061102595,0.0,1268.89111328125,1
2023-08-01,INFY.NS,1265.9169045571427,1272.4230854175687,1261.2696325139816,1268.89111328125,6064652,52.59308620660196,8.46040404759924,15.22731194775633,-6.76690790015709,1263.1957586367023,1231.8242749023439,1363.3439348910229,1184.5043072964772,1273.92412109375,0.007007463945961412,-0.23253431331607233,0.0,1261.1302490234375,0
2023-08-02,INFY.NS,1272.7020250125254,1275.1649885403967,1253.322808944047,1261.1302490234375,7419145,50.811668457504524,7.388876603106837,13.659624878826433,-6.270748275719596,1262.999043435439,1233.2006494140626,1363.4405613420806,1185.2953029157318,1274.3679321289062,-0.006116257081936305,0.22334224618329301,0.0,1268.0546875,1
2023-08-03,INFY.NS,1254.7634441524986,1270.145959906921,1253.8339897494227,1268.0546875,6503741,52.36208716873321,7.017533935573738,12.331206690175893,-5.313672754602155,1263.4805333463496,1234.74119140625,1363.6933101388229,1186.9386478689896,1275.3159790039062,0.005490660843258999,-0.12338402875263932,0.0,1281.113525390625,1
2023-08-04,INFY.NS,1272.3302261741662,1288.1309519095748,1265.9169677427412,1281.113525390625,5712345,55.22821757861722,7.688354709430314,11.402636294026777,-3.7142815845964634,1265.1598659219949,1236.438359375,1364.120013183308,1190.9872744143481,1277.553643798828,0.010298323896716699,-0.12168319740899891,0.0,1294.72998046875,1
2023-08-07,INFY.NS,1289.9897857158628,1296.5888892705716,1279.8587100541772,1294.72998046875,3729093,58.06156390970229,9.212522903619174,10.964613615945257,-1.7520907123260834,1267.9760673074002,1238.167568359375,1365.1487695186383,1195.8930883915177,1280.520928955078,0.010628609259256017,-0.34718701338942237,0.0,1292.1275634765625,0
2023-08-08,INFY.NS,1294.5906405227167,1295.241326729345,1286.7367956063742,1292.1275634765625,4161877,57.31501001905403,10.094085541813683,10.790508001118944,-0.6964224593052606,1270.2762097997013,1239.900673828125,1366.2839590947242,1198.624439342776,1282.45419921875,-0.0020100075161967323,0.11605610265016186,0.0,1296.03125,1
2023-08-09,INFY.NS,1286.3649014591272,1297.518354361952,1284.970719846274,1296.03125,4090828,58.18357451421526,10.981141399342278,10.82863468076361,0.1525067185786675,1272.7290707711584,1241.5385180664061,1366.8938075200695,1203.6935459955557,1285.2936767578126,0.0030211309113585827,-0.017071383897217518,0.0,1291.1051025390625,0
2023-08-10,INFY.NS,1293.428738571801,1297.332515182076,1287.8520120932285,1291.1051025390625,3873025,56.61791291174652,11.158017941555045,10.894511332921898,0.263506608633147,1274.4791690347683,1243.179638671875,1367.68595419266,1205.1320877995274,1286.4090209960937,-0.003800948056566944,-0.053241788703900506,0.0,1275.072021484375,0
2023-08-11,INFY.NS,1293.800550711213,1298.3083819497344,1270.610708350301,1275.072021484375,5783517,51.73810955266254,9.890447308537887,10.693698528045097,-0.8032512195072101,1274.535631172826,1244.4780883789062,1363.286258572466,1204.5034386931588,1283.8948486328125,-0.012418106801032058,0.4932816080453908,0.0,1295.2412109375,1
2023-08-14,INFY.NS,1275.071982593474,1296.5888744198694,1269.2628926543166,1295.2412109375,4304135,56.78411814576519,10.393562953477158,10.633671413131509,-0.24010845965435124,1276.5075911504139,1246.2356884765625,1360.131197789795,1204.9259189094237,1282.5285583496093,0.015818078597352514,-0.2557927987416653,0.0,1318.43115234375,1
2023-08-16,INFY.NS,1311.274398380743,1319.7788159280838,1306.2553216018096,1318.43115234375,7735313,61.737611883019106,12.519206571481163,11.01077844480144,1.508428126679723,1280.500311264065,1248.3548461914063,1348.3195342855213,1211.4675872965101,1279.8935607910157,0.017903955811802152,0.7971817798465894,0.0,1311.971435546875,0
2023-08-17,INFY.NS,1319.825280033983,1319.825280033983,1306.812918118155,1311.971435546875,5618346,59.6853421649829,13.526622806104115,11.513947317061977,2.012675489042138,1283.4975611957611,1250.8188305664062,1333.4874606978617,1220.4069362747944,1276.947198486328,-0.004899548061642611,-0.2736756741453126,0.0,1290.826171875,0
2023-08-18,INFY.NS,1304.6749501205963,1309.3222216013403,1288.3630952984504,1290.826171875,5134103,53.42480153593134,12.474957821729276,11.706149417995437,0.7688084037338392,1284.1955241175933,1252.674951171875,1321.191834621649,1227.0607654760074,1274.1263000488282,-0.01611716772100369,-0.0861896009964499,0.0,1306.255126953125,1
2023-08-21,INFY.NS,1291.7091441207042,1307.7422311767086,1289.2925855750334,1306.255126953125,3032722,56.97138066813774,12.739638847932838,11.912847303982918,0.8267915439499198,1286.2964386733584,1254.9539672851563,1323.4757990362477,1231.6361638543772,1277.5559814453125,0.011952775218148526,-0.40929856685773547,0.0,1304.7215576171875,0
2023-08-22,INFY.NS,1305.6044938755165,1306.8593480283198,1298.1224543541218,1304.7215576171875,2890714,56.51076604682055,12.679492937414352,12.066176430669206,0.6133165067451465,1288.051211906104,1257.5155444335937,1325.0477227610993,1236.3055365162443,1280.6766296386718,-0.001174019764052181,-0.04682526126694109,0.0,1308.625244140625,1
2023-08-23,INFY.NS,1316.1073972557133,1316.665047189912,1306.4875671497327,1308.625244140625,2559125,57.45373760124257,12.799279619790696,12.212797068493504,0.5864825512971912,1290.010643547487,1259.6718798828124,1325.9769576094168,1242.1938309648021,1284.0853942871095,0.002991969053202981,-0.11470833849353479,0.0,1323.1712646484375,1
2023-08-24,INFY.NS,1321.2194330950322,1324.5190416072762,1314.6667341741827,1323.1712646484375,5171963,60.85937592076522,13.907635156523156,12.551764686099435,1.3558704704237208,1293.1687979380538,1261.8793359375,1330.3079429244347,1244.8105263138466,1287.5592346191406,0.011115497406872121,1.0209888145362185,0.0,1319.9180908203125,0
2023-08-25,INFY.NS,1313.3189876716804,1322.148803936989,1311.8318834134902,1319.9180908203125,4307172,59.70825942307804,14.358000868169256,12.9130119225134,1.4449889456558562,1295.716349641126,1264.1044458007811,1333.3288746050855,1248.0122752972582,1290.6705749511718,-0.0024586188613984206,-0.16720749935759405,0.0,1315.7821044921875,0
2023-08-28,INFY.NS,1319.9181310643205,1324.286634688253,1311.8319234109513,1315.7821044921875,3133464,58.20103135726981,14.217291324130656,13.17386780283685,1.0434235212938052,1297.6273739126557,1266.4996484375,1332.8512259312608,1255.4747872523328,1294.1630065917968,-0.003133517418156262,-0.27250084278036724,0.0,1317.64111328125,1
2023-08-29,INFY.NS,1323.5431263001694,1323.914930768979,1315.4569180328365,1317.64111328125,3074444,58.70560286545237,14.093325387340428,13.357759319737568,0.7355660676028606,1299.5334443287124,1268.8418774414063,1333.665524618864,1260.4184719631673,1297.0419982910157,0.0014128545925009561,-0.018835384737147187,0.0,1333.9066162109375,1
2023-08-30,INFY.NS,1326.331539526786,1335.3007979273286,1323.5431760940037,1333.9066162109375,3070887,62.92289521686195,15.133126378407724,13.712832731471599,1.4202936469361251,1302.8070797460673,1271.4657299804687,1337.873593944566,1262.711952930434,1300.2927734375,0.012344410602961764,-0.001156957160384109,0.0,1334.185302734375,1
2023-08-31,INFY.NS,1333.906534483456,1342.968715084765,1327.8650807492495,1334.185302734375,9792735,62.992632324035775,15.797559397456553,14.12977806466859,1.6677813327879623,1305.79548193543,1273.9204174804688,1339.7498234348038,1268.14122881129,1303.9455261230469,0.00020892506270731026,2.188894609277385,0.0,1341.99267578125,1
2023-09-01,INFY.NS,1330.0026916597724,1343.9910253779606,1327.446692130181,1341.99267578125,3582133,64.97986870908743,16.760907796206084,14.65600401097609,2.104903785229993,1309.24283373027,1276.6065380859375,1343.1271561248916,1272.1576949493272,1307.6424255371094,0.00585179062524066,-0.6342050509893303,0.0,1361.74365234375,1
2023-09-04,INFY.NS,1341.2027322887438,1366.2980017078678,1333.4882151949037,1361.74365234375,4609014,69.44928708648693,18.90023691934357,15.504850592649587,3.3953863266939823,1314.2429116934586,1280.0185668945312,1352.155853417259,1271.192010352272,1311.6739318847656,0.01471764855274027,0.2866674687958264,0.0,1374.570068359375,1
2023-09-05,INFY.NS,1361.650630132572,1375.6389635594269,1353.750268114738,1374.570068359375,5496840,71.95266424617175,21.384152046474583,16.680710883414587,4.7034411630599955,1319.9883551854507,1283.9947705078125,1363.7159817879951,1267.6158907705985,1315.6659362792968,0.009419112028573817,0.19262818468331844,0.0,1373.2222900390625,0
2023-09-06,INFY.NS,1377.3584299899496,1378.2878843440208,1360.070601695981,1373.2222900390625,5075786,71.2916038353011,22.979030276692356,17.940374762070142,5.038655514622214,1325.0582537429377,1287.8445703125,1372.5863429371284,1266.8550022777154,1319.7206726074219,-0.0009805089979306736,-0.07659928249685277,0.0,1362.7659912109375,0
2023-09-07,INFY.NS,1366.855613248634,1369.4581309432017,1358.9088462312309,1362.7659912109375,4411743,66.20933429375361,23.132588752520178,18.978817560160152,4.153771192360026,1328.6494668351284,1291.3216577148437,1377.9079883759944,1268.2068309599433,1323.0574096679688,-0.0076144255041386,-0.13082564946591524,0.0,1365.9261474609375,1
2023-09-08,INFY.NS,1360.25649837947,1370.7128602563196,1357.1892535120792,1365.9261474609375,3125838,66.97558294466211,23.241371091102792,19.83132826634868,3.410042824754111,1332.1996268947291,1294.5979858398437,1382.6192452012372,1270.9776786268878,1326.7984619140625,0.0023189280260742517,-0.2914732340483115,0.0,1372.2928466796875,1
2023-09-11,INFY.NS,1365.9261069950462,1373.7800644251438,1361.1859124430616,1372.2928466796875,4182226,68.52418699792398,23.569625327201948,20.578987678519336,2.990637648682611,1336.0180287790108,1297.218115234375,1385.5136008769039,1277.8054054707525,1331.6595031738282,0.004661085982272661,0.3379535343802207,0.0,1395.203857421875,1
2023-09-12,INFY.NS,1377.91602975715,1397.8992976423294,1372.896953736093,1395.203857421875,6793161,73.36456826404448,25.385863829765185,21.540362908768508,3.8455009209966775,1341.6547743640454,1300.3299267578125,1394.473352409358,1278.8419185867356,1336.6576354980468,0.016695423864972803,0.6242931395864308,0.0,1392.64794921875,0
2023-09-13,INFY.NS,1398.8288435447748,1398.8288435447748,1383.632287105664,1392.64794921875,4804686,72.03373323227788,26.315655006968655,22.495421328408536,3.8202336785601183,1346.5112672073506,1303.1777734375,1402.401675332276,1278.335275351318,1340.368475341797,-0.0018319245531960293,-0.29271719012695263,0.0,1400.6412353515625,1
2023-09-14,INFY.NS,1398.8288446904617,1405.846270656975,1393.3915592483722,1400.6412353515625,6444213,73.64394520339091,27.381871432671687,23.472711349261168,3.9091600834105193,1351.6665022687039,1306.145517578125,1410.6409910925993,1278.962939571463,1344.8019653320312,0.0057396315682629595,0.34123499433677873,0.0,1404.9632568359375,1
2023-09-15,INFY.NS,1410.9117877236315,1411.2835921776357,1402.5466980730964,1404.9632568359375,8657816,74.49892011697348,28.24995870589146,24.42816082058723,3.8217978853042283,1356.7423836560597,1309.2629077148438,1416.4307697536526,1284.5868694065036,1350.5088195800781,0.0030857448540633214,0.3435024571658323,0.0,1386.56005859375,0
2023-09-18,INFY.NS,1398.7358880088802,1398.7358880088802,1383.0280866448795,1386.56005859375,3991916,64.85202458978287,27.14008581281655,24.970545819033095,2.169539993783456,1359.582162221554,1312.266904296875,1418.940486420372,1290.1076459038468,1354.5240661621094,-0.013098704291835128,-0.5389234421244342,0.0,1385.119384765625,0
2023-09-20,INFY.NS,1372.0605053905272,1389.6272158004997,1372.0605053905272,1385.119384765625,4169337,64.15169451700754,25.846313003601608,25.145699255946802,0.7006137476548062,1362.0142786543229,1315.2616064453125,1419.993073260963,1297.0948417780994,1358.5439575195312,-0.0010390273534823802,0.04444507349353044,0.0,1395.808349609375,1
2023-09-21,INFY.NS,1381.6806860439626,1398.4108676940168,1371.8748953044364,1395.808349609375,6779195,66.99916258716539,25.390809416925094,25.19472128814246,0.19608812878263393,1365.2327616024231,1318.1085302734375,1421.8890117951548,1303.9172137907829,1362.9031127929688,0.007716998954251597,0.625964751709924,0.0,1390.6031494140625,0
2023-09-22,INFY.NS,1386.6529684238076,1400.641188325793,1380.4255561991947,1390.6031494140625,5455613,64.31985982121856,24.329349788798254,25.021646988273623,-0.6922971994753695,1367.6489890130556,1321.1357592773438,1423.4726103549872,1309.076803707513,1366.27470703125,-0.0037291653949262926,-0.19524176543085126,0.0,1370.1552734375,0
2023-09-25,INFY.NS,1384.7476626343905,1384.7476626343905,1367.7387146063886,1370.1552734375,4217863,55.0128162997736,21.589294734000987,24.3351765374191,-2.7458818034181114,1367.8876827677645,1323.162900390625,1421.8863494505508,1315.686782873668,1368.7865661621095,-0.014704321635671813,-0.22687642983474088,0.0,1357.607666015625,0
2023-09-26,INFY.NS,1374.8025733524212,1375.4996641903997,1356.0740434803138,1357.607666015625,3996528,50.21142999870717,18.19554736414989,23.10725070276526,-4.9117033386153715,1366.908633553275,1323.8079443359375,1418.4718793648103,1323.2838091117524,1370.8778442382813,-0.009157799605000294,-0.052475625690071026,0.0,1363.509521484375,1
2023-09-27,INFY.NS,1353.2855237091,1365.926080084956,1347.7553157505324,1363.509521484375,3863586,52.31936461254047,15.800075104774805,21.64581558316717,-5.845740478392365,1366.5849085943323,1324.6267944335937,1414.258751823455,1332.08377747342,1373.1712646484375,0.004347246716771336,-0.03326437347617728,0.0,1337.9031982421875,0
2023-09-28,INFY.NS,1364.3462461230529,1368.714636770685,1333.7671712132335,1337.9031982421875,5814602,43.67881003612264,11.700553103269158,19.656763087187567,-7.956209983918409,1363.8533171322233,1323.962236328125,1413.7251103270514,1333.0170771729486,1373.37109375,-0.018779717221418024,0.5049754295620701,0.0,1334.185302734375,0
2023-09-29,INFY.NS,1331.0716531169655,1344.7347011757531,1316.1074596363055,1334.185302734375,6068968,42.57926763034676,8.058752997725378,17.337161069295128,-9.27840807156975,1361.0277919514758,1323.22796875,1413.7251103270514,1333.0170771729486,1373.37109375,-0.00277889724211533,0.043746072388101576,0.0,1332.8375244140625,0
2023-10-03,INFY.NS,1334.7429511957962,1335.625887435849,1320.1040453314158,1332.8375244140625,4181867,42.164888276317434,5.006138086089322,14.870956472653967,-9.864818386564645,1358.3430045669604,1322.9398364257813,1414.8571260880537,1330.9695462752277,1372.9133361816407,-0.0010101882531237116,-0.3109426512052791,0.0,1342.45751953125,1
2023-10-04,INFY.NS,1324.4725985168332,1347.6624417880482,1318.152262838638,1342.45751953125,4510406,46.19022457936003,3.324845237761565,12.561734225675488,-9.236888987913924,1356.830101230226,1325.0357568359375,1415.7225483473153,1328.1755107347158,1371.9490295410155,0.007217680280585226,0.07856275677825231,0.0,1360.2100830078125,1
2023-10-05,INFY.NS,1349.5678748329035,1371.5494954859564,1347.8948114227326,1360.2100830078125,7384621,52.7287336942778,3.385861941757639,10.726559768891919,-7.34069782713428,1357.152004256663,1327.3937866210938,1415.279247730412,1327.182812816463,1371.2310302734375,0.013223929411756208,0.6372408603571387,0.0,1374.3841552734375,1
2023-10-06,INFY.NS,1365.8332203052626,1379.7750360960613,1360.0706484952473,1374.3841552734375,3598672,57.20045713514247,4.525776953921422,9.486403205897819,-4.960626251976397,1358.7931614963559,1330.072470703125,1415.350755123092,1327.2274919472204,1371.2891235351562,0.010420502275855892,-0.5126802038994283,0.0,1371.3634033203125,0
2023-10-09,INFY.NS,1361.5577278028998,1385.8164641413844,1359.0481329313968,1371.3634033203125,3567552,55.984959347419135,5.126325289652868,8.61438762264883,-3.488062332995961,1359.9903273843518,1332.425849609375,1415.607040005248,1327.830948276002,1371.718994140625,-0.0021978949200880393,-0.00864763446071215,0.0,1389.673828125,1
2023-10-10,INFY.NS,1379.217465679009,1391.393296146582,1365.4614945887647,1389.673828125,5688951,61.34673779270249,6.999081374264961,8.291326372972055,-1.292244998707094,1362.8173274548897,1335.0655004882813,1417.3842922952933,1328.428464052363,1372.9063781738282,0.013351985885254658,0.5946371629621656,0.0,1388.9766845703125,0
2023-10-11,INFY.NS,1391.3932433298958,1411.144149422588,1376.940181958551,1388.9766845703125,7220129,61.041847283952556,8.330966212555722,8.299254340888789,0.03171187166693379,1365.3086947992156,1337.9263647460937,1418.7636419924888,1328.71749814423,1373.7405700683594,-0.0005016598431792918,0.2691494442472786,0.0,1362.1153564453125,0
2023-10-12,INFY.NS,1386.6529740945282,1398.2711535251433,1349.567722660248,1362.1153564453125,11081662,50.605667778416475,7.1367419338653235,8.066751859484096,-0.9300099256187728,1365.004567336939,1339.9674462890625,1416.2565320912897,1327.9157579477726,1372.0861450195312,-0.019338933780094103,0.5348288098453642,0.0,1330.188720703125,0
2023-10-13,INFY.NS,1305.8834648401426,1336.555460811477,1301.2361927232737,1330.188720703125,17973439,41.51957562782796,3.572911605783702,7.167983808744018,-3.595072202960316,1361.688772419433,1341.1933984375,1415.6379392576607,1322.2884279298394,1368.96318359375,-0.023439010206526056,0.6219082480588201,0.0,1332.97705078125,1
2023-10-16,INFY.NS,1331.0716238772634,1341.7603494799057,1329.1197923285388,1332.97705078125,4850745,42.490737194800225,0.9624507953619741,5.926877206067609,-4.964426410705635,1358.9543227396061,1342.6303344726562,1412.3886162583274,1318.7713324721415,1365.5799743652344,0.0020961913409183186,-0.7301159227235255,0.0,1340.6915283203125,1
2023-10-17,INFY.NS,1338.6467739103207,1350.8226045344618,1336.6020195003289,1340.6915283203125,3923764,45.20212541252464,-0.47835021590185534,4.645831721673717,-5.124181937575572,1357.2150089853876,1344.0830712890624,1406.6768693934473,1318.0559064854588,1362.366387939453,0.005787404617762171,-0.1911007484417342,0.0,1338.9254150390625,0
2023-10-18,INFY.NS,1340.2730783681973,1351.4265297831892,1336.8805475377155,1338.9254150390625,4264837,44.6827392035024,-1.7426181620814987,3.3681417449226734,-5.110759907004172,1355.4731428952614,1345.2393090820312,1403.9568887750268,1316.012422748411,1359.9846557617188,-0.0013173151645574643,0.0869249526729945,0.0,1332.5123291015625,0
2023-10-19,INFY.NS,1325.49490296724,1338.0890555260446,1325.49490296724,1332.5123291015625,6795691,42.761346586716236,-3.2248677882953416,2.0495398382790704,-5.274407626574412,1353.286398724433,1345.9949560546875,1401.2914976901127,1313.4171082669184,1357.3543029785155,-0.004789726048566312,0.5934233828866144,0.0,1326.563720703125,0
2023-10-20,INFY.NS,1329.119720164981,1337.0200821379894,1324.7048120035936,1326.563720703125,3928622,41.0002007698028,-4.823956709126833,0.6748405287978898,-5.498797237924722,1350.7413817700226,1346.6836791992187,1396.039410046033,1311.7447330203731,1353.892071533203,-0.004464205147316158,-0.4218951391403759,0.0,1309.2760009765625,0
2023-10-23,INFY.NS,1325.0302081269804,1331.304025507751,1306.1158332337493,1309.2760009765625,2636516,36.3187367166675,-7.400907645696179,-0.9403091061009241,-6.460598539595255,1346.792297884931,1346.94857421875,1392.7073558188647,1306.9440724037916,1349.8257141113281,-0.01303195576417493,-0.3288954753091542,0.0,1289.8812255859375,0
2023-10-25,INFY.NS,1317.137163082653,1320.4794799105882,1281.6432340369931,1289.8812255859375,6940777,31.91588262314258,-10.882707041455205,-2.9287886931717804,-7.953918348283425,1341.3721957612174,1346.9240966796874,1394.9078986379589,1296.7161247995411,1345.81201171875,-0.014813358967978307,1.6325563736385442,0.0,1279.901611328125,0
2023-10-26,INFY.NS,1275.7591696776635,1293.600262701033,1273.923205151914,1279.901611328125,6357656,29.906845982071772,-14.282687682157757,-5.199568490968976,-9.083119191188782,1335.5178543866373,1347.0206884765626,1398.4159335046768,1285.4374844640731,1341.926708984375,-0.007736847439793637,-0.0840137926920862,0.0,1299.57861328125,1
2023-10-27,INFY.NS,1283.855861972041,1303.9565408986182,1283.855861972041,1299.57861328125,4634358,38.17107848156689,-15.21404913736319,-7.202464620247819,-8.01158451711537,1332.0950695194574,1347.1074365234374,1397.1738934305731,1280.2864337178644,1338.7301635742188,0.015373839503730835,-0.2710587046546715,0.0,1296.4716796875,0
2023-10-30,INFY.NS,1299.5785105468342,1299.5785105468342,1283.3378978736482,1296.4716796875,2667696,37.42084195535115,-16.018215360317754,-8.965614768261807,-7.052600592055947,1328.7023657259376,1346.6682470703124,1397.940909485444,1275.3762658075248,1336.6585876464844,-0.00239072385617789,-0.42436557555544907,0.0,1288.327880859375,0
2023-10-31,INFY.NS,1299.2019618287502,1300.3318125956307,1283.2438397267852,1288.327880859375,3451595,35.45383136587233,-17.11536412686678,-10.595564639982802,-6.5197994868839775,1324.857176691027,1346.1953759765624,1399.176533201043,1269.5548999044256,1334.3657165527343,-0.006281509234423055,0.29384869940203084,0.0,1274.91162109375,0
2023-11-01,INFY.NS,1292.7057061877338,1296.8481472235055,1272.5579091746342,1274.91162109375,3090672,32.42954377758406,-18.850149675957937,-12.246481647177829,-6.603668028780108,1320.100457110334,1345.8770849609375,1401.2790100618618,1261.6598327115757,1331.4694213867188,-0.010413699777013119,-0.10456701901584631,0.0,1289.975341796875,1
2023-11-02,INFY.NS,1289.834096100156,1295.765495943668,1281.972721492604,1289.975341796875,3758060,38.747402398110935,-18.792831293076688,-13.5557515763576,-5.237079716719087,1317.231398509052,1345.5514892578126,1400.7204747553312,1256.970150244669,1328.8453125,0.011815501917067595,0.21593621063639223,0.0,1307.76953125,1
2023-11-03,INFY.NS,1299.2961678955407,1310.54686548969,1297.1307068451297,1307.76953125,3349045,45.25858278691726,-17.114280908027922,-14.267457442691667,-2.8468234653362554,1316.3302682939043,1345.6124487304687,1397.15019644646,1255.2963733777588,1326.2232849121094,0.013794208987234269,-0.1088367402329925,0.0,1321.1856689453125,1
2023-11-06,INFY.NS,1312.335688818848,1324.9044879431974,1309.4171089173929,1321.1856689453125,2736381,49.60799744676459,-14.533909583272134,-14.320747870807761,-0.2131617124643732,1316.7926874035622,1345.8636572265625,1390.9689064985387,1256.1578146928678,1323.5633605957032,0.01025879359835602,-0.18293692679554918,0.0,1322.127197265625,1
2023-11-07,INFY.NS,1318.078766511828,1323.6335500133118,1313.2300966352614,1322.127197265625,2272209,49.908789851123665,-12.27151486643561,-13.910901269933332,1.6393864034977224,1317.3007359618541,1345.8427758789062,1384.8409358777071,1257.3621647082305,1321.1015502929688,0.0007126389140021949,-0.1696298870661651,0.0,1309.6053466796875,0
2023-11-08,INFY.NS,1322.7861337778295,1322.7861337778295,1305.3215449018542,1309.6053466796875,3550635,45.97803909958873,-11.358031133701616,-13.40032724268699,2.042296108985374,1316.567841744505,1345.6365209960939,1372.6373082420416,1261.5589441993645,1317.098126220703,-0.00947098782313438,0.5626357434549374,0.0,1294.3533935546875,0
2023-11-09,INFY.NS,1314.2187005328617,1315.725053279232,1289.8813406007866,1294.3533935546875,5498051,41.672840429064806,-11.729582519637233,-13.06617829807704,1.336595778439806,1314.4521800121413,1345.2079467773438,1357.811699652435,1266.9222236874089,1312.366961669922,-0.011646220873845037,0.5484697807575265,0.0,1288.7513427734375,0
2023-11-10,INFY.NS,1289.7869529854245,1292.7997730616912,1281.3607106679833,1288.7513427734375,2943649,40.18448246901621,-12.33390081857965,-12.919722802177562,0.5858219835979117,1312.004481227503,1344.6301513671874,1349.0467517653747,1268.3507702072816,1308.6987609863281,-0.004328068987299538,-0.4646013651019243,0.0,1293.176513671875,1
2023-11-13,INFY.NS,1299.1077990502322,1301.5556365838725,1290.6344357148544,1293.176513671875,3462092,41.9482340529544,-12.313807211110998,-12.79853968396425,0.4847324728532527,1310.2113414603004,1343.8155493164063,1346.4724573646647,1267.2238439048667,1306.8481506347657,0.003433688681103053,0.17612256080803101,0.0,1327.9644775390625,1
2023-11-15,INFY.NS,1317.137400976355,1331.2596747537996,1311.488491465377,1327.9644775390625,8551860,53.54505920148292,-9.382627840229134,-12.115357315217228,2.732729474988094,1311.9021163249445,1343.6911328125,1345.6163686077489,1267.5786753375637,1306.5975219726563,0.026901172035988852,1.47014233012872,0.0,1360.3515625,1
2023-11-16,INFY.NS,1333.2367512594758,1368.3541841941474,1328.0585842809098,1360.3515625,6673907,61.296782733837325,-4.3956101272385695,-10.571407877621496,6.175797750382927,1316.5163492939976,1344.058310546875,1350.7548719005733,1264.406175462708,1307.5805236816407,0.02438851754600857,-0.21959585400135173,0.0,1353.431640625,0
2023-11-17,INFY.NS,1356.726837718172,1366.094566340676,1351.0779284155915,1353.431640625,4901251,59.030285155156605,-0.9903266540725326,-8.655191632911704,7.664864978839171,1320.0320913255216,1343.8920703125,1353.9773203809582,1262.634349540917,1308.3058349609375,-0.005086862885857912,-0.26560993433082003,0.0,1352.5372314453125,0
2023-11-20,INFY.NS,1357.6212730677928,1367.036122395586,1349.7598968645575,1352.5372314453125,3584210,58.7280237440108,1.6175673764284966,-6.600639831043664,8.218207207472162,1323.1278189559778,1343.4514135742188,1357.8453848343474,1260.7687753219025,1309.307080078125,-0.0006608454781465989,-0.2687152728966543,0.0,1354.796630859375,1
2023-11-21,INFY.NS,1357.621085267004,1365.152963687348,1352.6782900536532,1354.796630859375,3793135,59.295041408670905,3.8225923692368724,-4.515993390987557,8.33858576022443,1326.143896280111,1343.082900390625,1362.702353521788,1258.7350976500873,1310.7187255859376,0.0016704896261141577,0.05829039035101169,0.0,1372.49658203125,1
2023-11-22,INFY.NS,1352.1604184890853,1373.5791976051314,1352.1604184890853,1372.49658203125,3108786,63.522942873708885,6.9185756637036775,-2.2290795800493104,9.147655243752988,1330.5584377802195,1343.2775122070314,1372.4050788429831,1255.3544304343604,1313.8797546386718,0.013064655438836947,-0.18041778107027562,0.0,1364.4468994140625,0
2023-11-23,INFY.NS,1382.0056146017555,1382.0056146017555,1362.9875519464238,1364.4468994140625,3186928,60.4479070425005,8.623219509978071,-0.05861976204383401,8.681839272021906,1333.785910316776,1343.2479272460937,1378.9744340438021,1256.2416426163543,1317.6080383300782,-0.005864992833187421,0.025135856890760477,0.0,1353.290283203125,0
2023-11-24,INFY.NS,1360.963407357909,1367.647926495402,1349.9479661707062,1353.290283203125,2973195,56.37464972003808,8.97050989681361,1.7472061697276549,7.2233037270859555,1335.6434696392853,1342.8678759765626,1381.9591424980865,1260.59580134957,1321.2774719238282,-0.008176658406954918,-0.06706552517032072,0.0,1358.2801513671875,1
2023-11-28,INFY.NS,1359.504127646951,1360.445612499892,1343.5460053605395,1358.2801513671875,3755373,57.746065048003686,9.53842763295711,3.305450462373546,6.232977170583563,1337.7993440895618,1342.1294018554688,1386.0791634265147,1262.3459342297351,1324.212548828125,0.00368721199434896,0.2630765893256244,0.0,1374.1912841796875,1
2023-11-29,INFY.NS,1366.1886628376049,1375.226894544369,1364.964801471109,1374.1912841796875,3875778,61.86299406739338,11.143941552209526,4.8731486803407424,6.2707928718687835,1341.265243145764,1341.7602685546874,1392.2291634326798,1263.967894672789,1328.0985290527344,0.011714176045703573,0.03206206147831381,0.0,1370.001708984375,0
2023-11-30,INFY.NS,1368.21286477539,1375.179875684024,1364.729416784748,1370.001708984375,10120867,60.19975560242372,11.940615216359674,6.286641987544529,5.653973228815145,1344.0020494161079,1341.1474780273438,1396.0638808170318,1268.300560100937,1332.1822204589844,-0.0030487569260151393,1.611312361027902,0.0,1367.3184814453125,0
2023-12-01,INFY.NS,1374.4737432561003,1374.4737432561003,1361.5283266839235,1367.3184814453125,3489187,59.10375484670759,12.214667711180482,7.47224713227172,4.742420578908762,1346.2226619903176,1340.3945825195312,1396.689150527335,1276.91597642579,1336.8025634765625,-0.0019585578043195273,-0.6552482114427549,0.0,1378.6632080078125,1
2023-12-04,INFY.NS,1374.991394397921,1385.7714640337217,1364.493931093046,1378.6632080078125,5511948,62.23439922177761,13.195175144174755,8.616832734652327,4.578342409522428,1349.3122378015078,1340.2366455078125,1399.7147551940757,1282.7591583801432,1341.2369567871094,0.008297062254660759,0.5797227262396656,0.0,1368.871826171875,0
2023-12-05,INFY.NS,1380.0285133783032,1381.06412370853,1357.621128395019,1368.871826171875,5123039,58.10045624364437,13.031927714233234,9.499851730568508,3.5320759836647255,1351.1750557415426,1339.9116943359375,1401.8337215690228,1286.7504214973835,1344.2920715332032,-0.007102083945567994,-0.07055745083226472,0.0,1388.03125,1
2023-12-06,INFY.NS,1371.5081438440814,1390.5732132882845,1366.1417258233223,1388.03125,5269178,63.24527727647862,14.283902395420455,10.456661863538898,3.827240531881557,1354.6851694804432,1339.75615234375,1407.1507361470467,1288.1179650248282,1347.6343505859375,0.013996506803493292,0.028525841790390416,0.0,1380.1226806640625,0
2023-12-07,INFY.NS,1386.6659544767813,1386.6659544767813,1376.262615719604,1380.1226806640625,4424453,59.97180788476378,14.47113170122816,11.259555831076751,3.2115758701514086,1357.1077895931687,1339.54654296875,1410.4469008012427,1290.6213487104762,1350.5341247558595,-0.005697688244365895,-0.16031437920677571,0.0,1403.8951416015625,1
2023-12-08,INFY.NS,1384.359331179215,1407.2373438258442,1380.4521461092754,1403.8951416015625,6323433,65.71604092679932,16.34928679679024,12.277502024219448,4.0717847725707905,1361.5637278796826,1340.2213403320313,1416.3639295056398,1294.1332994982665,1355.2486145019532,0.017224889693184142,0.4292010786418117,0.0,1401.400146484375,0
2023-12-11,INFY.NS,1402.812373706227,1410.3442522227704,1395.2804951896835,1401.400146484375,3862018,64.66715069206853,17.43542822360223,13.309087264096005,4.126340959506225,1365.357672508701,1341.0971899414062,1418.0886799596276,1303.1132243372474,1360.6009521484375,-0.0017771947799044563,-0.38925295800556436,0.0,1389.6787109375,0
2023-12-12,INFY.NS,1391.0438179520306,1402.812378171591,1381.7702154844862,1389.6787109375,6103494,59.83531642064836,17.1526560987204,14.077801031020886,3.074855067699513,1367.6739618828724,1341.6205737304688,1414.0167887180658,1317.2778523952154,1365.6473205566406,-0.00836408899790686,0.5803898376444647,0.0,1364.2115478515625,0
2023-12-13,INFY.NS,1389.6316388053183,1389.6787590187653,1349.2890359623275,1364.2115478515625,8549258,50.93109822148499,14.704070557000705,14.203054936216851,0.5010156207838534,1367.3442081656046,1342.1467407226562,1404.4006973411283,1333.9974471901219,1369.199072265625,-0.01832593597750154,0.40071539351066776,0.0,1413.5924072265625,1
2023-12-14,INFY.NS,1377.7689770027378,1422.5836336750658,1375.838887054938,1413.5924072265625,12489858,62.5640477570667,16.557309178935157,14.673905784760514,1.8834033941746426,1371.7487985523626,1343.7348828125,1408.4079401996853,1338.5529973003147,1373.48046875,0.036197362097372565,0.4609288899691646,0.0,1486.0396728515625,1
2023-12-15,INFY.NS,1433.9285107001283,1495.5957668241963,1431.9984208352305,1486.0396728515625,18395389,72.76531117004791,23.599858528839377,16.459096333576287,7.14076219526309,1382.633643723715,1346.79892578125,1439.442294627059,1320.0874539080971,1379.764874267578,0.05125046318488646,0.47282611219438997,0.0,1472.811767578125,0
2023-12-18,INFY.NS,1476.2010899731836,1499.7853308836295,1468.9988229814394,1472.811767578125,6467243,69.06468776618082,27.79336362699314,18.72594979225966,9.067413834733483,1391.222036471754,1349.4060107421874,1456.5274918084951,1314.9402694219734,1385.7338806152343,-0.008901448268910928,-0.6484312998219282,0.0,1467.1158447265625,0
2023-12-19,INFY.NS,1478.225296674548,1481.8499902553428,1452.9464521784105,1467.1158447265625,4221721,67.47342836236903,30.307764218561715,21.042312677520073,9.265451541041642,1398.4500182103072,1351.5441259765626,1468.8233575084264,1314.1022650501673,1391.4628112792968,-0.0038673800528691293,-0.3472147250381654,0.0,1446.4974365234375,0
2023-12-20,INFY.NS,1473.471002139645,1490.8413527319508,1440.471910123072,1446.4974365234375,6592367,61.912597640017886,30.287575261637357,22.89136519434353,7.396210067293829,1403.0259628115577,1352.9863916015624,1475.0253418563184,1317.0703612686816,1396.0478515625,-0.014053701537773078,0.5615354496424563,0.0,1446.1207275390625,0
2023-12-21,INFY.NS,1432.2338260213533,1456.1475641627426,1432.2338260213533,1446.1207275390625,5319038,61.81236301457473,29.89654929080234,24.292402013635293,5.604147277167048,1407.1302261189392,1354.4815380859375,1480.8078165213842,1318.6503011543969,1399.7290588378905,-0.0002604283802122298,-0.1931520196008505,0.0,1471.44677734375,1
2023-12-22,INFY.NS,1445.1322053581507,1474.3653575565068,1433.8815067423754,1471.44677734375,6741060,65.8189147520246,31.269800160854402,25.687881643079116,5.581918517775286,1413.2556119498734,1356.1169970703124,1490.1613381029779,1319.996767365772,1405.079052734375,0.017513095084243924,0.2673457117621645,0.0,1453.6055908203125,0
2023-12-26,INFY.NS,1445.1793467888062,1457.4186507029783,1433.8815277911087,1453.6055908203125,6878067,60.96626941785635,30.566129408617144,26.663531196186725,3.9025982124304193,1417.0984670803914,1357.4095751953125,1494.1954324050837,1325.994203825385,1410.0948181152344,-0.012124928198656515,0.020324251675552407,0.0,1475.40087890625,1
2023-12-27,INFY.NS,1453.6526019531718,1478.131207944611,1453.6526019531718,1475.40087890625,4225849,64.41760054515214,31.405143915473218,27.611853740044026,3.793290175429192,1422.6510777304732,1359.6752856445312,1501.1081504385882,1330.793558545787,1415.9508544921875,0.014993948993851758,-0.3856051416771602,0.0,1471.2113037109375,0
2023-12-28,INFY.NS,1477.1425892283842,1477.1425892283842,1464.0089217215004,1471.2113037109375,5702253,63.25971440833741,31.370386958934205,28.363560383822062,3.006826575112143,1427.275861157184,1362.4957373046875,1506.9389979685975,1334.6647129689027,1420.80185546875,-0.002839618204930394,0.34937452805341596,0.0,1452.616943359375,0
2023-12-29,INFY.NS,1450.8752194379208,1468.1984480838207,1449.886614411702,1452.616943359375,4388990,58.25488163126976,29.502347640621565,28.59131783518196,0.911029805439604,1429.6892975573926,1364.88853515625,1508.823400563634,1341.041833811366,1424.9326171875,-0.012638810145531587,-0.23030598607252262,0.0,1460.572509765625,1
2024-01-01,INFY.NS,1448.9451947683858,1465.8919221925776,1445.4146265550123,1460.572509765625,2808451,59.72310741516436,28.337207060212904,28.54049568018815,-0.20328861997524683,1432.6305558629385,1367.2861547851562,1510.4709209729194,1348.7197162341117,1429.5953186035156,0.005476713212398288,-0.3601145138175298,0.0,1444.6142578125,0
2024-01-02,INFY.NS,1455.535458187299,1458.5011582059428,1433.8813084212525,1444.6142578125,5396313,55.50589789836932,25.828393548700888,27.9980752538907,-2.169681705189813,1433.7718608105158,1369.399931640625,1510.505147042575,1355.2805951449252,1432.89287109375,-0.010926025134955997,0.921455279084449,0.0,1402.8123779296875,0
2024-01-03,INFY.NS,1431.0098022399532,1431.0098022399532,1400.9294082948825,1402.8123779296875,7550363,46.28597344697487,20.233835353317772,26.44522727377612,-6.211391920458347,1430.8233386313893,1370.8059326171874,1507.8932010809265,1361.2865962823546,1434.5898986816405,-0.028936361147446243,0.399170693026887,0.0,1424.1839599609375,1
2024-01-04,INFY.NS,1416.8874530223693,1430.8214735340546,1405.5426305452577,1424.1839599609375,7056038,50.78682944020365,17.324905016370394,24.621162822294977,-7.296257805924583,1430.191016853251,1372.7583374023438,1506.7425348335055,1366.0525335258694,1436.3975341796875,0.015234811417041305,-0.06547036215344881,0.0,1442.8726806640625,1
2024-01-05,INFY.NS,1418.5823250946862,1449.6042055294993,1418.1115826606078,1442.8726806640625,8895403,54.38623600537558,16.339231845320455,22.964776626900075,-6.62554478157962,1431.3987943590428,1375.4302709960937,1504.987743586888,1374.082324772487,1439.5350341796875,0.013122406394492359,0.26067957683901355,0.0,1433.693115234375,0
2024-01-08,INFY.NS,1439.483154876404,1446.1206687605984,1424.701889324203,1433.693115234375,4440136,52.360510201677236,14.64850568733982,21.301522438988027,-6.653016751648206,1431.6173011090746,1378.3065087890625,1504.4911694853304,1377.5586962373259,1441.0249328613281,-0.006362006539248344,-0.5008504954750224,0.0,1439.8128662109375,1
2024-01-09,INFY.NS,1451.6755526579025,1462.1260117914826,1436.5646744337396,1439.8128662109375,4412074,53.601287666788174,13.645113411412694,19.770240633472962,-6.125127222060268,1432.3978311187757,1381.5047338867187,1503.7688941667725,1382.12224352854,1442.9455688476562,0.0042685222601226425,-0.006320076682335807,0.0,1430.962890625,0
2024-01-10,INFY.NS,1435.7173203076957,1445.6029115375234,1416.9347429419645,1430.962890625,4096845,51.51186142417796,11.997499035538567,18.215692313886084,-6.218193278347517,1432.2611701193684,1384.1324194335937,1501.0782926429636,1388.9412630210988,1445.0097778320312,-0.006146615156473412,-0.07144689776282087,0.0,1406.7667236328125,0
2024-01-11,INFY.NS,1435.6703796771912,1435.7645051838629,1399.6114612154008,1406.7667236328125,11296088,46.20837236439995,8.639730872322843,16.300500025573438,-7.660769153250595,1429.8331275968394,1386.3383203125,1493.0984370533906,1401.1766361887967,1447.1375366210937,-0.016909010814123437,1.7572651638028778,0.0,1518.3797607421875,1
2024-01-12,INFY.NS,1470.5994024363956,1523.3225564289935,1464.385625129882,1518.3797607421875,26754401,64.41069967923428,14.814146458330697,16.00322931212489,-1.1890828537941935,1438.2661402773488,1390.9393579101563,1505.2223036453918,1399.5315049483581,1452.376904296875,0.07934011747245995,1.3684660565675482,0.0,1555.4271240234375,1
2024-01-15,INFY.NS,1548.6954842465418,1567.525181565214,1540.2692406673768,1555.4271240234375,13228305,68.25103279949072,22.438174584239505,17.290218366547816,5.147956217691689,1449.4243292055478,1396.54966796875,1523.9764699293778,1387.7160837815595,1455.8462768554687,0.024399273646232622,-0.5055652712987295,0.0,1536.0797119140625,0
2024-01-16,INFY.NS,1548.554386655104,1552.0378347627927,1529.9129399390588,1536.0797119140625,6500917,64.34602900615306,26.612326997986884,19.154640092835628,7.457686905151256,1457.677222796835,1401.4717553710936,1535.374653779271,1382.6446943652602,1459.0096740722656,-0.012438649044083094,-0.5085600914100483,0.0,1544.223388671875,1
2024-01-17,INFY.NS,1525.4408120839046,1551.0962739751476,1525.4408120839046,1544.223388671875,9209876,65.2473560689547,30.2290379809142,21.369519670451343,8.859518310462857,1465.919714784934,1406.2008325195313,1547.784353097537,1377.9457494415255,1462.8650512695312,0.005301597758663679,0.4167041357396195,0.0,1546.4830322265625,1
2024-01-18,INFY.NS,1546.5301524412396,1552.5085584102292,1532.9727472598277,1546.4830322265625,6375464,65.5079102849377,32.89840945644846,23.675297627650767,9.223111828797695,1473.5924116841368,1410.7067797851562,1559.8215505366052,1375.9071115727697,1467.8643310546875,0.0014632880004692428,-0.3077578894656128,0.0,1562.111572265625,1
2024-01-19,INFY.NS,1554.9563105966838,1568.0429726211407,1547.9422946366542,1562.111572265625,4522736,67.33219796470142,35.86160785827133,26.11255967377488,9.749048184496448,1482.0228079299927,1415.5064672851563,1573.6815871753433,1373.6461594066877,1473.6638732910155,0.010105859368247483,-0.29060284867109276,0.0,1546.059326171875,0
2024-01-23,INFY.NS,1553.5440845490969,1576.7045882258603,1541.8696497501444,1546.059326171875,9401255,63.61079479719584,36.49400169999012,28.18884807901793,8.305153620972192,1488.121523953029,1420.235546875,1582.2520707161766,1372.5369307486671,1477.3945007324219,-0.010275992047398042,1.078665436143078,0.0,1577.3636474609375,1
2024-01-24,INFY.NS,1562.770633148314,1581.694454529538,1548.7424867268392,1577.3636474609375,8999681,67.39536402256027,39.070791716418626,30.36523680649807,8.705554909920554,1496.6207738109251,1425.895751953125,1596.3987721889907,1370.7660349399157,1483.5824035644532,0.02024781375406448,-0.042714935399582266,0.0,1571.4322509765625,0
2024-01-25,INFY.NS,1575.0569444579046,1582.2123208537434,1560.9817927200572,1571.4322509765625,8865304,65.99483795417638,40.171233272229756,32.32643609964441,7.844797172585345,1503.7456763981286,1431.5493701171874,1607.4026448808252,1369.3652994551123,1488.3839721679688,-0.0037603227980578247,-0.014931307009659611,0.0,1559.663818359375,0
2024-01-29,INFY.NS,1567.7135599982494,1581.0825992301918,1551.1904544983925,1559.663818359375,4253785,63.189083983930786,39.63681840464528,33.788512560644584,5.8483058440006985,1509.071213727771,1436.8791162109376,1615.462169184702,1370.1510266160794,1492.8065979003907,-0.007488985038886731,-0.5201760706683043,0.0,1554.8150634765625,0
2024-01-30,INFY.NS,1565.171396519599,1591.1093493392334,1551.8023580167996,1554.8150634765625,4995943,62.0191490457224,38.379620402015235,34.70673412891872,3.672886273096516,1513.4277708467037,1441.4161279296875,1621.9564688519192,1373.8765389605808,1497.91650390625,-0.003108846166549495,0.17447003080785706,0.0,1563.712158203125,1
2024-01-31,INFY.NS,1551.8023522623284,1569.6905638157846,1542.2462583680392,1563.712158203125,6763779,63.359694085006424,37.667001370712114,35.298787577277395,2.3682137934347196,1518.2167601187439,1445.48333984375,1629.0355198069492,1377.1114528493008,1503.073486328125,0.00572228487847859,0.3538543173931328,0.0,1560.087646484375,0
2024-02-01,INFY.NS,1562.4413588052366,1578.870224833906,1553.7796285080506,1560.087646484375,5760011,62.39354891953651,36.39029320200484,35.517088702222885,0.8732044997819557,1522.2044635821374,1449.6164599609374,1634.1456771222793,1383.5486344011583,1508.8471557617188,-0.002317889324922162,-0.14840342950294505,0.0,1594.263427734375,1
2024-02-02,INFY.NS,1568.5609589964831,1617.9417958851127,1567.5723538834525,1594.263427734375,7858483,67.43578879380573,37.7015922213709,35.953989406052486,1.747602815318416,1529.0672220728266,1454.4509838867189,1639.0169615042278,1397.8224549996785,1518.4197082519531,0.021906321306379484,0.36431735981059754,0.0,1588.47314453125,0
2024-02-05,INFY.NS,1595.581400903025,1601.2303098308423,1583.436223722749,1588.47314453125,3634135,65.82543635263147,37.83741253975472,36.330674032792935,1.5067385069617885,1534.724928973629,1459.1245141601562,1642.734166042223,1410.5341689187144,1526.6341674804687,-0.0036319488375604614,-0.5375526039822189,0.0,1628.2509765625,1
2024-02-06,INFY.NS,1588.0496182360184,1631.5932938509086,1575.998565824632,1628.2509765625,7694265,70.95648023153544,40.68578927557064,37.20169708134848,3.484092194222164,1543.6321716011405,1464.2396020507813,1653.366082334988,1418.4400822157934,1535.9030822753907,0.02504155148495646,1.1172204664934022,0.0,1594.639892578125,0
2024-02-07,INFY.NS,1627.8272320398985,1627.8272320398985,1588.143624421415,1594.639892578125,4613877,62.42736732136571,39.7725416792307,37.715866000924926,2.0566756783057727,1548.4900497894246,1468.8434619140626,1654.1282085410835,1433.7726337440727,1543.950421142578,-0.02064244669168469,-0.4003485713060312,0.0,1593.08642578125,0
2024-02-08,INFY.NS,1598.6412091518755,1606.50258433862,1584.3306859949523,1593.08642578125,5919715,62.05608836399438,38.47986268771251,37.86866533828244,0.6111973494300713,1552.737323693408,1473.639384765625,1652.6990154852024,1450.529182756985,1551.6140991210937,-0.0009741803175157271,0.28302401646164377,0.0,1571.6676025390625,0
2024-02-09,INFY.NS,1586.1193710004457,1593.8396151923023,1562.676491800521,1571.6676025390625,4600004,57.02066587628611,35.319938972044156,37.35892006503478,-2.0389810929906247,1554.540207392994,1477.9071337890625,1643.438885572689,1473.8597838609046,1558.6493347167968,-0.013444859547832588,-0.22293488791267824,0.0,1581.7886962890625,1
2024-02-12,INFY.NS,1572.6092188693096,1593.8867538003944,1572.6092188693096,1581.7886962890625,3555808,58.72500145079511,33.2490895341607,36.53695395885997,-3.287864424699265,1557.135301573572,1482.05908203125,1616.1483720350104,1518.6524946642082,1567.4004333496093,0.006439716472903756,-0.2269989330444061,0.0,1585.978515625,1
2024-02-13,INFY.NS,1584.5191679841946,1590.2622031833353,1566.1602114923992,1585.978515625,2696481,59.4420100788405,31.581952747413652,35.54595371657071,-3.9640009691570555,1559.8822743403748,1486.3786181640626,1614.5877833556945,1526.9729588318057,1570.78037109375,0.0026487857358994393,-0.24166856028221995,0.0,1568.701904296875,0
2024-02-14,INFY.NS,1563.0529955814704,1571.7617298510522,1539.798367340659,1568.701904296875,3768579,55.18498513706185,28.53769193677931,34.14430136061243,-5.60660942383312,1560.7222390981367,1490.4062866210938,1614.6997078596157,1528.188512355228,1571.444110107422,-0.010893345122847786,0.39759152762433714,0.0,1578.258056640625,1
2024-02-15,INFY.NS,1578.870044759722,1588.9910065851047,1564.3711555313787,1578.258056640625,4834391,57.01857703801853,26.589685597615244,32.633378208013,-6.0436926103977555,1562.392316959326,1494.39818359375,1613.7079081282402,1533.3981465592599,1573.55302734375,0.006091757980005275,0.2828153529486843,0.0,1602.0777587890625,1
2024-02-16,INFY.NS,1590.167952147778,1608.9976496273257,1589.1793470591608,1602.0777587890625,4880654,61.27203160022408,26.660600624668632,31.43882269134413,-4.778222066675497,1566.1718828478724,1499.0623022460939,1616.064298186626,1536.8271935125929,1576.4457458496095,0.015092400161186958,0.009569561088459855,0.0,1600.2889404296875,0
2024-02-19,INFY.NS,1605.2317360980246,1611.3513878778704,1588.9440015438006,1600.2889404296875,3690993,60.78553939782175,26.269638561644342,30.40498586540417,-4.135347303759829,1569.421126427093,1503.3074560546875,1617.5395004233696,1540.7325820961614,1579.1360412597655,-0.0011165615086792258,-0.24375032526378637,0.0,1586.6373291015625,0
2024-02-20,INFY.NS,1586.401957891193,1595.1106926748687,1571.1028292171682,1586.6373291015625,3706389,57.061943706692794,24.574942724704897,29.23897723726432,-4.664034512559422,1571.0607647770426,1507.4377490234374,1618.0730424758472,1542.6516157272777,1580.3623291015624,-0.008530716537014538,0.004171235220440606,0.0,1558.67529296875,0
2024-02-21,INFY.NS,1576.04564252021,1576.04564252021,1549.0250732340833,1558.67529296875,4300508,50.26935776660453,20.73654347178217,27.538490484167887,-6.8019470123857175,1569.8811960333958,1510.5333520507813,1616.7594884844534,1545.226766398359,1580.9931274414062,-0.017623457875307946,0.1602959106558972,0.0,1582.965576171875,1
2024-02-22,INFY.NS,1567.5723214065963,1586.0254020244706,1548.1777559110003,1582.965576171875,5841277,55.252526258044824,19.43062313345331,25.916917014024975,-6.486293880571665,1571.1273274751557,1514.1646606445313,1617.0092316565292,1545.537216097377,1581.2732238769531,0.015583927783226814,0.3582760455276446,0.0,1578.7288818359375,0
2024-02-23,INFY.NS,1597.6998249586602,1599.064932049705,1574.0685776987198,1578.7288818359375,5373072,54.23178737341292,17.84806465202746,24.303146541625473,-6.455081889598013,1571.8512850333254,1517.9456640625,1617.1127735944474,1546.1633372453962,1581.6380554199218,-0.0026764285968765567,-0.08015456209318617,0.0,1563.006103515625,0
2024-02-26,INFY.NS,1576.9400103998594,1576.9400103998594,1548.742584990576,1563.006103515625,2782438,50.50300863608132,15.15053293131814,22.472623819564006,-7.322090888245867,1571.0088867935444,1521.9215551757814,1616.8936354226987,1546.7167039327699,1581.8051696777343,-0.009959137696922471,-0.48215136517805823,0.0,1566.254150390625,1
2024-02-27,INFY.NS,1563.8063128021718,1573.315286661556,1556.0861831168934,1566.254150390625,5159088,51.24872953365917,13.123529961459553,20.602805047943118,-7.479275086483565,1570.556054755171,1524.9747900390626,1616.0307356403914,1548.7235124064837,1582.3771240234375,0.002078076897904735,0.8541609911883032,0.0,1573.4566650390625,1
2024-02-28,INFY.NS,1572.2798088946804,1589.038286361627,1564.7950497873524,1573.4566650390625,3188916,52.94181631161943,11.960425897639652,18.874329217882426,-6.913903320242774,1570.832303353637,1526.7231298828126,1615.6950476309385,1550.0336510995303,1582.8643493652344,0.0045985606145984015,-0.38188377480671,0.0,1575.9515380859375,1
2024-02-29,INFY.NS,1567.5722998042163,1583.812913721107,1556.5569728576138,1575.9515380859375,7814722,53.54366485069864,11.11188209186048,17.321839792678038,-6.209957700817558,1571.319849518618,1528.7859252929688,1614.9806962639773,1552.3343916266476,1583.6575439453125,0.0015856001009173504,1.4505888521365882,0.0,1557.8748779296875,0
2024-03-01,INFY.NS,1571.3381567596207,1574.1154909938598,1554.3914300839626,1557.8748779296875,6387291,48.68515556018664,8.878424657867072,15.633156765715844,-6.754732107848772,1570.039376033958,1530.6011059570312,1614.6763689176353,1548.999863992521,1581.838116455078,-0.011470314739630227,-0.18265921679619568,0.0,1541.39892578125,0
2024-03-04,INFY.NS,1560.8406106080845,1567.0543875331723,1538.0567235736469,1541.39892578125,4445156,44.703585908094745,5.713065247223767,13.64913846201743,-7.936073214793662,1567.3117141051287,1532.4991357421875,1616.5580068134054,1542.4108042217508,1579.4844055175781,-0.01057591490937515,-0.30406239515312516,0.0,1512.495361328125,0
2024-03-05,INFY.NS,1538.386193843857,1541.5401450012134,1508.2586796437324,1512.495361328125,4596579,38.72098875697373,0.8622791970715298,11.09176660902825,-10.22948741195672,1562.0911090787474,1533.8266284179688,1614.4682939202016,1532.9249555915171,1573.6966247558594,-0.018751514594753882,0.03406472123812976,0.0,1522.89892578125,1
2024-03-06,INFY.NS,1509.0120236903088,1525.3467635033348,1483.7801827337923,1522.89892578125,6420684,41.74309843827381,-2.1181067741322295,8.449791932396154,-10.567898706528384,1558.3585201932715,1534.8556713867188,1615.2672833339393,1524.951869498092,1570.1095764160157,0.0068784108164070545,0.3968396931718132,0.0,1521.8631591796875,0
2024-03-07,INFY.NS,1522.004404894455,1533.16097752347,1510.3299696204092,1521.8631591796875,6348359,41.52353641157373,-4.511654295010658,5.857502686914792,-10.36915698192545,1554.882771525311,1536.2208227539063,1615.009193010625,1518.0876331612499,1566.5484130859375,-0.0006801282632931116,-0.011264376194187409,0.0,1506.9405517578125,0
2024-03-11,INFY.NS,1514.048807986973,1519.3682201060792,1495.0778662328694,1506.9405517578125,6752895,38.39051087578315,-7.525933380121842,3.180815473507465,-10.706748853629307,1550.3168458331681,1536.8516162109374,1618.1931090624769,1508.4310120312732,1563.312060546875,-0.009805485685006388,0.06372292430216997,0.0,1518.56787109375,1
2024-03-12,INFY.NS,1506.375688833194,1529.9128089712128,1504.1632225256892,1518.56787109375,4614222,42.058904045965576,-8.874246979776672,0.7698029828506381,-9.64404996262731,1547.2931339532236,1537.7987475585937,1617.6322513814343,1502.6697871927845,1560.1510192871094,0.007715844744090594,-0.3167046133547168,0.0,1517.108642578125,0
2024-03-13,INFY.NS,1518.5208697901078,1529.4420705773052,1505.0105857809417,1517.108642578125,5688997,41.72314041777295,-9.945892707478833,-1.3733361552152563,-8.572556552263578,1544.4184204889284,1539.0885815429688,1615.8157211247453,1497.599330144786,1556.7075256347657,-0.0009609241334560537,0.23292659087490808,0.0,1556.5570068359375,1
2024-03-14,INFY.NS,1519.9332218123318,1560.7465686045769,1513.9076955609466,1556.5570068359375,8803799,52.71332219337712,-7.525279616508669,-2.603724847473939,-4.92155476903473,1545.5744763315006,1541.008271484375,1614.9520886865566,1497.2484728368809,1556.1002807617188,0.026002333089854,0.5475133841694766,0.0,1538.38623046875,0
2024-03-15,INFY.NS,1545.070749855574,1549.4957975654736,1523.6519697189988,1538.38623046875,11809997,48.203907775286886,-6.992550328185189,-3.4814899436161895,-3.5110603845689994,1544.8898814874292,1542.8837109375,1612.5207440973254,1495.6926348089246,1554.106689453125,-0.01167369796762141,0.34146599666802935,0.0,1508.8707275390625,0
2024-03-18,INFY.NS,1534.6203153666463,1537.1152732206572,1505.2930391151203,1508.8707275390625,4958904,41.92939830557356,-8.84999570262812,-4.555191095418576,-4.294804607209545,1541.459485873299,1545.0048779296876,1606.668187079923,1492.2244887013271,1549.446337890625,-0.01918601606353043,-0.5801096308491864,0.0,1470.0814208984375,0
2024-03-19,INFY.NS,1499.173324716635,1505.4342217324486,1466.833344252129,1470.0814208984375,6870411,35.4066720459726,-13.29870818439099,-6.303894513213059,-6.99481367117793,1534.6615749233122,1545.9228271484376,1604.9646972426533,1480.9072265854718,1542.9359619140625,-0.025707508226294196,0.3854696521650751,0.0,1463.9617919921875,0
2024-03-20,INFY.NS,1471.540790852675,1482.7914886121837,1461.5139544170574,1463.9617919921875,4759059,34.494947259363,-17.120789976762126,-8.467273605922873,-8.653516370839252,1527.928262263205,1546.344609375,1604.348414683734,1469.2559554334534,1536.8021850585938,-0.004162782291684208,-0.30731087266831636,0.0,1463.7264404296875,0
2024-03-21,INFY.NS,1472.4822954464405,1484.6744782005846,1453.087730653012,1463.7264404296875,11062497,34.45819805859098,-19.938964269482767,-10.761611738634853,-9.177352530847914,1521.8138030409652,1546.9452758789062,1605.842726624674,1458.266758238607,1532.0547424316405,-0.00016076345966631322,1.324513522526197,0.0,1420.5594482421875,0
2024-03-22,INFY.NS,1431.9985126005026,1439.4362661905388,1410.5326112138532,1420.5594482421875,14673890,28.467685778247827,-25.363231661705868,-13.681935723249056,-11.681295938456811,1512.1705311553674,1546.5602075195313,1608.4848153023936,1439.384056767919,1523.9344360351563,-0.029491161049757353,0.32645369304958916,0.0,1405.3074951171875,0
2024-03-26,INFY.NS,1404.6955069309752,1419.241403039176,1400.8354417271594,1405.3074951171875,8351081,26.70138925378157,-30.540654150921,-17.053679408783445,-13.486974742137555,1501.9930991517313,1546.047099609375,1610.4579086893314,1420.0688247091061,1515.2633666992188,-0.01073658208663697,-0.4308884010988224,0.0,1397.022216796875,0
2024-03-27,INFY.NS,1408.4612802603947,1411.2857346994197,1394.8568706833632,1397.022216796875,6857402,25.766140486029315,-34.90993153240038,-20.624929833506833,-14.285001698893545,1491.9958722607926,1545.8522094726563,1612.4478888341487,1401.4804558924138,1506.9641723632812,-0.005895704925149903,-0.178860557094345,0.0,1410.391357421875,1
2024-03-28,INFY.NS,1400.129150066849,1423.3367734843898,1400.129150066849,1410.391357421875,12499530,30.025221416858898,-36.86883642207886,-23.873711151221237,-12.99512527085762,1484.2240137047052,1543.69244140625,1608.9256852651165,1389.416380164571,1499.1710327148437,0.009569740884760591,0.8227792391345876,0.0,1407.9434814453125,0
2024-04-01,INFY.NS,1435.7644049013911,1440.4247089660323,1405.4486385196594,1407.9434814453125,6580002,29.689340748900136,-38.17870544292509,-26.734710009562008,-11.443995433363085,1476.9592011085724,1540.7427685546875,1601.949233464305,1379.8415136060075,1490.8953735351563,-0.0017356005222813886,-0.4735800466097525,0.0,1396.080810546875,0
2024-04-02,INFY.NS,1397.9637802788536,1405.7781506375063,1394.1978408148962,1396.080810546875,7279400,28.051639095441544,-39.71618106719097,-29.331004221087802,-10.385176846103171,1469.2564972455534,1537.9427905273437,1593.079510565334,1370.7241637510722,1481.901837158203,-0.008425530608842324,0.10629145705426835,0.0,1394.009521484375,0
2024-04-03,INFY.NS,1392.4560485461666,1407.613931160152,1388.690109266799,1394.009521484375,8736248,27.76366465928416,-40.63338097076439,-31.59147957102312,-9.04190139974127,1462.0901186016317,1534.9385131835938,1585.4340711691434,1361.9830675027315,1473.7085693359375,-0.0014836455360264234,0.2001329779926917,0.0,1399.7054443359375,1
2024-04-04,INFY.NS,1403.3302528566012,1408.1318024819914,1382.0997240670574,1399.7054443359375,11186915,29.895004625232588,-40.434550799129056,-33.36009381664431,-7.074456982484747,1456.1487210525179,1532.0029614257812,1578.2514589021177,1354.9963316252258,1466.6238952636718,0.004085999961820352,0.28051710528364127,0.0,1392.55029296875,0
2024-04-05,INFY.NS,1393.4447725803975,1399.7055552251502,1389.6788329794124,1392.55029296875,5072482,28.74754555096858,-40.388760878573294,-34.76582722903011,-5.622933649543185,1450.0917279016828,1528.6117358398437,1574.6151772395174,1346.6381064518887,1460.626641845703,-0.0051118979326268965,-0.5465700776308751,0.0,1390.29052734375,0
2024-04-08,INFY.NS,1396.221927423092,1403.706685446096,1387.8426899035271,1390.29052734375,6610887,28.377090348298992,-40.07288100915139,-35.82723798505437,-4.245643024097021,1444.396375467594,1525.4963598632812,1568.1513911418792,1339.8410527057772,1453.9962219238282,-0.001622753329922788,0.30328446705182976,0.0,1407.378662109375,1
2024-04-09,INFY.NS,1402.812483387176,1425.2198696967855,1400.2705201600338,1407.378662109375,9423230,35.17950663174315,-38.005569722640985,-36.26290433257169,-1.7426653900692912,1440.8708789572875,1522.09666015625,1559.6891896422858,1336.854804498339,1448.2719970703124,0.012291053150073061,0.425410841238097,0.0,1418.62939453125,1
2024-04-10,INFY.NS,1412.5567483925915,1421.5008543199365,1397.6813569645744,1418.62939453125,6744595,39.269202816814406,-35.05527516283087,-36.021378498623534,0.9661033357926669,1438.7526423452837,1519.0406030273436,1552.5906983500067,1335.1221800679618,1443.8564392089843,0.007994104731567031,-0.28425868836906243,0.0,1397.8695068359375,0
2024-04-12,INFY.NS,1415.993088588146,1418.6292919048578,1392.926711812608,1397.8695068359375,12275616,34.894356555978405,-34.00035992314315,-35.61717478352746,1.6168148603843093,1434.8590103920126,1515.804716796875,1542.6263784148425,1333.016663577345,1437.8215209960938,-0.014633763952263235,0.8200671797194643,0.0,1382.240966796875,0
2024-04-15,INFY.NS,1393.3975389714133,1404.6482366428452,1375.556447534576,1382.240966796875,8531224,32.00374578770787,-34.033112032792815,-35.30036223338053,1.2672502005877178,1429.8477681448567,1512.3532348632812,1531.8884308784795,1330.2678435355829,1431.0781372070312,-0.011180256785511822,-0.3050268108745011,0.0,1331.6832275390625,0
2024-04-16,INFY.NS,1366.094545486242,1370.001730679685,1330.3652406637968,1331.6832275390625,16173541,24.836161401873667,-37.704026794164065,-35.781095145537236,-1.9229316486268289,1420.4987642776382,1507.71265625,1511.9426097311803,1327.726286753195,1419.8344482421876,-0.03657664652710446,0.895805455348494,0.0,1336.2022705078125,1
2024-04-18,INFY.NS,1337.9439943607726,1360.163012124985,1325.1398243718486,1336.2022705078125,22107945,26.422373597042437,-39.78993063768371,-36.58286224396653,-3.2070683937171793,1412.47052677575,1503.2349487304687,1491.3530218229823,1328.097478665299,1409.7252502441406,0.003393481929708786,0.3669205154270174,0.0,1328.67041015625,0
2024-04-19,INFY.NS,1303.9564344137511,1343.3575498977525,1298.0721544750609,1328.67041015625,20603621,25.45806038467026,-41.571571447543874,-37.580604084682,-3.9909673628618734,1404.4895632881785,1497.9230883789062,1476.1233495603444,1325.3071191896554,1400.715234375,-0.005636766616703981,-0.06804449712535476,0.0,1348.9124755859375,1
2024-04-22,INFY.NS,1336.814417739945,1352.7725406478596,1330.365269231601,1348.9124755859375,5859087,32.57961434397512,-40.87894211674643,-38.24027169109489,-2.63867042565154,1399.1965073165363,1493.131875,1466.1685784433607,1323.1449957753894,1394.656787109375,0.015234828197391082,-0.7156282868919012,0.0,1357.997802734375,1
2024-04-23,INFY.NS,1358.562670672261,1362.1873644449945,1349.1478219496537,1357.997802734375,4856174,35.55559253543977,-39.145671476881716,-38.421351648252255,-0.7243198286294614,1395.272821165854,1487.7268115234374,1455.007594617811,1323.709580675158,1389.3585876464845,0.006735297740122936,-0.17117223212422006,0.0,1347.029541015625,0
2024-04-24,INFY.NS,1359.7867075742051,1359.7867075742051,1343.546092803966,1347.029541015625,4268213,33.6258738202971,-38.216552434872256,-38.38039180557626,0.16383937070400378,1390.6782230563085,1482.7746044921876,1442.054457563022,1324.9930277885405,1383.5237426757812,-0.008076789002651519,-0.12107494500814842,0.0,1354.2786865234375,1
2024-04-25,INFY.NS,1336.908338935666,1360.351332089794,1336.908338935666,1354.2786865234375,9089398,36.09451472610372,-36.47481448469898,-37.9992763414008,1.5244618567018193,1387.2116005293685,1477.9984497070313,1437.469106926768,1322.9503022529195,1380.2097045898438,0.005381578716044277,1.1295558586228007,0.0,1346.55859375,0
2024-04-26,INFY.NS,1355.455578865194,1360.8221110164066,1343.498768244188,1346.55859375,8062444,34.61785756236233,-35.310385434612726,-37.46149816004319,2.1511127254304654,1383.3398855980001,1473.49626953125,1435.104987765477,1319.4395312774916,1377.2722595214843,-0.005700520026092781,-0.11298372015396396,0.0,1350.79541015625,1
2024-04-29,INFY.NS,1346.2762368329832,1355.549954695784,1344.6757585333085,1350.79541015625,5055957,36.16141755398756,-33.65770626114522,-36.700739780263596,3.0430335191183744,1380.240411746405,1468.8764038085938,1433.1455204822998,1316.7763178966063,1374.960919189453,0.0031464033024000138,-0.3729002024696234,0.0,1337.4263916015625,0
2024-04-30,INFY.NS,1350.7483107051714,1352.4901496742034,1334.6019369629423,1337.4263916015625,6936588,33.47582445669161,-33.045782961381974,-35.96974841648728,2.9239654551053036,1376.1628860183248,1463.905361328125,1429.3033074427708,1313.3220343541043,1371.3126708984375,-0.009897145381283945,0.37196340870778766,0.0,1331.6832275390625,0
2024-05-02,INFY.NS,1330.3181204493865,1340.6744540126867,1329.2353898641163,1331.6832275390625,10076354,32.36385862960783,-32.647909897192676,-35.30538071262836,2.657470815435687,1371.9267280679187,1459.1649877929688,1425.3831011163545,1309.6162152898953,1367.499658203125,-0.004294190767106465,0.45263838648050014,0.0,1333.4251708984375,1
2024-05-03,INFY.NS,1338.885714612062,1341.4277929148773,1321.0916262018002,1333.4251708984375,8842345,33.08983047663713,-31.825171588636067,-34.60933888782991,2.7841672991938395,1368.2599130993967,1454.268330078125,1422.505274503144,1306.2284779382621,1364.366876220703,0.0013080763678265939,-0.12246582444403997,0.0,1342.4632568359375,1
2024-05-06,INFY.NS,1336.9084732924218,1361.1045877183944,1334.1781442699464,1342.4632568359375,6445422,36.875691851563765,-30.096909117246923,-33.706852933713314,3.609943816466391,1365.803088693353,1449.0760400390625,1419.0059907485029,1304.5731352280595,1361.7895629882812,0.00677809759014103,-0.27107322774671194,0.0,1356.6326904296875,1
2024-05-07,INFY.NS,1341.568931255247,1358.892277291326,1332.7660699731557,1356.6326904296875,6080661,42.380043954627915,-27.269547417172816,-32.41939183040522,5.149844413232401,1364.9297174301466,1444.2029150390624,1414.1608080493143,1305.1110425366232,1359.6359252929688,0.010554801795578328,-0.056592260367125724,0.0,1343.781494140625,0
2024-05-08,INFY.NS,1351.266253405405,1355.5029356143054,1342.1809007941797,1343.781494140625,6234983,39.053838636266974,-25.76878057644535,-31.089269579613244,5.320489003167893,1362.9156009263827,1439.3457983398437,1409.9495503323333,1304.445420370792,1357.1974853515626,-0.009472863494828565,0.02537914874715108,0.0,1355.3145751953125,1
2024-05-09,INFY.NS,1344.0167568835536,1365.1059257902891,1341.4746788069972,1355.3145751953125,6088406,43.35085935319397,-23.379286921069024,-29.547273047904405,6.16798612683538,1362.1916937139,1435.278583984375,1405.9682519932567,1304.9291234950247,1355.4486877441407,0.008582556840510014,-0.02350880507613251,0.0,1341.521728515625,0
2024-05-10,INFY.NS,1351.077822320893,1351.9250667078657,1330.3180362931507,1341.521728515625,8777481,39.74204494317022,-22.341029952745885,-28.1060244288727,5.764994476126816,1360.2231255997785,1430.44970703125,1396.9699304343449,1307.3417516945615,1352.1558410644532,-0.010176859994071696,0.44167143255558194,0.0,1340.1566162109375,0
2024-05-13,INFY.NS,1341.6159637564915,1341.6159637564915,1328.623426347066,1340.1566162109375,3735954,39.39251873668656,-21.381879976766868,-26.761195538451535,5.379315561684667,1358.312029467508,1425.67826171875,1381.2741823251163,1315.1902219717585,1348.2322021484374,-0.001017584937813898,-0.5743705967577715,0.0,1341.33349609375,1
2024-05-14,INFY.NS,1342.9340893861715,1349.853980441674,1335.072713427135,1341.33349609375,3463230,39.88339543625822,-20.292858894088567,-25.467528209578944,5.174669315490377,1356.6950262890548,1421.2448095703126,1369.416967045667,1321.3938361769895,1345.4054016113282,0.0008781659311878354,-0.07299982815634243,0.0,1336.861328125,0
2024-05-15,INFY.NS,1342.5573572737128,1348.0180152167325,1335.5433413149956,1336.861328125,4327544,38.603873554597946,-19.565133736858115,-24.287049315034782,4.721915578176667,1354.8061026543828,1416.656953125,1360.433547311763,1325.8392920437059,1343.1364196777345,-0.003334120844498356,0.24956875517941346,0.0,1368.3070068359375,1
2024-05-16,INFY.NS,1350.0421774524657,1370.566593499511,1343.4989036055658,1368.3070068359375,9249145,50.603757733257055,-16.263527021496202,-22.68234485632707,6.418817834830868,1356.091903052626,1412.5539599609374,1364.6209590397157,1325.3142582454407,1344.9676086425782,0.023522019860535037,1.1372734742847213,0.0,1359.7867431640625,0
2024-05-17,INFY.NS,1371.7435559166192,1371.7435559166192,1355.0321982518835,1359.7867431640625,7542860,47.87347405933982,-14.171137927484779,-20.98010347055861,6.808965543073832,1356.4437925870486,1408.2306640625,1366.3766871289909,1325.9169774217903,1346.1468322753906,-0.006226865483629385,-0.184480295205665,0.0,1350.2305908203125,0
2024-05-21,INFY.NS,1346.3234055041823,1360.1631875478636,1344.8170526513272,1350.2305908203125,6752663,44.94449528002854,-13.132621440481671,-19.410607064543225,6.277985624061554,1355.8520590854546,1404.0777783203125,1365.8487228655736,1328.600959751614,1347.2248413085938,-0.00702768459230152,-0.1047609262269219,0.0,1369.6722412109375,1
2024-05-22,INFY.NS,1345.1465142625411,1374.520796372084,1344.4404006067602,1369.6722412109375,7173285,51.452170188869175,-10.61840853271724,-17.65216735817803,7.03375882546079,1357.1682669069291,1400.6432446289064,1369.3043793460924,1327.221279833595,1348.2628295898437,0.014398763087432043,0.06228979589237604,0.0,1386.2423095703125,1
2024-05-23,INFY.NS,1369.5779588477037,1391.6558474322132,1365.153026044568,1386.2423095703125,8641428,56.20374855201999,-7.205747285342568,-15.562883343610938,8.35713605826837,1359.9372233510608,1398.11818359375,1376.2137725715916,1323.1363372916899,1349.6750549316407,0.012097834694178466,0.20466815413022066,0.0,1379.3695068359375,0
2024-05-24,INFY.NS,1382.3352072624964,1389.1609728015071,1374.5679568215526,1379.3695068359375,5277938,53.84954310535631,-4.99815083062208,-13.449936841013166,8.451786010391086,1361.7879170162873,1395.2475952148438,1380.7674182939118,1321.8166881514007,1351.2920532226562,-0.004957865365186609,-0.38922849325366127,0.0,1385.253662109375,1
2024-05-27,INFY.NS,1385.7244045177397,1393.0209118473929,1374.8032036291474,1385.253662109375,5821844,55.56560625784669,-2.742202180972754,-11.308389909005083,8.566187728032329,1364.0227498822958,1392.5154052734374,1385.8271148437743,1319.8544891601318,1352.840802001953,0.004265829601333371,0.10305274521981889,0.0,1381.2054443359375,0
2024-05-28,INFY.NS,1389.1609456307224,1389.6316880724814,1374.8504213721912,1381.2054443359375,6186922,54.075817205117325,-1.2664056290605004,-9.299993053016166,8.033587423955666,1365.659196973119,1390.000703125,1389.631811807489,1319.514477255011,1354.57314453125,-0.002922365689525197,0.0627083102879431,0.0,1366.0474853515625,0
2024-05-29,INFY.NS,1379.652011269009,1379.7461367746178,1365.1531206572472,1366.0474853515625,7401634,48.79988656278987,-1.3049047096028517,-7.700975384333503,6.396070674730652,1365.696176818685,1386.9502954101563,1390.6947886804112,1319.9767079016199,1355.3357482910155,-0.010974441960488135,0.19633543141484577,0.0,1343.9224853515625,0
2024-05-30,INFY.NS,1358.3743695494225,1365.011768697552,1338.3678167520543,1343.9224853515625,9663150,42.31091800664897,-3.085154362910089,-6.777811180048821,3.692656817138732,1363.6224919170543,1383.486572265625,1390.4706556456701,1320.850450311361,1355.6605529785156,-0.016196362306033607,0.3055428031161769,0.0,1351.076904296875,1
2024-05-31,INFY.NS,1353.8618612517012,1379.7424895610318,1344.4506597427835,1351.076904296875,37113815,44.8640175421009,-3.8740555217107158,-6.197060048381201,2.323004526670485,1362.4276740484659,1379.3769702148438,1389.7542710018345,1323.5062026309781,1356.6302368164063,0.00532353541464925,2.8407574134728324,0.0,1350.11669921875,0
2024-06-03,INFY.NS,1382.8636553906256,1382.8636553906256,1348.29206400586,1350.11669921875,10589244,44.578864874833805,-4.5245892504026415,-5.86256588878549,1.3379766383828482,1361.2552002551595,1375.6115795898438,1389.0116955997255,1325.9179308651183,1357.4648132324219,-0.0007106960936651419,-0.714681877893717,0.0,1338.3526611328125,0
2024-06-04,INFY.NS,1353.09357909204,1358.8555105856897,1304.4532506211224,1338.3526611328125,13736134,41.12971487246491,-5.921146187140039,-5.8742819484564,-0.046864238683638426,1359.074006053031,1372.2012182617189,1389.2449419497648,1325.2736249447667,1357.2592834472657,-0.008713349070302412,0.29717796662349083,0.0,1373.3563232421875,1
2024-06-05,INFY.NS,1344.594729280313,1380.9428896837226,1344.594729280313,1373.3563232421875,9233424,52.82555925326816,-4.155522351789159,-5.530530029122952,1.3750076773337927,1360.4342267377128,1370.2667163085937,1390.8373337756111,1325.3535964001703,1358.0954650878907,0.02615428887013027,-0.32780038400906686,0.0,1413.833984375,1
2024-06-06,INFY.NS,1387.6171483700416,1415.8026912541518,1380.4627967662166,1413.833984375,12660930,62.182171649827126,0.504144758887378,-4.323595071520886,4.827739830408264,1365.519917941264,1369.26416015625,1401.639755460205,1321.556423739014,1361.5980895996095,0.029473531703158917,0.3712063910419363,0.0,1472.749755859375,1
2024-06-07,INFY.NS,1422.2368434730788,1478.607696455328,1418.6356360706318,1472.749755859375,24075302,71.15112244012424,8.848969482428856,-1.6890821607309379,10.538051643159793,1375.7322834572747,1369.4446264648439,1430.1473315124415,1304.7923657531835,1367.4698486328125,0.041670926102698846,0.9015429356295313,0.0,1440.242919921875,0
2024-06-10,INFY.NS,1464.7791939197848,1469.1006429210506,1437.8901779119085,1440.242919921875,6810606,62.36293316181112,12.692956704064272,1.1873256122281042,11.505631091836168,1381.8761535967603,1369.8382958984375,1441.3662672309376,1303.4455491753122,1372.405908203125,-0.022072205959071223,-0.7171123336272168,0.0,1436.4014892578125,0
2024-06-11,INFY.NS,1440.530920339611,1446.6768867495505,1434.67286293827,1436.4014892578125,4853054,61.3978301907243,15.25353961158521,4.0005684120995255,11.252971199485685,1387.0690427073366,1370.46017578125,1449.8403514467275,1304.59595226421,1377.2181518554687,-0.00266721023997174,-0.28742699254662507,0.0,1426.2701416015625,0
2024-06-12,INFY.NS,1447.205207418443,1448.8857708643502,1423.9173996680136,1426.2701416015625,9564320,58.81273010518322,16.27766612653363,6.455987954986346,9.821678171547285,1390.8024806972628,1371.0451342773438,1455.1231090849617,1307.8068591767571,1381.4649841308594,-0.007053284010088867,0.9707837580212377,0.0,1434.6729736328125,1
2024-06-13,INFY.NS,1435.6813586014816,1445.284578391458,1430.2555159747842,1434.6729736328125,7307565,60.30551641047938,17.564855368640792,8.677761437717235,8.887093930923557,1394.9806228816008,1371.5307666015624,1460.5052056186887,1312.2059271938115,1386.35556640625,0.005891473000910308,-0.23595561419944122,0.0,1429.8233642578125,0
2024-06-14,INFY.NS,1444.0360586769375,1444.0360586769375,1427.0864701658527,1429.8233642578125,4237727,58.976951683445485,17.986304250706098,10.539470000315008,7.44683425039109,1398.2989792031447,1371.9683642578125,1465.4120802634327,1313.450688291255,1389.4313842773438,-0.0033802890722336443,-0.4200904131540397,0.0,1438.7542724609375,1
2024-06-18,INFY.NS,1437.6019330325926,1447.2051523581276,1436.0654413858667,1438.7542724609375,5420939,60.694286260868466,18.823964237181144,12.196368847688236,6.6275953894929085,1402.1518642753153,1372.8218334960939,1470.9780594742158,1315.7814620101592,1393.3797607421875,0.006246161887109025,0.2792091137536703,0.0,1451.382568359375,1
2024-06-19,INFY.NS,1445.2845473689924,1455.51199967115,1437.313828223679,1451.382568359375,5493456,63.049758929036535,20.273117868201552,13.811718651790901,6.461399216410651,1406.8405027595113,1373.9692944335939,1477.302267568179,1319.572451670102,1398.4373596191406,0.008777243022074499,0.0133772027318515,0.0,1455.2718505859375,1
2024-06-20,INFY.NS,1456.1361637531038,1457.2885031581282,1439.618556511379,1455.2718505859375,7927010,63.769873543916056,21.487718094416778,15.346918540316079,6.140799554100699,1411.4530120763138,1375.0806225585939,1484.1233978467708,1321.3112823290103,1402.7173400878905,0.0026797085147294286,0.4429914429095272,0.0,1471.885498046875,1
2024-06-21,INFY.NS,1483.6975056622882,1495.94161129154,1463.2425999556383,1471.885498046875,17301941,66.75076537261249,23.519758888541446,16.981486609961152,6.538272278580294,1417.2084869306532,1376.6673266601563,1493.3485595615803,1320.6504394618573,1406.9994995117188,0.011416181419470428,1.182656638505565,0.0,1466.5556640625,0
2024-06-24,INFY.NS,1464.0588504809766,1468.428244941943,1455.271881344855,1466.5556640625,5564989,64.90577922678489,24.418610259674097,18.46891133990374,5.949698919770356,1421.908218086067,1378.1926293945312,1500.4478075892484,1322.2698071568452,1411.3588073730468,-0.003621092803378745,-0.6783604221052424,0.0,1480.768310546875,1
2024-06-25,INFY.NS,1465.451223093983,1482.6410085926725,1460.0253808999469,1480.768310546875,4551525,67.48653039116938,25.97833615023069,19.97079630196913,6.007539848261558,1427.5139411775726,1379.6604223632812,1509.2627287775333,1323.0063508123105,1416.134539794922,0.009691174247695944,-0.1821142862995776,0.0,1479.5679931640625,0
2024-06-26,INFY.NS,1479.8561366420593,1487.3946405637594,1474.0942048965353,1479.5679931640625,4851004,67.03815844802602,26.80854238551092,21.33834551867749,5.4701968668334295,1432.4714699381907,1380.8791943359374,1516.6395906746923,1325.4657437979638,1421.052667236328,-0.000810604450583674,0.06579750742882884,0.0,1510.9224853515625,1
2024-06-27,INFY.NS,1477.4072265440695,1515.7721579895249,1471.261259972567,1510.9224853515625,14757754,72.22863177990007,29.654691463602376,23.00161470766247,6.653076755939907,1439.9429952156547,1383.14025390625,1527.981797864279,1328.6110366083772,1428.2964172363281,0.021191653463960236,2.0422061082613,0.0,1504.58447265625,0
2024-06-28,INFY.NS,1510.15438706981,1525.4714758668922,1502.1836676895095,1504.58447265625,8197544,69.83473722615358,31.04103868625748,24.60949950338147,6.4315391828760085,1446.0993264004733,1385.5871240234376,1533.3822536722091,1339.276779530916,1436.3295166015625,-0.004194796726344152,-0.4445263147766252,0.0,1527.68017578125,1
2024-07-01,INFY.NS,1497.6220524294586,1536.4190819140294,1497.6220524294586,1527.68017578125,6801771,73.30659815177768,33.61585640416365,26.410770883537907,7.205085520625744,1453.8689311034045,1389.5070629882812,1541.7139841889746,1348.6053761625878,1445.1596801757812,0.015350220306491691,-0.17026721662000233,0.0,1556.72998046875,1
2024-07-02,INFY.NS,1532.86588566981,1568.9740856185726,1523.550809426941,1556.72998046875,10493173,76.90686587434755,37.56744038723377,28.642104784277084,8.92533560295669,1463.6652215191518,1393.9176171875,1553.3616673070742,1357.6190211694884,1455.4903442382813,0.019015632426233386,0.5427118907708006,0.0,1562.8280029296875,1
2024-07-03,INFY.NS,1560.5232067482063,1571.086748455425,1542.2770892539197,1562.8280029296875,7269965,77.59014843833937,40.721743699773924,31.05803256737645,9.663711132397474,1473.1092959392029,1398.6007690429688,1559.6384424932983,1373.7897801629517,1466.714111328125,0.0039171998596065905,-0.3071719107270985,0.0,1585.1553955078125,1
2024-07-04,INFY.NS,1563.5960981382616,1594.13438198508,1563.4040806456085,1585.1553955078125,8008311,79.93149718185208,44.510101045463216,33.74844626299381,10.761654782469407,1483.7803530409751,1403.3256274414061,1573.4751369575579,1381.1329929252547,1477.3040649414063,0.01428653219437459,0.1015611491939783,0.0,1582.0823974609375,0
2024-07-05,INFY.NS,1585.9236853770542,1599.7523453204356,1568.5418810019864,1582.0823974609375,7065022,78.71256332112982,46.72581022087684,36.34391905457042,10.381891166306417,1493.142452509543,1407.8073193359376,1587.479982859554,1383.952988331852,1485.716485595703,-0.0019386099656750755,-0.11778875720485882,0.0,1595.718994140625,1
2024-07-08,INFY.NS,1577.904975049744,1599.8963711842514,1574.9280004454815,1595.718994140625,5880533,80.1585490802208,49.017096515425465,38.87855454674143,10.138541968684038,1502.9116469505984,1412.7811083984375,1604.0749212240446,1379.6549737954867,1491.8649475097657,0.008619397258684325,-0.16765538734345065,0.0,1591.3974609375,0
2024-07-09,INFY.NS,1594.0383461640054,1600.6165277373964,1585.491457803775,1591.3974609375,5191182,78.34238951613462,49.908926758307416,41.08462898905463,8.824297769252787,1511.3388673303034,1417.5234838867189,1616.9427951682712,1381.9025539528227,1499.422674560547,-0.002708204401272063,-0.1172259385331228,0.0,1582.8507080078125,0
2024-07-10,INFY.NS,1591.2535253565572,1607.5789990626895,1572.575309683498,1582.8507080078125,9852770,74.735925920146,49.357099201977235,42.73912303163915,6.617976170338082,1518.1495188233994,1422.249326171875,1625.8846268706075,1387.6056441254864,1506.745135498047,-0.005370596057538313,0.8979820010163388,0.0,1587.1241455078125,1
2024-07-11,INFY.NS,1590.2932550444575,1598.9361531696993,1576.896809841057,1587.1241455078125,8857679,75.34702957918847,48.703182607109284,43.93193494673318,4.771247660376105,1524.7185308885814,1426.9759008789063,1632.8233829674232,1396.7522884192954,1514.7878356933593,0.002699836111125453,-0.10099606506596626,0.0,1643.8310546875,1
2024-07-12,INFY.NS,1613.340833576749,1651.5136300854847,1600.520559326722,1643.8310546875,17078316,81.67970537805887,52.159460849314655,45.57744012724948,6.582020722065174,1536.0625807741928,1433.103994140625,1649.9119807284092,1400.5794987637782,1525.2457397460937,0.03572934690722862,0.9280802566902684,0.0,1639.3175048828125,0
2024-07-15,INFY.NS,1657.707575021914,1659.436201288973,1635.092065184172,1639.3175048828125,6942230,79.91999817658848,53.91290608771351,47.244533319342295,6.6683727683712135,1545.8963830702519,1439.2566796875,1661.7529079237272,1409.6879856309604,1535.7204467773438,-0.0027457504174877023,-0.5935061747305765,0.0,1657.563720703125,1
2024-07-16,INFY.NS,1650.4092519603355,1668.943512173137,1632.547287437264,1657.563720703125,6886281,81.64184506970082,56.12783446143885,49.02119354776161,7.106640913677239,1556.531367606716,1445.7394506835938,1675.0901775540979,1418.2316608248084,1546.6609191894531,0.011130373320583198,-0.00805922592596331,0.0,1688.2940673828125,1
2024-07-18,INFY.NS,1650.7934479826547,1695.3524103380762,1650.7934479826547,1688.2940673828125,11248896,84.1127638485968,59.67496742998537,51.151948324206366,8.523019105779007,1569.0801961568204,1452.6560668945312,1693.1512145215215,1423.8617737597283,1558.506494140625,0.018539466263566506,0.6335226517767718,0.0,1721.8092041015625,1
2024-07-19,INFY.NS,1770.8336868455729,1770.8336868455729,1715.5671113876276,1721.8092041015625,29819116,86.2814463893384,64.44757576262191,53.81107381188948,10.63650195073243,1583.6258159610816,1459.9595971679687,1715.4329990318365,1428.233724600976,1571.8333618164063,0.019851480477393935,1.6508482254614143,0.0,1738.9990234375,1
2024-07-22,INFY.NS,1728.7236252048558,1750.6669588687384,1721.80923665492,1738.9990234375,8462126,87.24328351436222,68.82362114675539,56.813583278862666,12.01003786789272,1598.423264292169,1467.8639477539064,1738.4806426980688,1431.8974334738061,1585.1890380859375,0.009983579652721897,-0.7162180797043078,0.0,1764.015380859375,1
2024-07-23,INFY.NS,1738.182697435553,1766.9442924167647,1712.494085746934,1764.015380859375,7113056,88.50625150909003,73.46343882157635,60.1435543874054,13.319884434170945,1614.1939420604745,1476.0379638671875,1761.9091428402085,1438.214905011354,1600.0620239257812,0.014385492507307474,-0.15942447559868522,0.0,1761.182373046875,0
2024-07-24,INFY.NS,1764.5915628208677,1769.249100779416,1747.4017766683005,1761.182373046875,6002845,87.45035008357894,76.03543849832681,63.32193120958969,12.71350728873712,1628.1928402496555,1484.4311767578124,1780.6778194342546,1447.4876346673077,1614.0827270507812,-0.0016059994959453094,-0.1560807337943072,0.0,1752.443603515625,0
2024-07-25,INFY.NS,1747.7860651938493,1758.253598590097,1740.103489083107,1752.443603515625,5815599,84.1167085652789,76.4869274163841,65.95493045094858,10.531996965435525,1640.026246274986,1492.6769165039063,1792.708983970284,1462.744031166435,1627.7265075683595,-0.00496187655803737,-0.031192876044608853,0.0,1804.348876953125,1
2024-07-26,INFY.NS,1752.9235913028444,1808.2861733754448,1752.9235913028444,1804.348876953125,11369047,87.23042851047272,80.10960376695448,68.78586511414977,11.323738652804707,1655.676020625285,1501.9372241210938,1815.223413793013,1469.572240503862,1642.3978271484375,0.029618798193203677,0.9549227861136917,0.0,1796.8583984375,0
2024-07-29,INFY.NS,1818.4656425678857,1827.4926924499405,1790.040135957272,1796.8583984375,4635931,84.6514011027048,81.43742195185928,71.31617648169167,10.121245470167608,1669.1219613693056,1511.1371655273438,1830.1806673501396,1483.8423795248605,1657.0115234375,-0.004151347121003401,-0.5922322249173568,0.0,1802.6683349609373,1
2024-07-30,INFY.NS,1796.8583403917328,1805.357166029777,1786.1987904104494,1802.6683349609373,2721265,85.02132123415203,82.01314427578382,73.45557004051011,8.557574235273705,1681.8406636161276,1519.8243920898437,1844.338664351678,1497.1831984412909,1670.7609313964845,0.003233385851934445,-0.41300571557255705,0.0,1794.1214599609375,0
2024-07-31,INFY.NS,1802.524276915124,1810.350924152097,1791.048476651269,1794.1214599609375,5004209,81.89441982246879,80.84778405349402,74.9340128431069,5.913771210387125,1692.5340727918237,1528.5110864257813,1855.8605105092138,1509.4005002329736,1682.6305053710937,-0.004741235442062064,0.838927484092876,0.0,1779.092529296875,0
2024-08-01,INFY.NS,1782.453656326238,1793.7855029159562,1771.8901142339544,1779.092529296875,7475014,76.56222169360748,77.81452121606526,75.51011451769857,2.304406698366691,1700.7777353161146,1537.0883251953126,1862.356098673732,1524.5313647051744,1693.4437316894532,-0.008376763223371553,0.49374536515161527,0.0,1748.938232421875,0
2024-08-02,INFY.NS,1769.8732971519382,1785.7186088193323,1744.0886770658112,1748.938232421875,7400938,67.11932274719253,72.14578709168586,74.83724903249603,-2.6914619408101714,1705.3644493261868,1544.6736450195312,1864.52484606685,1538.7409010034626,1701.6328735351562,-0.016949257207503066,-0.00990981421573256,0.0,1682.3880615234375,0
2024-08-05,INFY.NS,1714.1266318965754,1726.178719359178,1650.3613476722037,1682.3880615234375,10736703,51.904132046646865,61.57345142864506,72.18448951172584,-10.611038083080786,1703.1762219164011,1550.5965600585937,1860.4297933038822,1552.86652017268,1706.6481567382812,-0.03805175601100608,0.4507219220050216,0.0,1681.619873046875,0
2024-08-06,INFY.NS,1690.3587800212945,1725.6506144088737,1675.617860395926,1681.619873046875,7690163,51.758279853071095,52.52731071527023,68.25305375243472,-15.725743037164492,1701.1232363097797,1556.6415673828126,1856.6800502063206,1565.2063511608667,1710.9432006835937,-0.0004566059960428026,-0.2837500487812693,0.0,1720.5609130859375,1
2024-08-07,INFY.NS,1724.7382902879888,1726.5629255103806,1692.183351452448,1720.5609130859375,5094329,58.174466167304665,47.94768445331738,64.19197989261126,-16.24429543929388,1702.9744436217948,1563.3477124023439,1852.4297430330205,1582.373003549011,1717.4013732910157,0.023156862417727186,-0.3375525330217318,0.0,1673.9852294921875,0
2024-08-08,INFY.NS,1709.3250068929765,1709.3250068929765,1658.5720153140558,1673.9852294921875,6227910,49.66602568850653,40.09780667418568,59.37314524892614,-19.275338574740466,1700.2135660856418,1569.2033081054688,1844.0474995110426,1599.8686992194262,1721.9580993652344,-0.02707005793256889,0.22251821584353904,0.0,1700.489990234375,1
2024-08-09,INFY.NS,1700.970151180368,1710.093209154236,1686.32524232758,1700.489990234375,4258524,53.80647958624783,35.6050023574428,54.61951667062948,-19.01451431318668,1700.239892195045,1575.892158203125,1833.6143173281441,1621.638465874981,1727.6263916015625,0.015833330112612787,-0.31621940586810027,0.0,1726.0826416015625,1
2024-08-12,INFY.NS,1702.6988263064616,1731.9405818653124,1697.9451624687292,1726.0826416015625,4315329,57.44645578236848,33.720822989201,50.43977793434378,-16.718954945142784,1702.7011064242372,1583.535361328125,1830.5414612976044,1632.936480596927,1731.7389709472657,0.015050162902552566,0.013339128768559139,0.0,1726.130615234375,1
2024-08-13,INFY.NS,1738.1827024097588,1738.1827024097588,1718.0640047615366,1726.130615234375,4176918,57.453223716941636,31.864158155854966,46.724653978646025,-14.860495822791059,1704.9324882156789,1591.036435546875,1825.435724135901,1646.7235287937867,1736.0796264648438,2.779335800973115e-05,-0.03207426363088428,0.0,1750.9071044921875,1
2024-08-14,INFY.NS,1730.5002617824882,1752.5876680094568,1726.130749746865,1750.9071044921875,7450718,60.91099947378233,32.0228539889747,43.78429398071176,-11.761439991737056,1709.311023099156,1599.0522436523438,1822.651640733457,1658.8419505751367,1740.7467956542969,0.01435377429676632,0.7837836414313137,0.0,1785.1904296875,1
2024-08-16,INFY.NS,1776.5955951852964,1787.9753867685558,1756.908995346757,1785.1904296875,7335657,65.13347103438319,34.51710767450413,41.930856719470235,-7.413749044966103,1716.5376332504268,1607.9889990234376,1825.961410196755,1665.2218173423075,1745.5916137695312,0.01958032216977923,-0.015442941203787308,0.0,1790.8084716796875,1
2024-08-19,INFY.NS,1786.1988792940135,1793.449357119504,1775.827355039649,1790.8084716796875,2585989,65.78570953561086,36.52610057650941,40.84990549087807,-4.323804914368665,1723.611046434166,1616.3380419921875,1830.9408288814088,1667.142325415466,1749.0415771484375,0.0031470267254183337,-0.6474768381346074,0.0,1797.9146728515625,1
2024-08-20,INFY.NS,1805.405230806265,1810.8790189238412,1794.0733851264426,1797.9146728515625,3870333,66.63589637585059,38.25072245274259,40.33006888325098,-2.0793464305083873,1730.6875822834418,1624.0196557617187,1836.4285949054374,1667.5461243328436,1751.9873596191405,0.003968152532364266,0.4966548581606496,0.0,1798.394775390625,1
2024-08-21,INFY.NS,1800.6995713961778,1804.444850251852,1793.0169961955314,1798.394775390625,1966902,66.69610837034884,39.204315037491824,40.10491811409915,-0.9006030766073252,1737.1358863888877,1630.5325561523437,1840.4259798161634,1666.986678875243,1753.7063293457031,0.00026703299456420915,-0.49180031795713697,0.0,1805.6453857421875,1
2024-08-22,INFY.NS,1809.2465931329775,1818.513723597305,1795.51394205871,1805.6453857421875,4300287,67.64575083173634,40.08305518136581,40.100545527552484,-0.01749034618667622,1743.6606006130116,1637.84060546875,1845.5335147820692,1666.3254451788684,1755.9294799804688,0.004031712308543378,1.1863249922975316,0.0,1788.2154541015625,0
2024-08-23,INFY.NS,1803.67661383031,1807.9020537953015,1783.3178356718945,1788.2154541015625,5015935,62.99545922646867,38.92431795316725,39.86530001267544,-0.9409820595081939,1747.9039199928736,1644.876884765625,1848.3940525586568,1667.0420924608743,1757.7180725097655,-0.009653020342895613,0.16641865996385818,0.0,1801.7080078125,1
2024-08-26,INFY.NS,1795.8020045127269,1813.8080406542315,1790.0400729474454,1801.7080078125,3728589,65.00120511682204,38.64922249544384,39.622084509229126,-0.9728620137852886,1753.0281188328381,1652.3856420898437,1847.9973121589348,1667.174745946534,1757.5860290527344,0.0075452617747990836,-0.256651252458415,0.0,1824.707763671875,1
2024-08-27,INFY.NS,1801.7080992308468,1827.2526403543604,1799.5473747842314,1824.707763671875,3830679,68.16852156477246,39.82798324532064,39.663264256447434,0.16471898887320435,1759.8547516746512,1660.186337890625,1852.568271829128,1665.3887227997782,1758.978497314453,0.012765529020043465,0.02738033073637247,0.0,1862.1602783203125,1
2024-08-28,INFY.NS,1831.237958279541,1873.588133022963,1822.1148997127973,1862.1602783203125,6514531,72.52831664986275,43.28529858261709,40.387671121681365,2.8976274609357233,1769.5981351647142,1668.833076171875,1864.2819202552896,1659.6242687095541,1761.9530944824219,0.020525212526674164,0.7006204383087176,0.0,1856.638427734375,0
2024-08-29,INFY.NS,1856.3023384955795,1873.1079727033768,1844.6824662886909,1856.638427734375,7228284,70.98462028099817,45.060252163870246,41.32218733011915,3.738064833751096,1777.8876868380153,1677.1907592773437,1874.7065242115248,1655.4513615306626,1765.0789428710937,-0.0029652928645423904,0.10956322105152316,0.0,1866.5777587890625,1
2024-08-30,INFY.NS,1861.1039704725115,1872.6278340667684,1851.5007508106305,1866.5777587890625,13466759,72.13431159381776,46.73025927418462,42.40380171893224,4.326457555252375,1786.3343603571627,1685.4946630859374,1887.6174787369387,1651.2889299544677,1769.4532043457032,0.005353401559622162,0.8630644562388528,0.0,1886.552490234375,1
2024-09-02,INFY.NS,1866.241657337013,1897.356112283312,1865.713550595146,1886.552490234375,5573739,74.33520620418338,49.09955670640261,43.742952716426316,5.356603989976293,1795.8789441549925,1694.1202758789063,1904.5200890310834,1648.1477454415726,1776.333917236328,0.010701258681165893,-0.5861113279000538,0.0,1864.22509765625,0
2024-09-03,INFY.NS,1888.9533893572925,1888.9533893572925,1859.6155051280512,1864.22509765625,4694322,67.88131744140306,48.61520221878686,44.717402616898426,3.897799601888437,1802.3881016313026,1701.9670678710938,1911.4450323335261,1659.4065057524115,1785.4257690429688,-0.011835023246743126,-0.15777864733171032,0.0,1846.1708984375,0
2024-09-04,INFY.NS,1844.8744872415468,1850.7324277310104,1824.6597803927025,1846.1708984375,4778310,63.109880503521836,46.2414817883182,45.02221845118238,1.2192633371358141,1806.5578918033214,1709.5593725585939,1912.7874701648616,1674.5191704601384,1793.6533203125,-0.009684559681901184,0.017891401569811283,0.0,1856.4464111328125,1
2024-09-05,INFY.NS,1849.8201661965988,1863.0245930805456,1833.8307821972223,1856.4464111328125,4081810,64.63358220338375,44.67445987930569,44.952666736807046,-0.27820685750135965,1811.309179358511,1717.0729345703126,1917.615813718708,1683.2793767109792,1800.4475952148437,0.005565851300120217,-0.14576283246587185,0.0,1826.3883056640625,0
2024-09-06,INFY.NS,1845.7388167038996,1859.6634851962024,1821.5866958391305,1826.3883056640625,5848106,57.19195939981512,40.53982792027227,44.070098973500095,-3.530271053227821,1812.7452866257063,1724.0093408203124,1910.205707461966,1705.929790584909,1808.0677490234375,-0.01619120556806619,0.4327237181544461,0.0,1819.4739990234373,0
2024-09-09,INFY.NS,1815.0084785277315,1844.634387126065,1814.0481565814205,1819.4739990234373,4772612,55.60596189555116,36.28688294490826,42.51345576778173,-6.226572822873472,1813.386116377871,1730.18037109375,1903.4709392068496,1724.5629597189316,1814.0169494628906,-0.0037857812707091654,-0.18390466930660965,0.0,1836.4237060546875,1
2024-09-10,INFY.NS,1829.317300201853,1858.2229673598688,1820.7704114285848,1836.4237060546875,6909600,58.63431159102717,33.893391198099835,40.78944285384536,-6.896051655745524,1815.580172537568,1736.8171557617188,1899.74739822799,1739.3206071431039,1819.534002685547,0.009315718191272637,0.4477606811532133,0.0,1834.3590087890625,0
2024-09-11,INFY.NS,1838.7284033553788,1849.5800883553493,1829.4133272673623,1834.3590087890625,5312946,58.11426412350853,31.46719370920482,38.924993024917256,-7.457799315712435,1817.3686331329484,1742.950732421875,1892.8878434009305,1757.003001325632,1824.9454223632813,-0.001124303317811548,-0.23107763112191737,0.0,1873.0599365234373,1
2024-09-12,INFY.NS,1848.6197893164424,1878.773922571952,1834.9832642548035,1873.0599365234373,8555092,64.47459699539809,32.2949797270951,37.598990365352826,-5.304010638257729,1822.6725667891856,1749.2773315429688,1892.9693479672121,1769.1367799624752,1831.0530639648437,0.02109779358835695,0.6102350748530101,0.0,1866.9619140625,0
2024-09-13,INFY.NS,1873.0599351123683,1880.886582594913,1858.8472403257117,1866.9619140625,3843127,62.85500403241863,32.08904413480241,36.49700111924274,-4.407956984440332,1826.8905998628345,1755.360009765625,1895.174740107355,1775.1085362598326,1835.1416381835938,-0.0032556472657547797,-0.5507789980516866,0.0,1872.867919921875,1
2024-09-16,INFY.NS,1868.5464710616527,1874.548483367517,1856.3504289468576,1872.867919921875,1570181,63.80336778647148,32.033145843186276,35.60423006403145,-3.5710842208451723,1831.2693922494097,1761.1142602539062,1897.7954802086915,1780.6937409827146,1839.244610595703,0.003163431355984958,-0.5914314046868605,0.0,1875.07666015625,1
2024-09-17,INFY.NS,1870.467067930622,1880.742465848968,1865.089288485256,1875.07666015625,2793127,64.17178108879793,31.800496592460604,34.843483369717276,-3.0429867772566723,1835.441513002442,1766.9741455078124,1900.4073259525314,1785.7980939693437,1843.1027099609375,0.0011793358254901243,0.7788567050550224,0.0,1817.0731201171875,0
2024-09-18,INFY.NS,1861.824097546446,1861.824097546446,1806.6536508696367,1817.0731201171875,6385468,49.82873123445416,26.628759693847996,33.20053863454342,-6.571778940695424,1833.6921422514652,1771.4012280273437,1898.9554603522488,1789.1177940422826,1844.0366271972657,-0.0309339566064617,1.2861359329525652,0.0,1819.0418701171875,1
2024-09-19,INFY.NS,1834.791174229284,1848.5238256038056,1804.253005223771,1819.0418701171875,7976570,50.2353051521118,22.43041870839511,31.04651464931376,-8.616095940918651,1832.296878238677,1775.9541162109374,1898.0398712330007,1791.3730315990306,1844.7064514160156,0.0010834731845426049,0.24917547155509978,0.0,1830.1336669921875,1
2024-09-20,INFY.NS,1829.4134254860903,1839.0166455673825,1793.305341425795,1830.1336669921875,15242974,52.56745718158825,19.7703186134288,28.79127544213677,-9.02095682870797,1832.0908581199635,1780.899775390625,1894.0369781520499,1799.5677459690437,1846.8023620605468,0.006097603940411478,0.9109684989914211,0.0,1821.2025146484373,0
2024-09-23,INFY.NS,1833.2546020080952,1842.761812755645,1803.9167195535472,1821.2025146484373,3636672,50.51467282151873,16.748435233957707,26.38270740050096,-9.634272166543251,1831.0538730274372,1785.5813427734374,1891.954897214951,1803.5992775897366,1847.7770874023438,-0.004880054667497857,-0.7614197859289139,0.0,1823.2672119140625,1
2024-09-24,INFY.NS,1813.087822795001,1835.0792186672709,1797.1465020357018,1823.2672119140625,7277616,50.991141673322076,14.354702621840943,23.977106444768957,-9.622403822928014,1830.312286254735,1789.1700659179687,1892.0375105448063,1803.3726090840998,1847.705059814453,0.0011336999861455421,1.0011747003854072,0.0,1820.0982666015625,0
2024-09-25,INFY.NS,1811.5033146813455,1826.1482246431408,1802.3323102544668,1820.0982666015625,4268341,50.19234073993902,12.062891375204345,21.594263430856035,-9.53137205565169,1829.3395224782425,1792.7856811523438,1890.9705650848825,1800.2333533721487,1845.6019592285156,-0.0017380586300201895,-0.41349735957489375,0.0,1824.8519287109373,1
2024-09-26,INFY.NS,1822.4991866395028,1841.8495816692773,1817.8895940269988,1824.8519287109373,8952803,51.421715381497975,10.509053428585048,19.37722143040184,-8.868168001816791,1828.912132595642,1796.1314453125,1889.9469200345932,1798.0783485200943,1844.0126342773438,0.002611761242018451,1.0974901021263297,0.0,1831.0938720703125,1
2024-09-27,INFY.NS,1855.4380099764576,1896.251692715668,1827.780808244556,1831.0938720703125,14908931,53.06006578703794,9.66983053692661,17.435743251706796,-7.765912714780185,1829.1199173075154,1798.98744140625,1887.28185744506,1797.1950224377526,1842.2384399414063,0.0034205204604105255,0.6652808064692142,0.0,1801.179931640625,0
2024-09-30,INFY.NS,1805.40537191387,1825.8122145485347,1796.282312853667,1801.179931640625,6986955,45.193594113479335,6.515824983123139,15.251759597990066,-8.735934614866927,1826.4589662916212,1800.5748559570313,1881.5638245926177,1794.3757994308196,1837.9698120117187,-0.01633665039568155,-0.5313577479163328,0.0,1828.7890625,1
2024-10-01,INFY.NS,1800.6036370139675,1833.206519977448,1800.6036370139675,1828.7890625,4029072,52.23254727841396,6.1729213843598245,13.435991955264019,-7.263070570904194,1826.6808802162288,1802.3706567382812,1878.2321634449943,1794.1638570628181,1836.1980102539062,0.015328358024857103,-0.4233436454077635,0.0,1818.2735595703125,0
2024-10-03,INFY.NS,1814.528280610594,1835.991452228292,1806.3655442331449,1818.2735595703125,7503887,49.618677574221,4.995074497668384,11.747808463744892,-6.752733966076509,1825.880183011856,1803.4558203125,1877.2702235733857,1792.336063047708,1834.8031433105468,-0.0057499813102078745,0.8624355682896707,0.0,1842.04150390625,1
2024-10-04,INFY.NS,1814.5763205944831,1876.565029844856,1811.1671309069884,1842.04150390625,10001483,55.08932322368852,5.911354410988679,10.58051765319365,-4.669163242204972,1827.4193564303698,1805.0730029296874,1875.5337176871415,1792.632078211296,1834.0828979492187,0.01307170981552086,0.33284029996720377,0.0,1857.55078125,1
2024-10-07,INFY.NS,1846.8911139011775,1864.9452133204368,1840.0249057901144,1857.55078125,6112575,58.273284975831764,7.799078981199955,10.024229918794912,-2.2251509375949574,1830.2890159370013,1807.175146484375,1878.1470967923954,1793.134946664636,1835.6410217285156,0.008419613407657067,-0.3888331360459244,0.0,1871.2353515625,1
2024-10-08,INFY.NS,1861.007899519078,1880.2622839615103,1830.7096956078076,1871.2353515625,5637391,60.90684516491478,10.28083370950003,10.075550676935936,0.2052830325640933,1834.1886669489536,1808.5128759765626,1882.7385353170419,1793.7196433938955,1838.2290893554687,0.0073669966122225095,-0.07773875985161738,0.0,1875.2686767578125,1
2024-10-09,INFY.NS,1875.07665925967,1898.5564839074104,1867.922190438456,1875.2686767578125,4857163,61.674617237719154,12.429814680762775,10.546403477701304,1.8834112030614705,1838.1010488355116,1810.0810815429688,1887.4971848194602,1792.8454909617897,1840.171337890625,0.0021554344791234747,-0.13840232121561202,0.0,1842.85791015625,0
2024-10-10,INFY.NS,1880.214459242611,1886.0723999723164,1838.152308930917,1842.85791015625,4782119,52.715227591316456,11.386364662331061,10.714395714627257,0.6719689477038049,1838.5540832470106,1810.884873046875,1887.8583224248998,1793.334243493069,1840.5962829589844,-0.01728326559455906,-0.01545017122134873,0.0,1858.319091796875,1
2024-10-11,INFY.NS,1841.8976089269852,1869.7469471224404,1834.3110416283796,1858.319091796875,4709431,55.998996631954455,11.67245831537798,10.906008234777401,0.7664500806005794,1840.4364650136642,1812.1688256835937,1885.5053717691706,1794.213109676142,1839.8592407226563,0.008389784993957594,-0.015199956337347498,0.0,1881.1746826171875,1
2024-10-14,INFY.NS,1855.4860705732613,1891.354071794841,1854.477685639696,1881.1746826171875,3751378,60.379333684281654,13.586824310520797,11.442171449926082,2.1446528605947144,1844.3162952616187,1814.21046875,1888.2776502047009,1792.8621080960802,1840.5698791503905,0.012299066893949107,-0.2034328563259553,0.0,1881.558837890625,1
2024-10-15,INFY.NS,1882.2310163628915,1912.433094709219,1874.3083602991192,1881.558837890625,5353705,60.450599929797505,14.962492968863899,12.146235753713645,2.8162572151502534,1847.8632040834289,1816.862880859375,1890.021384956655,1791.9874651410012,1841.0044250488281,0.00020421031443129678,0.42713024387305154,0.0,1843.914306640625,0
2024-10-16,INFY.NS,1877.4295689381304,1881.799081066025,1840.313099027572,1843.914306640625,3111512,50.80651010436229,12.866800758519275,12.290348754674772,0.5764520038445031,1847.4871186126857,1820.0934057617187,1885.9485812633823,1792.9440334827116,1839.446307373047,-0.020007097568207066,-0.4188114586067032,0.0,1890.0096435546875,1
2024-10-17,INFY.NS,1858.415027332384,1899.516854492198,1853.5654717255,1890.0096435546875,8162822,59.356921498421585,14.755367347450147,12.783352473229849,1.9720148742202976,1851.5368828928763,1824.261201171875,1893.2975397661553,1792.8887273236883,1843.0931335449218,0.024998632934326803,1.6234261670853272,0.0,1805.0211181640625,0
2024-10-18,INFY.NS,1818.657760223304,1859.9995499352583,1795.0818094027522,1805.0211181640625,10526196,44.12767523693821,9.28714977374284,12.084111933332448,-2.796962159589608,1847.1068100615607,1825.9504052734376,1894.283517258609,1790.5006746359225,1842.3920959472657,-0.04496724431034149,0.28952903787440176,0.0,1779.2364501953125,0
2024-10-21,INFY.NS,1816.0647726492864,1823.459321823041,1765.071701772492,1779.2364501953125,4654601,40.71461969247273,2.8402006712085495,10.235329680907668,-7.395129009699119,1840.6429662647752,1828.0554296875,1898.451736990081,1781.242733224763,1839.847235107422,-0.014284967477264932,-0.5578078728535931,0.0,1778.1319580078125,0
2024-10-22,INFY.NS,1784.4700589292672,1803.2924614363872,1773.6664378494722,1778.1319580078125,4125240,40.569868650779675,-2.331302426033062,7.722003259519521,-10.053305685552584,1834.6895369069694,1829.6082690429687,1901.7886905246187,1773.5987240261625,1837.6937072753906,-0.0006207675137156476,-0.1137285451534944,0.0,1799.0672607421875,1
2024-10-23,INFY.NS,1772.0341729593083,1811.167294513619,1770.8337704576425,1799.0672607421875,4311910,44.59104012901568,-4.686429678097738,5.240316671996069,-9.926746350093808,1831.2969391769902,1831.0679614257813,1902.5070860468973,1770.4603333866967,1836.483709716797,0.0117737621440821,0.04525070056530045,0.0,1789.4158935546875,0
2024-10-24,INFY.NS,1787.5433126309072,1809.2465653946333,1786.198838446931,1789.4158935546875,2906475,43.14180616572051,-7.248117874266882,2.742629762743479,-9.990747637010362,1827.3082681653425,1832.3336669921875,1903.7903599176966,1766.1088222112098,1834.9495910644532,-0.005364650559823159,-0.3259425637362561,0.0,1788.1676025390625,0
2024-10-25,INFY.NS,1789.5119595392343,1801.9001366151977,1773.1385399992107,1788.1676025390625,4689120,42.94738688394538,-9.272117677363894,0.33968027472200446,-9.6117979520859,1823.5805857247444,1833.078876953125,1904.8294765177561,1761.4012729939627,1833.1153747558594,-0.0006975969198224075,0.6133357417490259,0.0,1791.336669921875,1
2024-10-28,INFY.NS,1785.9108270230458,1807.2300463621357,1783.3180044404317,1791.336669921875,7018940,43.641769235619655,-10.49940425406885,-1.8281366310361662,-8.671267623032684,1820.5097366006617,1833.2018017578125,1905.1233306192644,1757.1316986776105,1831.1275146484375,0.0017722429252786664,0.4968565530419353,0.0,1786.4317626953125,0
2024-10-29,INFY.NS,1792.9391324904534,1798.378144066303,1776.4277753656768,1786.4317626953125,4621252,42.774033768564806,-11.732576886323386,-3.8090246820936104,-7.923552204229775,1817.2642152763428,1833.114267578125,1905.8445706101463,1754.9356417921974,1830.3901062011719,-0.002738126957885778,-0.3416025781670736,0.0,1750.301025390625,0
2024-10-30,INFY.NS,1779.3416136488445,1786.1404080241402,1744.7163014394891,1750.301025390625,5919715,36.94645114859876,-15.447257259132357,-6.136671197501361,-9.310586061630996,1810.8867686205601,1832.1619946289063,1909.6168437508938,1743.3145649405126,1826.4657043457032,-0.020225086711498363,0.2809764539999118,0.0,1706.740234375,0
2024-10-31,INFY.NS,1736.5092654474463,1736.5092654474463,1696.2992285309076,1706.740234375,7395236,31.39319869724595,-21.656517150652007,-9.24064038813149,-12.415876762520517,1800.968051073364,1830.3289038085939,1919.0884807667755,1722.6895954050995,1820.8890380859375,-0.024887599552141815,0.24925541178925004,0.0,1710.236572265625,1
2024-11-01,INFY.NS,1713.7816813488191,1715.2385657478123,1701.6895882617994,1710.236572265625,371966,32.27310849515857,-25.99561384759727,-12.591635080024648,-13.403978767572621,1792.3269578535794,1828.4207275390625,1923.0586803377337,1705.5389026700786,1814.2987915039062,0.002048547177951443,-0.9497019432510335,0.0,1712.9561767578125,1
2024-11-04,INFY.NS,1674.9314693544443,1716.2098616116575,1668.618303479812,1712.9561767578125,7336722,32.99300187684612,-28.88199621366084,-15.849707306751888,-13.032288906908953,1784.7678358444587,1826.9155419921874,1922.3927605434978,1691.745362015096,1807.0690612792969,0.0015901919864715897,18.72417371480189,0.0,1703.7777099609375,0
2024-11-05,INFY.NS,1709.4110437798347,1717.6181118779048,1694.842199656711,1703.7777099609375,3160880,31.76580027478019,-31.546452726838652,-18.989056390769242,-12.55739633606941,1777.0544905222187,1824.9569360351563,1918.402039892692,1678.9903185057453,1798.6961791992187,-0.005358261303711531,-0.5691699917210984,0.0,1771.2801513671875,1
2024-11-06,INFY.NS,1713.296194916247,1774.679548579323,1711.985022561022,1771.2801513671875,10421494,47.293090107309716,-27.88967600558931,-20.76918031373326,-7.12049569185605,1776.5045534598348,1823.8883837890626,1908.383719945887,1678.6097859134882,1793.4967529296875,0.039619277216508264,2.297022980942016,0.0,1751.2237548828125,0
2024-11-07,INFY.NS,1760.8390975998177,1773.22261567757,1735.6350435250165,1751.2237548828125,4550965,44.08323710193385,-26.306789393613826,-21.876702129709372,-4.430087263904454,1774.0968583572612,1821.6696533203126,1902.867419034574,1674.9626712974575,1788.9150451660157,-0.011323108018172157,-0.5633097327504099,0.0,1777.3504638671875,1
2024-11-08,INFY.NS,1765.7439982122546,1787.694367437014,1761.0334287500186,1777.3504638671875,4210960,48.944473049165076,-22.68266168013747,-22.037894039794992,-0.6447676403424794,1774.4067255486827,1820.0838940429687,1894.3332657397423,1675.3999617993204,1784.8666137695313,0.014919115225297652,-0.0747105284263887,0.0,1806.6337890625,1
2024-11-11,INFY.NS,1776.427742360696,1814.306737413767,1770.163186757311,1806.6337890625,3804234,53.793232434583715,-17.248761755934083,-21.08006758302281,3.831305827088727,1777.4759696928559,1818.8850146484374,1881.971595772123,1680.3075424114706,1781.1395690917968,0.01647583062014535,-0.0965874764899215,0.0,1815.083740234375,1
2024-11-12,INFY.NS,1817.317558488208,1826.9330191433785,1807.507894006288,1815.083740234375,5012450,55.11781890971631,-12.120795490999399,-19.288213164618128,7.167417673618729,1781.0576621253813,1817.4556396484375,1869.120489117069,1686.5111393009,1777.8158142089844,0.0046771798595994785,0.31759770823771616,0.0,1814.6953125,0
2024-11-13,INFY.NS,1807.605094015565,1819.3572716489664,1802.943134866599,1814.6953125,4257495,55.03971161545064,-7.996015068610404,-17.029773545416585,9.033758476806181,1784.261247875345,1816.4650439453126,1864.253803644456,1688.4559253594505,1776.3548645019532,-0.0002139998975060342,-0.15061596624405227,0.0,1810.9559326171875,0
2024-11-14,INFY.NS,1811.975680567675,1822.0767695268305,1802.6516440521305,1810.9559326171875,4311431,54.24278996050471,-4.9715249269786455,-14.618123821728998,9.646598894750353,1786.8035988031395,1815.7607446289062,1845.3384088609719,1699.4659490491845,1772.4021789550782,-0.002060610316814593,0.01266848228829387,0.0,1759.3822021484375,0
2024-11-18,INFY.NS,1796.047127993138,1796.047127993138,1743.4050832115963,1759.3822021484375,4839244,44.64218566065962,-6.659398330022441,-13.026378723387687,6.366980393365246,1784.1920372169775,1813.8194604492187,1841.674194935038,1698.5662713735555,1770.1202331542968,-0.028478732993914346,0.12242176669416716,0.0,1772.2999267578125,1
2024-11-19,INFY.NS,1773.0283689800722,1806.24528689049,1768.2206977377823,1772.2999267578125,4669769,47.16464037154486,-6.8754419296078595,-11.796191364631722,4.920749435023863,1783.0594552684856,1812.7376928710937,1841.2144135763876,1698.332400388456,1769.7734069824219,0.007342193523158791,-0.03502096608478511,0.0,1781.3326416015625,1
2024-11-21,INFY.NS,1789.0540816629436,1813.335488851637,1768.26917339711,1781.3326416015625,5436504,48.917446968300396,-6.245795794401374,-10.686112250585653,4.440316456184279,1782.8949968240167,1811.9748657226562,1841.4629112101366,1698.4039711140822,1769.9334411621094,0.005096606227521727,0.16419120517524521,0.0,1847.572265625,1
2024-11-22,INFY.NS,1800.80625185363,1859.0331371970144,1781.2840242640295,1847.572265625,6301486,59.52239183827661,-0.39723356358786077,-8.628336513186095,8.231102949598235,1789.0547367098247,1812.1978369140625,1850.6449561944987,1694.0724266180014,1772.35869140625,0.037185432117766926,0.15910629330908255,0.0,1835.383056640625,0
2024-11-25,INFY.NS,1860.927145784527,1864.1323391283015,1827.904430253904,1835.383056640625,12764638,57.170329314327724,3.217141639163401,-6.259240882716196,9.476382521879597,1793.4669576556153,1812.2183178710939,1857.3845174734884,1691.9295816476056,1774.657049560547,-0.006597419333014054,1.025655218467517,0.0,1868.8427734375,1
2024-11-26,INFY.NS,1850.194581938472,1882.8773790978912,1842.7645663309447,1868.8427734375,6850495,61.65017722470574,8.681405697603168,-3.271111566652324,11.952517264255492,1800.6456067776996,1812.133974609375,1870.9753258935564,1686.406290317381,1778.6908081054687,0.018230372496800484,-0.4633224224611775,0.0,1869.1827392578125,1
2024-11-27,INFY.NS,1874.621750796134,1885.5969943515,1856.7992214996743,1869.1827392578125,4447143,61.6940184626086,12.890710644182263,-0.038747124485406736,12.929457768667671,1807.1729527281866,1812.1783911132814,1882.8906709822595,1682.2755521622717,1782.5831115722656,0.00018191247821630618,-0.3508289546959745,0.0,1803.282958984375,0
2024-11-28,INFY.NS,1859.8586361338637,1859.8586361338637,1798.4266776839895,1803.282958984375,8468790,49.80765654100095,10.784733920752615,2.125949084562198,8.658784836190417,1806.8024771335379,1810.7866918945313,1884.1306919175208,1682.7206508559166,1783.4256713867187,-0.03525593238658087,0.9043214935971251,0.0,1804.448486328125,1
2024-11-29,INFY.NS,1797.8925063282472,1823.0480681141644,1791.9678666332622,1804.448486328125,5244346,49.991173303667175,9.104825746960387,3.521724417041836,5.58310132991855,1806.5782875330224,1809.3741284179687,1886.0386248582543,1686.2274640089333,1786.1330444335938,0.0006463363599944483,-0.38074435663182105,0.0,1825.7677001953125,1
2024-12-02,INFY.NS,1805.5655210664468,1828.6814691911163,1782.4495729417774,1825.7677001953125,2868263,53.350979295978924,9.385577705651258,4.69449507476372,4.6910826308875375,1808.4058506437166,1809.5480200195314,1886.3870537082457,1697.7817817409732,1792.0844177246095,0.011814808806523525,-0.4530751784874606,0.0,1837.7139892578125,1
2024-12-03,INFY.NS,1832.760605927078,1845.144123534693,1817.3662175546283,1837.7139892578125,4715792,55.168572213142134,10.45156224003108,5.845908507817192,4.605653732213888,1811.197101940297,1809.9214624023436,1886.8159698104157,1710.100607338022,1798.4582885742188,0.0065431593850751035,0.6441281709522453,0.0,1834.9459228515625,0
2024-12-04,INFY.NS,1829.8468273930628,1858.935905488834,1821.1055208927776,1834.9459228515625,4705573,54.63735525760242,10.946814771710478,6.86608976059585,4.0807250111146285,1813.4588944080367,1810.0177075195313,1884.946905230676,1724.1686465271366,1804.5577758789063,-0.0015062552837005194,-0.002166974285549461,0.0,1879.2352294921875,1
2024-12-05,INFY.NS,1845.386971128795,1893.8526842407528,1834.654541582606,1879.2352294921875,9050038,61.09268594450882,14.743133213483816,8.441498451173445,6.301634762310371,1819.723307273194,1811.1783618164063,1885.708678802061,1740.9526249088763,1813.3306518554687,0.024136573230342462,0.9232595052717278,0.0,1867.1431884765625,0
2024-12-06,INFY.NS,1877.2442779990852,1882.2461532385448,1857.4306251975145,1867.1431884765625,3573331,58.639145754061055,16.58483660435627,10.07016608181001,6.514670522546259,1824.2394864354196,1812.0558813476562,1891.4190318441497,1744.8285755777251,1818.1238037109374,-0.0064345542409252054,-0.6051584534783169,0.0,1868.357177734375,1
2024-12-09,INFY.NS,1868.8912975545848,1874.7188352688952,1842.6673778401905,1868.357177734375,4274645,58.81796394098264,17.935608072422383,11.643254479932486,6.2923535924898975,1828.4411713210343,1813.0210595703124,1893.5832272856212,1754.3777224214102,1823.9804748535157,0.0006501854090810166,0.19626337442571096,0.0,1892.54150390625,1
2024-12-10,INFY.NS,1883.2659588503625,1909.101352624084,1876.4671647750904,1892.54150390625,6174921,62.31348554530371,20.718744409291503,13.458352465804289,7.260391943487214,1834.5459649005786,1814.3748510742187,1901.9695550631839,1757.5104986477538,1829.7400268554688,0.012944166383218825,0.44454592135721205,0.0,1917.4056396484373,1
2024-12-11,INFY.NS,1898.806057875605,1921.1449526741412,1895.8922889888397,1917.4056396484373,5025612,65.550953251336,24.646617103830295,15.696005393409493,8.950611710420802,1842.437362495613,1816.1010864257812,1916.0540674155318,1754.5031713539993,1835.2786193847655,0.013137960615852817,-0.1861252961778782,0.0,1929.88623046875,1
2024-12-12,INFY.NS,1918.425358927604,1941.347102009896,1913.9091120699152,1929.88623046875,6462130,67.07968039133459,28.43873979770956,18.24455227426951,10.19418752344005,1850.765826112102,1818.6752124023437,1931.026689507718,1751.010798285251,1841.0187438964845,0.0065091030099406755,0.2858394161745872,0.0,1942.22119140625,1
2024-12-13,INFY.NS,1913.132112410419,1948.777171484316,1897.6406217246504,1942.22119140625,5362693,68.56445678238076,32.069673381401344,21.009576495695878,11.060096885705466,1859.475860902021,1820.9438549804688,1946.635172079629,1748.1549036039648,1847.395037841797,0.0063915482388325895,-0.17013538879595425,0.0,1923.1361083984373,0
2024-12-16,INFY.NS,1938.0933607570853,1942.1240981650324,1920.756459296608,1923.1361083984373,3119221,63.77189940694912,33.026498788156005,23.412960954187906,9.613537833968099,1865.5387416159654,1823.0411059570313,1955.9823967878656,1750.0256964738533,1853.0040466308594,-0.009826420951567494,-0.41834802029502716,0.0,1919.7852783203125,0
2024-12-17,INFY.NS,1911.432497419917,1925.0300863243267,1901.7199339167669,1919.7852783203125,5811050,62.94006193055892,33.13247528250804,25.35686381985193,7.775611462656109,1870.7050784449507,1824.5959814453124,1958.4212525557202,1763.627148323186,1861.0242004394531,-0.0017423780165592984,0.8629811738251314,0.0,1922.261962890625,1
2024-12-18,INFY.NS,1910.266971091808,1927.8951783904936,1905.216367108079,1922.261962890625,3064095,63.32089168797288,33.03549751266587,26.89259055841472,6.142906954251149,1875.6152579159673,1825.890205078125,1960.3749723219607,1776.6696321702266,1868.5223022460937,0.001290084155911142,-0.4727123325388699,0.0,1890.259033203125,0
2024-12-19,INFY.NS,1878.4097533316565,1903.4196039771011,1864.8121646312209,1890.259033203125,5323592,55.398953172792694,30.030104612360446,27.520093369203867,2.5100112431565798,1877.009903181411,1826.2706787109375,1956.988818899358,1790.9484247529856,1873.9686218261718,-0.016648578760501076,0.7374108831482054,0.0,1866.9002685546875,0
2024-12-20,INFY.NS,1918.3768510152893,1923.038809987995,1856.3135514684036,1866.9002685546875,11056720,50.4388112304714,25.469851403842767,27.110044976131647,-1.6401935722888794,1876.0470808360087,1826.103310546875,1957.1497177669753,1792.720326178337,1874.9350219726562,-0.012357441090417698,1.0769285099233752,0.0,1868.988525390625,1
2024-12-23,INFY.NS,1874.5732490554924,1884.2372017118132,1854.1282567360065,1868.988525390625,2781793,50.86238140854812,21.77333332249964,26.042702645405246,-4.269369322905607,1875.3748374602578,1826.6259228515626,1956.8783846931397,1796.3522061271728,1876.6152954101562,0.0011185690371955381,-0.7484070321035533,0.0,1854.1768798828125,0
2024-12-24,INFY.NS,1871.6594932162752,1886.1797274213889,1787.111585198432,1854.1768798828125,2360544,47.74550061324119,17.447516000909673,24.323665316506133,-6.876149315596461,1873.355984357644,1826.5430786132813,1956.6819184033145,1795.0820830615291,1875.8820007324218,-0.007924952618270753,-0.15143074987966398,0.0,1852.5743408203125,0
2024-12-26,INFY.NS,1854.1769374713,1864.5693327398988,1847.6209572676305,1852.5743408203125,3623321,47.40700269730113,13.731672920593383,22.205266837323585,-8.473593916730202,1871.3767802112313,1825.9710717773437,1956.4490112852932,1793.6541503358008,1875.051580810547,-0.0008642859696327276,0.5349516891021731,0.0,1861.655517578125,1
2024-12-27,INFY.NS,1854.5168074679775,1868.8428379280156,1849.1748978049127,1861.655517578125,3937500,49.58809885048008,11.388337907629193,20.04188105138471,-8.653543143755517,1870.450945674745,1825.5730053710938,1952.7847261695615,1803.155691310907,1877.9702087402343,0.004901922993163943,0.08671023075239548,0.0,1851.2144775390625,0
2024-12-30,INFY.NS,1860.635616070436,1860.927040380296,1832.2749799986575,1851.2144775390625,7789055,47.16615707571742,8.5897065649242,17.75144615409261,-9.161739589168409,1868.6189010903943,1825.7190087890624,1948.4071612681998,1812.2098553333628,1880.3085083007813,-0.005608470493319584,0.9781726984126984,0.0,1825.9617919921875,0
2024-12-31,INFY.NS,1837.9082915665465,1842.473148621904,1792.0164326986576,1825.9617919921875,3613063,41.843127592917355,4.284699041231534,15.058096731520394,-10.77339769028886,1864.5563192715174,1824.4380517578124,1948.3858213707713,1812.250604410479,1880.318212890625,-0.013641145233719731,-0.5361358983856193,0.0,1828.3900146484373,1
2025-01-01,INFY.NS,1820.134335963438,1838.5395957247829,1820.134335963438,1828.3900146484373,1838368,42.514941478504596,1.0567057910739095,12.257818543431098,-11.201112752357188,1861.1119093074144,1824.9054296875,1949.1961814667607,1810.5078468535517,1879.8520141601562,0.0013298321284151982,-0.49118850127993896,0.0,1901.57421875,1
2025-01-02,INFY.NS,1832.7607301511275,1906.2362966487788,1831.109641782825,1901.57421875,7083645,58.19085214081008,4.353665186760736,10.676987872097026,-6.32332268533629,1864.9654625876606,1827.3521850585937,1949.9313103329055,1816.4355475772509,1883.1834289550782,0.04002658268489534,2.8532247080018798,0.0,1883.023193359375,0
2025-01-03,INFY.NS,1896.8149857004253,1896.8149857004253,1866.7546499738075,1883.023193359375,6218003,54.15918065987788,5.4072847369866395,9.623047245074948,-4.215762508088309,1866.685246470681,1829.450009765625,1950.0963137256194,1816.6493405712554,1883.3728271484374,-0.0097556146942398,-0.12220290542510248,0.0,1882.1490478515625,0
2025-01-06,INFY.NS,1895.8923485784164,1916.288731426852,1872.5821967516329,1882.1490478515625,7164403,53.969431981171944,6.101416255919503,8.91872104724386,-2.817304791324357,1868.1579894593362,1831.1116455078125,1950.4359484065096,1817.8102918278653,1884.1231201171875,-0.0004642245039229165,0.15220320736416504,0.0,1875.3502197265625,0
2025-01-07,INFY.NS,1889.093520205408,1902.254090611412,1868.357221729347,1875.3502197265625,4294832,52.4308226485906,6.033363022822414,8.341649442359572,-2.3082864195371577,1868.8429637705005,1832.83033203125,1950.5226165601048,1818.4229278734888,1884.4727722167968,-0.0036122687163170353,-0.40053176796447665,0.0,1877.5841064453125,1
2025-01-08,INFY.NS,1874.5246254427705,1882.8774057609292,1834.460303784991,1877.5841064453125,5482050,52.90589399748375,6.089490478468861,7.89121764958143,-1.801727171112569,1869.675453549054,1834.618662109375,1949.7310729446426,1817.7187317428575,1883.72490234375,0.0011911837561069394,0.2764294389163535,0.0,1862.1898193359373,0
2025-01-09,INFY.NS,1878.4583629543145,1895.74665458795,1855.6338390718156,1862.1898193359373,6833503,49.255254994090755,4.836034778544445,7.280181075374033,-2.4441462968295884,1868.9625360049477,1836.0357250976563,1945.711313863984,1816.216908792266,1880.964111328125,-0.008198986696004829,0.2465232896452969,0.0,1910.4124755859373,1
2025-01-10,INFY.NS,1881.3233976824297,1920.950700979764,1876.709930393327,1910.4124755859373,8036913,58.83706214421535,7.645692665742672,7.353283393447762,0.2924092722949103,1872.9101492983752,1838.5153393554688,1942.3055457308394,1817.6753014371295,1879.9904235839845,0.02589567172437679,0.17610440794421245,0.0,1905.799072265625,0
2025-01-13,INFY.NS,1899.777330605508,1925.8070469770787,1892.9785364775744,1905.799072265625,5804152,57.71428224633861,9.391840401776335,7.7609947951134775,1.6308456066628576,1876.0424276762085,1841.6253002929689,1934.9900208710635,1821.348614382843,1878.1693176269532,-0.0024148729027207994,-0.27781325989219985,0.0,1884.285888671875,0
2025-01-14,INFY.NS,1912.2579998126723,1915.12327712042,1875.5930733895989,1884.285888671875,5792162,52.66707867386761,8.936723949289217,7.996140625948626,0.9405833233405909,1876.8275191996054,1845.1762133789061,1929.2982580551047,1823.1553552261453,1876.226806640625,-0.011288274775039686,-0.002065762578237096,0.0,1893.60986328125,1
2025-01-15,INFY.NS,1891.036010381721,1901.7684398888916,1881.420549328485,1893.60986328125,2985439,54.52333198828582,9.222101068467282,8.241332714452358,0.9807683540149235,1878.4258376835714,1848.8436791992187,1924.8248838389786,1825.0111879383653,1874.918035888672,0.004948280229359003,-0.48457260000669866,0.0,1873.0191650390625,0
2025-01-16,INFY.NS,1909.4412763032324,1910.41253260361,1861.7526156669912,1873.0191650390625,7533579,49.87192109376831,7.6980291388911155,8.13267199934011,-0.43464286044899403,1877.9109164793326,1852.0449389648438,1917.3878066859363,1827.523985306251,1872.4558959960937,-0.010873780624752305,1.5234409411815149,0.0,1763.2672119140625,0
2025-01-17,INFY.NS,1797.795420989787,1804.5942151264317,1759.9164250856263,1763.2672119140625,16409953,33.47787712674291,-2.3389126978293007,6.038355059906228,-8.377267757735527,1866.9924684254975,1853.2347290039063,1930.7487892506051,1801.463820612676,1866.1063049316406,-0.058596278764030174,1.1782413113342276,0.0,1761.17919921875,0
2025-01-20,INFY.NS,1770.5517282126625,1775.4080099966866,1741.60835991682,1761.17919921875,4333011,33.253913075093976,-10.34252440659202,2.762179166606579,-13.104703573198599,1856.9150142153312,1853.0327099609376,1939.995340734905,1781.6451621947824,1860.8202514648438,-0.001184172586664256,-0.7359522601923357,0.0,1748.941162109375,0
2025-01-21,INFY.NS,1766.7638099629812,1779.0016155615642,1741.5111463055791,1748.941162109375,7169109,31.906612733560934,-17.47155050729225,-1.2845667681731867,-16.186983739119064,1846.6317902052403,1852.9870581054688,1947.6328769916227,1762.0028896099398,1854.8178833007812,-0.006948774499950794,0.6545328410197897,0.0,1803.0887451171875,1
2025-01-22,INFY.NS,1755.448693830049,1812.1700865447272,1753.2633671133483,1803.0887451171875,8373913,42.92503282493364,-18.53839851710609,-4.735333117959767,-13.803065399146321,1842.4848335301876,1853.5018237304687,1947.781127544189,1756.745825580811,1852.2634765625,0.03096020848551917,0.16805491449495324,0.0,1811.8299560546875,1
2025-01-23,INFY.NS,1804.5941442893445,1825.5247642701756,1799.446438649042,1811.8299560546875,5907471,44.486700556103884,-18.46567972046887,-7.481402438461588,-10.984277282007282,1839.5653213896637,1853.6057470703124,1947.3549100945227,1753.0976045539148,1850.2262573242188,0.004847909433837616,-0.2945387658075741,0.0,1821.5426025390625,1
2025-01-24,INFY.NS,1811.8786496612856,1840.4336089404928,1810.6645792715367,1821.5426025390625,4887027,46.24664597300241,-17.423473197621206,-9.469816590293512,-7.953656607327694,1837.8488719753207,1853.7349243164062,1945.9769900946999,1750.4642330498314,1848.2206115722656,0.005360683242882525,-0.17273787717282063,0.0,1769.6290283203125,0
2025-01-27,INFY.NS,1795.6101350752897,1809.450537739156,1759.9164650474238,1769.6290283203125,7652371,39.109668506380345,-20.549625310303327,-11.685778334295474,-8.863846976007853,1831.351744008177,1852.8335986328125,1947.6946221664953,1740.588056056161,1844.141339111328,-0.028499785921222598,0.5658540458237697,0.0,1777.15625,1
2025-01-28,INFY.NS,1777.3990640797924,1809.9361507719636,1772.4456805643415,1777.15625,6999495,40.54244867847443,-22.164243893537332,-13.781471446143845,-8.382772447393487,1826.1902683883507,1852.1576049804687,1949.0824564344546,1734.3196675889828,1841.7010620117187,0.0042535591128001204,-0.08531682533426566,0.0,1827.1759033203125,1
2025-01-29,INFY.NS,1791.9678626583263,1834.36322360914,1787.5972093347696,1827.1759033203125,5145155,49.11164834868868,-19.186502702216558,-14.86247769735839,-4.324025004858168,1826.284138381871,1853.5134790039062,1949.053150739701,1734.227562150924,1841.6403564453126,0.028145895061457038,-0.2649248267196419,0.0,1806.488037109375,0
2025-01-30,INFY.NS,1819.3086909049005,1832.954770249272,1790.9965471548646,1806.488037109375,7336056,46.14915937527942,-18.28517909960715,-15.547017977808142,-2.7381611217990063,1824.3987954035379,1854.1972412109376,1941.6515860653108,1732.1205086612517,1836.8860473632812,-0.011322317776489843,0.4258182698091699,0.0,1825.7677001953125,1
2025-01-31,INFY.NS,1817.2205970496625,1842.910279604707,1817.2205970496625,1825.7677001953125,5820470,49.22317585100308,-15.832656952820116,-15.604145772810538,-0.22851118000957804,1824.5291672884687,1855.0859423828124,1936.6976729476332,1731.348872462523,1834.0232727050782,0.010672455443871964,-0.20659411542114725,0.0,1798.1353759765625,0
2025-02-01,INFY.NS,1826.2533177597816,1836.2571867836969,1792.9391783431893,1798.1353759765625,1701402,45.23739049172578,-15.935024075177125,-15.670321433283856,-0.264702641893269,1822.015472877811,1854.0972045898438,1931.1429704478517,1728.5022077748047,1829.8225891113282,-0.015134633072867887,-0.707686492671554,0.0,1809.741943359375,1
2025-02-03,INFY.NS,1783.2265984737835,1822.6110895629577,1779.7300994439906,1809.741943359375,4823228,47.172370423895565,-14.907750501469991,-15.517807246921084,0.610056745451093,1820.8465653046267,1853.5843823242187,1925.9849661416547,1727.0993844442828,1826.5421752929688,0.00645477951097484,1.8348550195662168,0.0,1844.2215576171875,1
2025-02-04,INFY.NS,1834.703198206104,1856.2650411997824,1821.1056096540208,1844.2215576171875,7334787,52.53756670852245,-11.18250709977724,-14.650747217492317,3.4682401177150766,1823.0727550486802,1853.0919580078125,1921.9265821814472,1727.8215135216776,1824.8740478515624,0.01905222696767961,0.5207215997253292,0.0,1842.521728515625,0
2025-02-05,INFY.NS,1851.214424585252,1864.5205878724964,1839.850773810688,1842.521728515625,4996744,52.25580202728529,-8.272032031341723,-13.375004180262199,5.102972148920475,1824.9250382360083,1852.5587377929687,1919.802690771529,1727.978595849565,1823.890643310547,-0.0009217054721769591,-0.31876085835894075,0.0,1860.587158203125,1
2025-02-06,INFY.NS,1861.898330498206,1868.6971246106148,1845.3869733680704,1860.587158203125,4765255,55.016971179064,-4.456360227367213,-11.591275389683203,7.134915162315989,1828.3214306138289,1853.7048217773438,1910.5420528254713,1732.256702057341,1821.3993774414062,0.009804730879376944,-0.04632796877326517,0.0,1848.9320068359373,0
2025-02-07,INFY.NS,1864.13219104828,1868.40562375176,1835.140096778848,1848.9320068359373,4126260,52.89170052022106,-2.345844703944749,-9.742189252535512,7.396344548590763,1830.2843426349818,1854.5944921875,1900.048510831663,1737.0635375081806,1818.5560241699218,-0.006264232941628922,-0.1340946077387254,0.0,1826.2532958984373,0
2025-02-10,INFY.NS,1850.2432794461592,1850.2432794461592,1824.602089026561,1826.2532958984373,3828734,48.930875253200576,-2.4747015657485463,-8.28869171517812,5.813990149429573,1829.9004334219776,1854.6042041015626,1891.5168631504396,1739.7919259120606,1815.65439453125,-0.012265843661990572,-0.07210549020178081,0.0,1821.7369384765625,0
2025-02-11,INFY.NS,1828.9727506286144,1848.3007750893653,1816.249316561804,1821.7369384765625,4411601,48.1574536631147,-2.907735293798396,-7.212500430902176,4.30476513710378,1829.1229577128904,1854.2846630859376,1879.1088311745748,1745.0126654074566,1812.0607482910157,-0.0024730180813461455,0.15223491629347974,0.0,1809.5963134765625,0
2025-02-12,INFY.NS,1830.8182412610952,1840.142278618334,1793.9104995274497,1809.5963134765625,5633947,46.05026758258295,-4.182353054591658,-6.606470955640072,2.4241179010484135,1827.2632773094306,1853.7776708984375,1869.8260464578398,1747.9531649679416,1808.8896057128907,-0.0066643129112552435,0.277075374676903,0.0,1790.268310546875,0
2025-02-13,INFY.NS,1814.792533979024,1819.648815846776,1782.8867858202054,1790.268310546875,5237744,42.836709885671446,-6.675158051831431,-6.620208374878344,-0.05494967695308706,1823.739947141568,1851.9983325195312,1868.1967929142857,1752.282528374777,1810.2396606445313,-0.010680836817441808,-0.07032423272707389,0.0,1803.040283203125,1
2025-02-14,INFY.NS,1800.7092442878504,1805.856950285683,1775.7964955938853,1803.040283203125,5292961,45.54115427976751,-7.533293401286301,-6.802825380159936,-0.7304680211263648,1821.768550576002,1850.7162744140626,1865.9096325365115,1758.7557971509884,1812.33271484375,0.007134110893326717,0.010542134170742123,0.0,1789.345458984375,0
2025-02-17,INFY.NS,1785.703248001718,1799.4950394980904,1769.77462159192,1789.345458984375,4428956,43.18204937141623,-9.212236779120758,-7.2847076599521,-1.9275291191686579,1818.6806370910851,1849.1360400390624,1860.787249238573,1767.9186101364269,1814.3529296875,-0.007595406684104078,-0.16323660801581574,0.0,1798.7181396484375,1
2025-02-18,INFY.NS,1789.3456107739096,1808.139397326379,1784.780634818134,1798.7181396484375,4365260,45.2715773616503,-9.674987272551562,-7.762763582471993,-1.9122236900795686,1816.779446858452,1847.2595727539062,1860.819171785317,1767.449627042808,1814.1343994140625,0.005238049822633206,-0.014381718852027436,0.0,1758.7509765625,0
2025-02-19,INFY.NS,1794.2989338566194,1796.0471240806544,1753.9917969230971,1758.7509765625,4611411,38.730620712499494,-13.115548534686695,-8.833320572914934,-4.282227961771762,1811.2529258778852,1844.0864794921874,1864.051324545066,1758.90957633384,1811.480450439453,-0.022219803205937083,0.05638862289989599,0.0,1772.6884765625,1
2025-02-20,INFY.NS,1753.65187661327,1778.3703022593725,1753.65187661327,1772.6884765625,2218020,41.88400957180404,-14.549856662745242,-9.976627790880997,-4.573228871864245,1807.5801211811818,1840.9425244140625,1863.997216613146,1754.0782716681038,1809.037744140625,0.007924658002033347,-0.5190148958746033,0.0,1762.8302001953125,0
2025-02-21,INFY.NS,1769.4347905187403,1777.2533326664163,1754.2830972545896,1762.8302001953125,3379879,40.30391852381069,-16.29420722356099,-11.240143677416995,-5.054063546143993,1803.3182239444325,1837.3547045898438,1864.7022616710478,1752.6933437977023,1808.697802734375,-0.005561200683328216,0.5238271070594493,0.0,1713.3931884765625,0
2025-02-24,INFY.NS,1748.309923055587,1756.0313630959042,1699.9413126430345,1713.3931884765625,7594720,33.482331026865424,-21.418867917165244,-13.275888525366646,-8.142979391798598,1794.7539348522546,1833.1598461914064,1874.164308135455,1736.8549911809514,1805.5096496582032,-0.02804411435274512,1.2470390212193987,0.0,1716.8897705078125,1
2025-02-25,INFY.NS,1694.9880113599872,1727.330776075937,1694.9880113599872,1716.8897705078125,5092963,34.32895065116716,-24.910896185534284,-15.602890057400176,-9.308006128134108,1787.338300152784,1829.1019360351563,1877.8968391925334,1722.0938468426227,1799.995343017578,0.0020407353401228345,-0.32940740409126346,0.0,1713.5875244140625,0
2025-02-27,INFY.NS,1704.748997302386,1724.805463456364,1700.7668702151418,1713.5875244140625,5757079,33.89024182250691,-27.62635795101687,-18.007583636123513,-9.618774314893358,1780.3144167490962,1824.928447265625,1881.7631015154616,1708.9375332501636,1795.3503173828126,-0.0019233885310955268,0.1303987482335922,0.0,1639.189208984375,0
2025-02-28,INFY.NS,1704.603415594686,1704.6519072727174,1634.0901134127998,1639.189208984375,12182167,25.869109575975074,-35.373934548551915,-21.480853818609194,-13.89308072994272,1766.8739207715037,1819.90705078125,1894.7010544317113,1677.34173121282,1786.0213928222656,-0.043416699975758144,1.1160326269623884,0.0,1659.488525390625,1
2025-03-03,INFY.NS,1643.6571185043986,1678.9136517994152,1643.6571185043986,1659.488525390625,7504969,30.689300961416308,-39.42153274442944,-25.068989603773243,-14.352543140656199,1756.6467402590392,1815.7588159179688,1900.7106065496284,1657.467494036309,1779.0890502929688,0.012383754294494898,-0.3839380957427361,0.0,1639.7720947265625,0
2025-03-04,INFY.NS,1646.2794646548505,1650.1644899401715,1621.9980566215932,1639.7720947265625,6759673,28.73493095177615,-43.71630035549015,-28.798451754116627,-14.917848601373521,1745.5158216368986,1811.1744873046875,1905.4861778897025,1635.6949378329537,1770.590557861328,-0.011881028619599165,-0.099307005798425,0.0,1662.30517578125,1
2025-03-05,INFY.NS,1643.8026956375877,1683.1385762213686,1643.8026956375877,1662.30517578125,8180782,33.91460300006469,-44.78544457796443,-31.99585031888619,-12.789594259078235,1737.5909982220749,1807.3370532226563,1899.7941696160576,1623.195307923005,1761.4947387695313,0.013741593192830193,0.21023339442603217,0.0,1666.5301513671875,1
2025-03-06,INFY.NS,1665.7046071983816,1672.794825837321,1642.4915571816716,1666.5301513671875,10610547,34.8704577159416,-44.77568265905347,-34.551816786919645,-10.223865872133828,1730.8232985216093,1803.6161694335938,1891.6468859857282,1613.7434338384905,1752.6951599121094,0.0025416365463410973,0.2970088923039387,0.0,1637.5380859375,0
2025-03-07,INFY.NS,1654.1465445914585,1655.9919552333556,1627.339895010843,1637.5380859375,8019331,31.503169647022503,-46.570527598354374,-36.95555894920659,-9.614968649147784,1721.9389925612181,1799.1338208007812,1879.8690124400882,1603.216400157568,1741.542706298828,-0.017396664204306744,-0.24421134933005806,0.0,1652.5439453125,1
2025-03-10,INFY.NS,1637.5380832553346,1669.5895404009018,1628.0197243147556,1652.5439453125,7558981,35.00174108646267,-46.24897826905021,-38.81424281317531,-7.4347354558749,1715.3299404422928,1795.16041015625,1865.984793535578,1597.4618129097346,1731.7233032226563,0.009163670453752548,-0.05740503790154061,0.0,1613.83935546875,0
2025-03-11,INFY.NS,1631.7104941166235,1631.7104941166235,1589.9950857541564,1613.83935546875,12671234,30.652859816883918,-48.55754390150082,-40.76290303084042,-7.794640870660402,1705.6641704448125,1790.9179614257812,1857.3637234896732,1584.8414889126707,1721.102606201172,-0.02342121669655861,0.6763151012021329,0.0,1545.123046875,0
2025-03-12,INFY.NS,1589.84944650162,1589.84944650162,1518.850635339536,1545.123046875,14870008,24.76882380560103,-55.29452969621002,-43.66922836391434,-11.625301332295678,1690.37453962864,1785.2526220703126,1855.4955498441022,1559.0482733980853,1707.2719116210938,-0.042579398228760446,0.17352485164428333,0.0,1534.439208984375,0
2025-03-13,INFY.NS,1553.281604513198,1559.886194636392,1525.163782654934,1534.439208984375,7822888,23.997524537813277,-60.7949297979128,-47.09436865071403,-13.70056114719877,1675.5235557577575,1777.909921875,1851.922719618124,1535.105393174845,1693.5140563964844,-0.006914554741923595,-0.4739150106711443,0.0,1544.34619140625,1
2025-03-17,INFY.NS,1500.736758011993,1548.1826065260266,1500.736758011993,1544.34619140625,7526032,26.28968280654658,-63.6212397721697,-50.39974287500517,-13.221496897164535,1663.0304734385663,1771.1363818359375,1845.7368276139282,1516.6990732649779,1681.217950439453,0.006456418973047606,-0.03794711109247628,0.0,1544.34619140625,0
2025-03-18,INFY.NS,1544.34619140625,1544.34619140625,1544.34619140625,1544.34619140625,0,26.28968280654658,-65.11055682012397,-53.34190566402893,-11.768651156095046,1651.7272084831077,1764.3803247070311,1833.1343124146038,1503.432179284615,1668.2832458496093,0.0,-1.0,0.0,1540.94677734375,0
2025-03-20,INFY.NS,1546.240146235024,1584.9932992405395,1546.240146235024,1569.11328125,7186750,33.06154519325737,-63.35506123835535,-57.338884407587685,-6.016176830767662,1634.3135093287176,1751.5228393554687,1798.5485245401824,1490.21761315513,1644.3830688476562,0.01827870003064147,-0.02711738947035547,0.0,1546.7742919921875,0
2025-03-21,INFY.NS,1532.59385494289,1557.7980274559395,1518.7049607743006,1546.7742919921875,10074677,30.56342830949019,-62.49438958703968,-58.369985443478086,-4.124404143561591,1625.9764410109528,1745.2145288085937,1784.1409357724315,1483.4275334658496,1633.7842346191405,-0.01423669630787694,0.4018404703099454,0.0,1546.968505859375,1
2025-03-24,INFY.NS,1552.0189913058653,1560.9060103586978,1527.4947691913153,1546.968505859375,8857726,30.612515948929953,-61.09239457068293,-58.914467268919054,-2.177927301763873,1618.4518757584217,1737.9456494140625,1763.019262966099,1481.97720920187,1622.4982360839845,0.00012556057350643357,-0.12079305371278903,0.0,1581.6422119140625,1
2025-03-25,INFY.NS,1558.8663000022038,1589.1209562659596,1558.8663000022038,1581.6422119140625,9890140,38.915254410022065,-56.5317621566885,-58.43792624647295,1.906164089784447,1614.9461934875303,1731.4625122070313,1739.188981946005,1487.6886913938386,1613.4388366699218,0.022413970241382142,0.11655519712395712,0.0,1553.4759521484375,0
2025-03-26,INFY.NS,1579.2628561729366,1590.6751185099797,1549.153908730525,1553.4759521484375,6651302,35.22770253746059,-54.56126161811926,-57.662593320802216,3.1013317026829554,1609.0918847885691,1724.8463134765625,1724.9348106717757,1485.9511390352554,1605.4429748535156,-0.01780823725710945,-0.3274815118896194,0.0,1557.4581298828125,1
2025-03-27,INFY.NS,1549.688079270318,1573.3866387891755,1540.4125339270274,1557.4581298828125,9426573,36.14892103023712,-52.07797480575027,-56.54566961779183,4.467694812041557,1604.1743843213542,1718.1232788085938,1707.0183953551725,1487.9243902893588,1597.4713928222657,0.0025633983769544066,0.4172522913558878,0.0,1525.5037841796875,0
2025-03-28,INFY.NS,1544.2975705237486,1552.504639118573,1515.1598805138667,1525.5037841796875,6799047,32.19234162061382,-52.08796314496135,-55.654128323225734,3.5661651782643844,1596.681946212624,1711.1729711914063,1687.9975163580318,1488.1368952630621,1588.067205810547,-0.02051698539435487,-0.2787360793790066,0.0,1482.6226806640625,0
2025-04-01,INFY.NS,1495.0061979771754,1502.92196020728,1474.2212903040318,1482.6226806640625,12680733,27.795684235732764,-54.92290855561828,-55.50788436970424,0.5849758140859649,1585.819159017523,1705.5600805664062,1687.205948734523,1473.2718100545396,1580.2388793945313,-0.028109470432211014,0.8650750612549083,0.0,1505.593017578125,1
2025-04-02,INFY.NS,1491.0726643663595,1510.9349273715395,1491.0726643663595,1505.593017578125,6193478,33.06899648774635,-54.685725991841764,-55.343452694131756,0.6577267022899917,1578.1785741185327,1700.4483569335937,1677.726874974724,1467.3613330330886,1572.5441040039063,0.015493042979602967,-0.5115835969419118,0.0,1453.4849853515625,0
2025-04-03,INFY.NS,1490.538435185599,1490.538435185599,1442.3641486583924,1453.4849853515625,10459504,28.062159895831968,-58.03346614380166,-55.881455384065745,-2.1520107597359157,1566.302994235964,1694.5392333984375,1675.6907668367885,1450.768730233524,1563.2297485351562,-0.03460963993469013,0.6887932757652486,0.0,1409.9241943359375,0
2025-04-04,INFY.NS,1418.5197886514006,1429.689235806136,1406.3790852223406,1409.9241943359375,9590254,24.695931486228517,-63.46992433654009,-57.39914917456062,-6.070775161979469,1551.4097751978663,1686.6759423828125,1672.0514239845843,1429.1699749411969,1550.6106994628906,-0.029969894050944523,-0.08310623524786642,0.0,1356.602294921875,0
2025-04-07,INFY.NS,1313.1385736419368,1365.489314158466,1269.4320382766357,1356.602294921875,21715252,21.323953369952903,-71.25955251104347,-60.17122984185719,-11.088322669186276,1532.856681838248,1677.5713891601563,1671.5975845573635,1398.6310287238866,1535.114306640625,-0.03781898319659427,1.2643041571161722,0.0,1387.7310791015625,1
2025-04-08,INFY.NS,1389.8677955834949,1414.634831773138,1374.327694444895,1387.7310791015625,12805001,27.54375309746652,-74.0672550207671,-62.950434877639175,-11.116820143127931,1519.0351958633255,1668.8951586914063,1664.9260532023159,1380.3218593953402,1522.623956298828,0.02294613852284555,-0.4103222472389453,0.0,1363.3524169921875,0
2025-04-09,INFY.NS,1364.663707842691,1368.9371407012395,1342.179100849586,1363.3524169921875,8546854,25.822054750409535,-77.36768724057765,-65.83388535022688,-11.533801890350773,1504.2082645422647,1660.7696264648437,1653.4613630592232,1362.8673967064017,1508.1643798828125,-0.017567281209237007,-0.3325378108131346,0.0,1368.937255859375,1
2025-04-11,INFY.NS,1370.6855647660782,1397.4437254302495,1356.893771609889,1368.937255859375,12567440,26.948598241028634,-78.62629870269825,-68.39236802072116,-10.233930681977085,1491.3253113343706,1652.6052465820312,1644.7642991926614,1347.074250612026,1495.9192749023437,0.004096401486204604,0.470417068081425,0.0,1385.011474609375,1
2025-04-15,INFY.NS,1404.0480742507405,1406.087688754894,1368.5001176189407,1385.011474609375,10178530,30.23278943967837,-77.43409024763355,-70.20071246610365,-7.233377781529896,1481.200184027228,1643.7619580078126,1642.4270934368478,1333.4002991412772,1487.9136962890625,0.011742115046689428,-0.1900872413156538,0.0,1372.4822998046875,0
2025-04-16,INFY.NS,1384.0402738742662,1386.4684147056246,1356.6508927211694,1372.4822998046875,12022740,29.133359097242504,-76.6170623513317,-71.48398244314927,-5.133079908182424,1470.8460998155576,1635.0818432617189,1640.576686503426,1319.0550151567302,1479.815850830078,-0.009046260651538018,0.18118628131960124,0.0,1378.6982421875,1
2025-04-17,INFY.NS,1357.8162328834976,1388.7022289531085,1338.6825322481727,1378.6982421875,14264227,30.48401089452892,-74.60795321284968,-72.10877659708936,-2.4991766157603195,1462.0701133747903,1626.1404541015625,1635.1848360095962,1307.8820707286852,1471.5334533691407,0.004528978176036924,0.1864372846788669,0.0,1409.29296875,1
2025-04-21,INFY.NS,1369.4714582615436,1429.4951483248678,1369.4714582615436,1409.29296875,15648970,36.8624385846214,-69.74302680349388,-71.63562663837027,1.8925998348763926,1457.0437186486197,1618.3636059570313,1626.996136552664,1302.5654479199923,1464.7807922363281,0.02219102456673716,0.09707802602973148,0.0,1381.903564453125,0
2025-04-22,INFY.NS,1398.6091260339042,1398.6091260339042,1378.5041672717928,1381.903564453125,9399738,33.86658217649787,-67.32159218960692,-70.7728197486176,3.4512275590106753,1449.887513487144,1609.8068383789061,1618.9222650742095,1294.7349981093844,1456.828631591797,-0.0194348548557427,-0.3993382312062711,0.0,1432.505859375,1
2025-04-23,INFY.NS,1404.4365301839098,1445.0350886470426,1398.2204665039803,1432.505859375,11136642,43.07184788234618,-60.62060886940799,-68.74237757277567,8.121768703367678,1448.232117857416,1601.5725244140624,1603.8958923131804,1296.1006286829133,1449.9982604980469,0.036617819233935034,0.18478217158818677,0.0,1429.1065673828125,0
2025-04-24,INFY.NS,1427.6496829084983,1440.2760150192205,1419.4911061400271,1429.1065673828125,7114292,42.64244945918957,-54.95088615501754,-65.98407928922404,11.033193134206499,1446.4106368598348,1593.3042211914062,1591.6282521627786,1296.6014963723778,1444.1148742675782,-0.002372968996909086,-0.36118158417950397,0.0,1437.653564453125,1
2025-04-25,INFY.NS,1433.08870715148,1458.535575435,1421.4336312546193,1437.653564453125,8329979,44.150094659783846,-49.20076305232169,-62.627416041843574,13.426652989521884,1445.5766299639577,1584.8455493164063,1578.4106200788356,1298.8876343156958,1438.6491271972657,0.005980657611814877,0.17087954781726689,0.0,1439.4989013671875,1
2025-04-28,INFY.NS,1437.6534907325015,1446.7833234291916,1423.1818670852326,1439.4989013671875,5886253,44.48935385950528,-43.987782029403206,-58.8994892393555,14.911707209952297,1444.9977986690274,1576.6568872070313,1555.0003257163316,1308.083597623512,1431.5419616699219,0.0012835755147759809,-0.29336520536246247,0.0,1454.4564208984375,1
2025-04-29,INFY.NS,1439.4019470928108,1466.4029217301106,1431.7289980215005,1454.4564208984375,8056743,47.284570870771674,-38.20905993169595,-54.7614033778236,16.55234344612765,1445.898619833733,1569.2209497070312,1537.385181069441,1315.7967891454027,1426.5909851074218,0.01039078217916245,0.3687388224733119,0.0,1456.9815673828125,1
2025-04-30,INFY.NS,1453.7764926957282,1465.431568419441,1439.984581952398,1456.9815673828125,7704183,47.76279431929405,-33.04470403950586,-50.41806351016005,17.373359470654194,1446.954138647931,1561.9258422851562,1516.0863298767454,1327.0479840880985,1421.567156982422,0.0017361444785091162,-0.04375961849596044,0.0,1463.586181640625,1
2025-05-02,INFY.NS,1456.5930649551544,1479.417588620504,1453.1936678135066,1463.586181640625,7402310,49.064343529149404,-28.095114621474295,-45.95347373242291,17.858359110948612,1448.5381427424732,1555.0056396484374,1502.6620800444264,1334.280473666511,1418.4712768554687,0.004533080174566884,-0.03918299967692873,0.0,1465.2373046875,1
2025-05-05,INFY.NS,1471.453369034679,1479.2234198282615,1459.6040889990925,1465.2373046875,4282493,49.40374653191079,-23.765345408491157,-41.515848067636554,17.750502659145397,1450.12853911819,1548.50501953125,1499.4518741428963,1335.752141970385,1417.6020080566407,0.0011281351707106424,-0.42146532636433764,0.0,1468.0538330078125,1
2025-05-06,INFY.NS,1462.7119235923028,1472.0359599506996,1456.0102317041706,1468.0538330078125,4270530,50.015600272932296,-19.877565613126535,-37.18819157673455,17.310625963608018,1451.8357099648208,1541.8052905273437,1490.8642692886453,1340.5858283676046,1415.725048828125,0.0019222335599169416,-0.0027934663290751782,0.0,1464.9459228515625,0
2025-05-07,INFY.NS,1456.8844481471906,1475.1441139885928,1453.5821530190783,1464.9459228515625,5691799,49.3070393411811,-16.85298378462835,-33.121150018313315,16.268166233684966,1453.08430166832,1535.3172998046875,1492.7439278145378,1339.8522635917122,1416.298095703125,-0.002117027377587677,0.33280857411140996,0.0,1467.9569091796875,1
2025-05-08,INFY.NS,1464.654613791716,1472.9102929808605,1458.0500230157727,1467.9569091796875,8424409,50.045406141437,-14.051047730032906,-29.307129560657238,15.256081830624332,1454.5007404789264,1528.7020751953125,1498.7980264365901,1339.6014364540347,1419.1997314453124,0.0020553566388743505,0.48009601182332684,0.0,1464.2659912109375,0
2025-05-09,INFY.NS,1457.5642989506216,1467.9568126185206,1451.1540310083217,1464.2659912109375,4478653,49.10128514378215,-11.990104986987944,-25.84372464592338,13.853619658935436,1455.4307643581656,1522.8123754882813,1501.0190307117944,1348.146801807737,1424.5829162597656,-0.0025143231014952416,-0.468371846618558,0.0,1580.136962890625,1
2025-05-12,INFY.NS,1492.8209942326298,1585.0903465111594,1487.96471253376,1580.136962890625,11372857,68.9226165869716,-0.9954984875103037,-20.874079414240764,19.87858092673046,1467.3075451707807,1518.9613452148437,1534.403410327349,1334.0030105710882,1434.2032104492187,0.07913246116155648,1.539347656538696,0.0,1523.5125732421875,0
2025-05-13,INFY.NS,1562.7513505672505,1565.859323230766,1519.627548132014,1523.5125732421875,12846210,57.19975261827699,3.112808837703824,-16.076701763851847,19.18951060155567,1472.6604049871053,1514.1749926757811,1544.068141290623,1340.3542952328146,1442.2112182617188,-0.035835114916147326,0.12954994510174522,0.0,1546.6285400390625,1
2025-05-14,INFY.NS,1528.75740058924,1549.1537826809642,1524.3867472838704,1546.6285400390625,4870057,60.17753731914543,8.140103280426047,-11.23334075499627,19.373444035422317,1479.7049892777677,1510.8396997070313,1556.764470114605,1345.4270948268013,1451.0957824707032,0.015172809993738268,-0.6208954236307829,0.0,1566.6363525390625,1
2025-05-15,INFY.NS,1544.103254657481,1572.0753639006623,1525.8435894847285,1566.6363525390625,11151167,62.60279763067921,13.582166837768,-6.270239236443416,19.852406074211416,1487.9841667312244,1507.8346313476563,1572.571390562181,1347.7826621721938,1460.1770263671874,0.012936404561301185,1.2897405512912887,0.0,1544.200439453125,0
2025-05-16,INFY.NS,1566.2479103864578,1566.2479103864578,1536.0418626920532,1544.200439453125,4576751,58.314033598261766,15.901349870564673,-1.8359214150417986,17.73727128560647,1493.3380974666434,1504.4468896484375,1579.2687507706905,1358.257115928528,1468.7629333496093,-0.014321072691550585,-0.5895720151980506,0.0,1514.965576171875,0
2025-05-19,INFY.NS,1531.185508443418,1539.4411867318856,1510.9833306187809,1514.965576171875,8855798,53.19969417243849,15.205035804074214,1.5722700287814038,13.63276577529281,1495.3978573433321,1501.9624169921874,1579.6457717622775,1371.506828335379,1475.5763000488282,-0.018932039218693353,0.9349529830222356,0.0,1515.7425537109375,1
2025-05-20,INFY.NS,1524.8723866170074,1537.9843466293191,1513.2173110505078,1515.7425537109375,7143998,53.3168782042028,14.54819494821254,4.167455012667631,10.38073993554491,1497.3354474735802,1499.0874975585937,1581.7011075753855,1380.0964510183646,1480.898779296875,0.0005128681148161007,-0.1932970919165049,0.0,1523.41552734375,1
2025-05-21,INFY.NS,1522.832797268108,1525.843668126893,1507.4869000940212,1523.41552734375,4157309,54.52777159138722,14.479873713352163,6.229938752804538,8.249934960547625,1499.8192646040725,1496.7603662109375,1579.4204122950905,1396.528342587722,1487.9743774414062,0.005062187911810678,-0.41806968590976645,0.0,1503.01904296875,0
2025-05-22,INFY.NS,1510.789092948556,1515.936798484799,1495.7346211126817,1503.01904296875,6158990,50.75871280036991,12.634262895859365,7.510803581415503,5.123459314443862,1500.1240054007085,1493.5746435546876,1579.4919299563624,1403.5081432858253,1491.5000366210938,-0.013388654644057363,0.48148477777331444,0.0,1519.8218994140625,1
2025-05-23,INFY.NS,1505.447258808557,1541.5779455953386,1505.447258808557,1519.8218994140625,5038421,53.603889353496456,12.384690115445665,8.485580888221536,3.8991092272241286,1501.9999953067422,1490.640478515625,1579.953126581811,1412.1184798635018,1496.0358032226563,0.01117940356372582,-0.1819403830822911,0.0,1535.070556640625,1
2025-05-26,INFY.NS,1521.5700705826605,1538.275749801986,1517.782147363295,1535.070556640625,3170102,56.0838092613839,13.264436916779005,9.44135209393303,3.823084822845974,1505.1495725766358,1488.5911279296874,1581.9638035975754,1419.8495020664873,1500.9066528320313,0.010033186936206917,-0.37081438807912237,0.0,1524.9696044921875,0
2025-05-27,INFY.NS,1534.487964353223,1537.401733466409,1511.6634396332652,1524.9696044921875,7775714,54.02385743044441,12.996761596390115,10.152433994424449,2.8443276019656665,1507.037194663831,1486.0396411132813,1581.7231956364492,1428.6371803401132,1505.1801879882812,-0.0065801223955090915,1.4528277008121506,0.0,1526.6207275390625,1
2025-05-28,INFY.NS,1535.556238237006,1542.063608140773,1524.8724187426308,1526.6207275390625,3623370,54.31921961072961,12.770646741176279,10.676076543774816,2.094570197401463,1508.9022930329006,1484.2952685546875,1582.164928081213,1435.411878559412,1508.7884033203125,0.0010827252176117685,-0.5340144969323717,0.0,1540.0240478515625,1
2025-05-29,INFY.NS,1543.3263431603168,1562.6543682753302,1531.2827406845122,1540.0240478515625,8609500,56.74830682588031,13.517167529214703,11.244294740862793,2.2728727883519095,1511.866269682297,1484.1932885742187,1583.4635540672857,1442.4175006202145,1512.94052734375,0.008779731645663036,1.3761029097221646,0.0,1539.1375732421875,0
2025-05-30,INFY.NS,1547.3124739974685,1548.297396005105,1531.652190030095,1539.1375732421875,13148092,56.534185796137386,13.87729077004451,11.770893946699138,2.1063968233453725,1514.4635366880007,1484.287255859375,1584.2940092397077,1449.1421846079486,1516.7180969238282,-0.0005756238745827646,0.5271609268830943,0.0,1530.371826171875,0
2025-06-02,INFY.NS,1536.4782943781508,1536.4782943781508,1515.7949327230604,1530.371826171875,4374509,54.350368865468475,13.302030969985253,12.077121351356363,1.2249096186288906,1515.9786118769412,1484.0077685546876,1583.4674157711668,1456.482230224927,1519.9748229980469,-0.005695232981576481,-0.6672894439740762,0.0,1519.734619140625,0
2025-06-03,INFY.NS,1535.4933708621093,1543.6682714095227,1512.4461724234918,1519.734619140625,6853403,51.73855202874166,11.851186623058766,12.031934405696845,-0.180747782638079,1516.336326854435,1483.515537109375,1581.4269691178472,1463.6907554915276,1522.5588623046874,-0.006950733703624312,0.5666679391904326,0.0,1527.8109130859375,1
2025-06-04,INFY.NS,1519.7346010168856,1533.8190332918905,1518.158749909477,1527.8109130859375,4548307,53.56317010851058,11.223691718704458,11.870285868298367,-0.6465941495939092,1517.4291445907686,1483.2528198242187,1578.3101015022871,1473.0941221305252,1525.7021118164062,0.005314279113993958,-0.33634327355329896,0.0,1530.8642578125,1
2025-06-05,INFY.NS,1524.5607331925255,1544.0621159555858,1518.3556767230737,1530.8642578125,6948539,54.267130914457425,10.847730997255894,11.665774894089873,-0.8180438968339789,1518.7086791833144,1482.4878393554689,1574.3057579045856,1483.3892005915084,1528.847479248047,0.0019985095671264386,0.5277198746698497,0.0,1540.2210693359375,1
2025-06-06,INFY.NS,1531.2581829658582,1545.2441474823067,1519.8331118292815,1540.2210693359375,3960020,56.446093416211774,11.175966325657328,11.567813180403364,-0.39184685474603675,1520.757478245469,1482.3567749023437,1567.2931963031713,1497.9972700054225,1532.6452331542969,0.006112110512533464,-0.43009314619951045,0.0,1549.183837890625,1
2025-06-09,INFY.NS,1554.2069160448225,1564.0561360451063,1547.3124620446238,1549.183837890625,2903202,58.48646832287756,12.020748005255655,11.658400145373824,0.36234785988183127,1523.4647505926266,1482.4010815429688,1559.2846768180573,1502.9104769905364,1531.0975769042968,0.00581914423398433,-0.26687188448543187,0.0,1571.935546875,1
2025-06-10,INFY.NS,1560.116482612782,1583.2621501262925,1553.7144894707471,1571.935546875,8591925,63.19943020400803,14.36057655634113,12.198835427567285,2.161741128773844,1528.0810169052338,1482.2069482421875,1566.5808831070165,1500.4565680648586,1533.5187255859375,0.014686255064056075,1.959465100947161,0.0,1606.5062255859375,1
2025-06-11,INFY.NS,1566.1244242034918,1609.9534525332194,1566.1244242034918,1606.5062255859375,10597410,68.96491409029323,18.787897209416087,13.516647783937048,5.27124942547904,1535.550084398634,1483.2675537109376,1582.2106893845812,1490.8145303419815,1536.5126098632813,0.021992427602813613,0.23341509615132816,0.0,1584.345458984375,0
2025-06-12,INFY.NS,1592.6188275892266,1603.452969273507,1574.0037782857437,1584.345458984375,10483574,62.234049721755326,20.274678194926764,14.868253866134992,5.406424328791772,1540.1972629306094,1483.8053002929687,1585.9911373653654,1488.8049930057282,1537.3980651855468,-0.013794385759992811,-0.010741869947468285,0.0,1577.844970703125,0
2025-06-13,INFY.NS,1552.2369998927122,1584.7394243828517,1546.5244044661897,1577.844970703125,6968315,60.372695246490814,20.6899271589175,16.032588524691494,4.657338634226004,1543.7827589089443,1484.8521240234375,1590.732039957542,1487.4285435385518,1539.0802917480469,-0.004102948788338834,-0.3353111257668425,0.0,1599.31640625,1
2025-06-16,INFY.NS,1575.875214344727,1610.15054834862,1573.01891647278,1599.31640625,5591842,64.18324032363131,22.49230308989854,17.324531437732904,5.167771652165637,1549.0716777033306,1487.1859985351562,1599.9205006594757,1486.6751658444305,1543.297833251953,0.013608076804470182,-0.19753311955616248,0.0,1615.173583984375,1
2025-06-17,INFY.NS,1596.2630097727383,1622.5604988569514,1591.2399317053334,1615.173583984375,7622083,66.72785955398665,24.913058489393052,18.842236848064935,6.070821641328116,1555.3670973491444,1489.3776098632814,1611.4249640051798,1485.1138055260703,1548.269384765625,0.009914972217133888,0.3630719537497662,0.0,1608.2791748046875,0
2025-06-18,INFY.NS,1596.558578835151,1619.9011823893957,1596.558578835151,1608.2791748046875,5629707,64.57959542709752,25.975770865097502,20.26894365147145,5.7068272136260525,1560.406342821101,1492.4734936523437,1619.6936726433971,1485.3314616339464,1552.5125671386718,-0.00426852522109733,-0.2613952117813464,0.0,1593.997802734375,0
2025-06-19,INFY.NS,1599.4148737815738,1605.4228739879738,1587.2018168292147,1593.997802734375,5147760,60.25234528579105,25.373105343415318,21.289775989860225,4.083329353555094,1563.605529479508,1496.1549658203126,1622.5199862969785,1491.6030239569277,1557.061505126953,-0.008879908596744035,-0.08560783003449379,0.0,1598.429931640625,1
2025-06-20,INFY.NS,1594.58871180959,1606.1122510729597,1584.6410236941556,1598.429931640625,9202821,61.12298157245709,24.965339444665233,22.024888680821228,2.940450763844005,1566.9221392091383,1500.9915185546874,1626.4742114128599,1495.5096020637025,1560.9919067382812,0.0027805113022407735,0.7877331111007506,0.0,1560.116455078125,0
2025-06-23,INFY.NS,1576.8601291540897,1576.8601291540897,1551.6461498856431,1560.116455078125,7943676,50.770181381296055,21.305013736161072,21.880913691889198,-0.5758999557281257,1566.2739788157085,1504.4392260742188,1626.644739392024,1497.8436639282886,1562.2442016601562,-0.023969443892467135,-0.1368216332796215,0.0,1557.7525634765625,0
2025-06-24,INFY.NS,1576.860073737694,1584.739449496533,1552.827953627288,1557.7525634765625,8083992,50.20516327589136,18.005872455172266,21.10590544454581,-3.1000329893735454,1565.4624154500755,1508.3272290039063,1626.0350823290958,1501.7316168896543,1563.883349609375,-0.0015152020183288872,0.017663862423391796,0.0,1590.550537109375,1
2025-06-25,INFY.NS,1566.025955644839,1595.4751470327865,1561.199813873949,1590.550537109375,7813533,57.30480999032468,17.832242596557535,20.451172874948156,-2.6189302783906214,1567.8517603700088,1512.7594946289062,1627.7963522708849,1506.3633279048966,1567.0798400878907,0.0210546747935465,-0.03345611920447222,0.0,1591.6339111328125,1
2025-06-26,INFY.NS,1584.5425210067874,1599.5132869304996,1582.3756205245834,1591.6339111328125,6519233,57.52026189872387,17.579414366218316,19.876821173202188,-2.2974068069838722,1570.1167271093236,1516.891943359375,1629.9433024394218,1509.3773640644843,1569.660333251953,0.0006811314687342751,-0.16564849729309394,0.0,1583.7545166015625,0
2025-06-27,INFY.NS,1594.5886581952298,1605.0288069577266,1578.238977654369,1583.7545166015625,8912268,55.33322316255335,16.552438674813402,19.21194467352443,-2.6595059987110297,1571.4155642038224,1521.1173876953126,1630.7769264273022,1513.0054344125417,1571.891180419922,-0.0049505068195248025,0.36707308973310204,0.0,1577.6480712890625,0
2025-06-30,INFY.NS,1590.648993297183,1590.648993297183,1570.064099926214,1577.6480712890625,6294505,53.63132163334682,15.072072468016813,18.38397023242291,-3.3118977644060976,1572.0091363071786,1525.0963842773438,1629.9958004595117,1518.514184892051,1574.2549926757813,-0.0038556766522145347,-0.2937257946013293,0.0,1582.57275390625,1
2025-07-01,INFY.NS,1584.7395342639384,1593.308307768125,1576.367697072364,1582.57275390625,4178937,54.83774174284584,14.133332059299164,17.533842597798163,-3.400510538498999,1573.0151951261378,1528.5619799804688,1627.2656686476155,1527.5281301805096,1577.3968994140625,0.00312153433126805,-0.33609759623671753,0.0,1586.2169189453125,1
2025-07-02,INFY.NS,1593.6038341220217,1624.1364168524187,1579.2239966239758,1586.2169189453125,8653641,55.75510531377144,13.527490693085838,16.7325722168557,-3.205081523769863,1574.2725021565354,1532.6482470703124,1624.776012900195,1535.8583865138676,1580.3171997070312,0.0023026840504283275,1.0707756541914848,0.0,1594.293212890625,1
2025-07-03,INFY.NS,1594.0962765801005,1607.786716594206,1590.6490495377586,1594.293212890625,5259695,57.800925814783234,13.542931980800404,16.094644169644642,-2.5517121888442382,1576.179236512163,1535.883994140625,1622.0412199252803,1544.9360749965947,1583.4886474609375,0.005091544446949037,-0.3921986132773476,0.0,1615.96142578125,1
2025-07-04,INFY.NS,1600.4981989662078,1618.6207872342948,1587.9897380569496,1615.96142578125,4411273,62.77421673997686,15.129212855831156,15.901557906881946,-0.7723450510507899,1579.9680164425522,1539.6210913085938,1622.8483293763127,1551.7030011900936,1587.2756652832031,0.013591109035293591,-0.1613063114876433,0.0,1602.4681396484375,0
2025-07-07,INFY.NS,1615.272126013176,1619.2118141254034,1598.5284515362102,1602.4681396484375,3294523,58.17624843377639,15.123225327316732,15.745891390968904,-0.6226660636521721,1582.1108853193032,1542.9173828125,1621.4515774880294,1558.428183254158,1589.9398803710938,-0.008350005091420476,-0.2531582153269589,0.0,1613.9915771484375,1
2025-07-08,INFY.NS,1603.4529602070286,1621.378491891406,1597.0509674297891,1613.9915771484375,4590681,60.815882616307576,15.865438371046821,15.769800786984488,0.09563758406233269,1585.1471416839825,1546.407236328125,1624.076501154594,1560.0088626149372,1592.0426818847657,0.007191055606589503,0.3934281229786527,0.0,1609.0670166015625,0
2025-07-09,INFY.NS,1613.1052929685202,1613.3022292758048,1599.1193284889714,1609.0670166015625,4580828,59.09926735713981,15.873299163722322,15.790500462332055,0.08279870139026713,1587.4252250094662,1549.4994482421876,1624.4542586602151,1559.8871842108788,1592.170721435547,-0.0030511686780767544,-0.002146304655017417,0.0,1591.43701171875,0
2025-07-10,INFY.NS,1614.1886858160017,1614.1886858160017,1582.868118202301,1591.43701171875,5330179,53.29904049826742,14.292183450366338,15.490837059938912,-1.198653609572574,1587.8072999341598,1552.1885571289063,1624.612439705835,1560.4381584386963,1592.5252990722656,-0.010956662899005876,0.16358418172435196,0.0,1570.85205078125,0
2025-07-11,INFY.NS,1555.2902357933656,1582.868050545757,1539.433016356687,1570.85205078125,11391755,47.44404110378852,11.248438546593206,14.642357357269772,-3.393918810676565,1586.1925143005494,1554.3338745117187,1625.0380801752124,1559.3132259771312,1592.1756530761718,-0.01293482606343832,1.1372180934261307,0.0,1546.623046875,0
2025-07-14,INFY.NS,1567.7988696310574,1567.7988696310574,1536.2813659941348,1546.623046875,9173426,41.64518355339292,6.802752757137341,13.074436437243287,-6.271683680105946,1582.4239935933542,1555.9615893554687,1627.7114334776395,1551.3705367372042,1589.5409851074219,-0.0154241157811138,-0.19473110157302365,0.0,1561.6922607421875,1
2025-07-15,INFY.NS,1541.5013602388092,1579.4208563061295,1540.4179701114035,1561.6922607421875,7614807,46.060928242288675,4.444243882927594,11.34839792638015,-6.9041540434525555,1580.4495428456241,1557.8343579101563,1624.973150379855,1548.7606875107701,1586.8669189453126,0.009743300992206994,-0.16990587813102764,0.0,1583.6561279296875,1
2025-07-16,INFY.NS,1555.1918577227598,1587.6942841349517,1554.6993967165145,1583.6561279296875,6223491,51.78744211249675,4.297866006319509,9.938291542368022,-5.640425536048513,1580.7549319012494,1560.2085620117186,1622.4649238734926,1548.8066093296322,1585.6357666015624,0.014064145503968728,-0.18271191902828265,0.0,1559.6240234375,0
2025-07-17,INFY.NS,1573.9053927711557,1585.7244570472844,1556.2752645133155,1559.6240234375,7374814,46.02922319070844,2.2171129981322792,8.394055833520873,-6.176942835388594,1578.7424644285113,1562.041904296875,1622.204264594739,1545.6298906786983,1583.9170776367187,-0.015175077511053292,0.18499633083746736,0.0,1562.1846923828125,1
2025-07-18,INFY.NS,1568.0942241264431,1575.1857343566385,1556.176692489401,1562.1846923828125,5161833,46.709150784558325,0.7658970472054989,6.868424076257798,-6.1025270290522995,1577.1655337574925,1564.0002783203124,1620.9005143911725,1543.3091169564839,1582.1048156738282,0.0016418501554422704,-0.3000727882764229,0.0,1560.4119873046875,0
2025-07-21,INFY.NS,1556.1767745731315,1565.041072656143,1543.1758521432762,1560.4119873046875,3682661,46.27452676757572,-0.5212360493219421,5.390492051141851,-5.911728100463793,1575.5699579048444,1563.6057788085936,1620.881990634165,1543.3571939361473,1582.1195922851562,-0.0011347602410705093,-0.2865594450653479,0.0,1547.2139892578125,0
2025-07-22,INFY.NS,1541.4029254290974,1561.889351060241,1541.4029254290974,1547.2139892578125,8473741,43.06189367531694,-2.5765654016304325,3.797080560587394,-6.373645962217827,1572.86938946227,1564.0798071289062,1621.9206032221891,1541.2647239262483,1581.5926635742187,-0.008458021441934749,1.300983174937905,0.0,1550.7596435546875,1
2025-07-23,INFY.NS,1552.5325511946266,1567.897309898412,1526.629055261839,1550.7596435546875,8035026,44.18302997194893,-3.8746593901369124,2.262732570442533,-6.137391960579445,1570.7636993758335,1564.1624291992186,1621.8475965143002,1537.3586412786685,1579.6031188964844,0.002291637951500114,-0.05177347289703571,0.0,1529.0914306640625,0
2025-07-24,INFY.NS,1556.1767861186595,1558.1466301517212,1524.8562179010848,1529.0914306640625,14169664,39.11426705364445,-6.576047339471188,0.49497658845978876,-7.071023927930977,1566.7949118794743,1563.4115307617187,1623.6651716810975,1529.2868180649962,1576.4759948730468,-0.013972644297704728,0.7634870129853968,0.0,1492.84619140625,0
2025-07-25,INFY.NS,1520.12860228797,1526.1366022975346,1488.512630894258,1492.84619140625,10851259,32.41528406276771,-11.508936786558706,-1.9058060865439106,-9.603130700014797,1559.75217659631,1562.3844458007814,1631.364311474274,1512.4968457522887,1571.9305786132813,-0.023703775020223472,-0.23419080367749012,0.0,1493.1417236328125,1
2025-07-28,INFY.NS,1491.0734115180542,1496.392014262957,1460.14683725966,1493.1417236328125,6439855,32.5167705206335,-15.219005015786934,-4.568445872392516,-10.650559143394418,1553.4083239331198,1561.94796875,1636.232293583964,1499.1782288769734,1567.7052612304688,0.00019796562315921307,-0.40653384091191636,0.0,1490.8763427734375,0
2025-07-29,INFY.NS,1490.0884773327002,1494.3235696797126,1473.5417400906863,1490.8763427734375,7070448,32.11862882393267,-18.133031816462562,-7.281363061206526,-10.851668755256036,1547.4528971560073,1561.45064453125,1638.937324806541,1487.3035565411153,1563.1204406738282,-0.0015171907820399344,0.0979203724307458,0.0,1496.0965576171875,1
2025-07-30,INFY.NS,1496.9830114866083,1498.7557989957106,1483.2925712781332,1496.0965576171875,5719051,34.12039379463586,-19.793029615023443,-9.78369637196991,-10.009333243053533,1542.5618171999292,1560.9042651367188,1638.9806707631192,1478.2481744517245,1558.6144226074218,0.0035014405245969993,-0.1911331502614827,0.0,1486.247314453125,0
2025-07-31,INFY.NS,1486.936711768862,1504.0743788045277,1474.428250322285,1486.247314453125,6851407,32.19152286931117,-21.653730711142543,-12.157703239804437,-9.496027471338106,1537.198531224043,1560.5688305664062,1637.6798678840396,1468.7443874870542,1553.2121276855469,-0.006583293781351474,0.19799718519733434,0.0,1447.4412841796875,0
2025-08-01,INFY.NS,1471.374935830292,1476.1024890867666,1443.4031282013243,1447.4412841796875,8702978,25.963694168038103,-25.96041654089936,-14.918245900023422,-11.042170640875938,1528.6502219817235,1559.1212182617187,1635.8948915217395,1453.677349689198,1544.7861206054688,-0.02611007595846615,0.2702468266737037,0.0,1458.177001953125,1
2025-08-04,INFY.NS,1439.4634841975633,1460.4423706154291,1429.1218033326477,1458.177001953125,8610216,29.998468324829275,-28.182344858173337,-17.571065691653406,-10.611279166519932,1521.9384867409046,1557.5833471679687,1632.0564494764255,1443.0866779649807,1537.5715637207031,0.00741703162040297,-0.010658650406791814,0.0,1438.2816162109375,0
2025-08-05,INFY.NS,1456.404084468286,1456.404084468286,1433.0614816224124,1438.2816162109375,10213323,27.055802955431446,-31.189101862728876,-20.2946729258685,-10.894428936860376,1513.9711657380508,1555.8495874023438,1625.8548494170313,1431.7172819306247,1528.786065673828,-0.013644012843117781,0.18618661831480177,0.0,1415.037353515625,0
2025-08-06,INFY.NS,1430.1067078263495,1434.14486387826,1408.7339490588547,1415.037353515625,10566934,24.083399961361152,-35.04363498030875,-23.24446533675655,-11.7991696435522,1504.5488979073434,1553.617919921875,1620.7930942723342,1417.3760707667284,1519.0845825195313,-0.01616113453257373,0.03462252197448379,0.0,1415.234375,1
2025-08-07,INFY.NS,1408.4383894942564,1420.2574529026,1392.876574581379,1415.234375,9892020,24.159455561903755,-37.64849385737625,-26.12527104088049,-11.52322281649576,1496.0427528685489,1551.1221264648439,1615.8402879097912,1404.7086134573965,1510.2744506835938,0.00013923412260852253,-0.06387037148145336,0.0,1401.6424560546875,0
2025-08-08,INFY.NS,1403.5138318764698,1411.590144080286,1395.7329241309972,1401.6424560546875,10048009,22.48584095627531,-40.34455068425018,-28.96912696955443,-11.37542371469575,1487.052248410086,1548.3722241210937,1613.546150933541,1390.0817909609905,1501.8139709472657,-0.009604005658294223,0.015769175557671655,0.0,1406.66552734375,1
2025-08-11,INFY.NS,1398.4907470266712,1411.7871937906966,1392.6796832838538,1406.66552734375,6625368,24.565590596632617,-41.59637811604421,-31.494577198852387,-10.10180091719182,1479.396370213292,1545.8980981445313,1611.8514468037572,1377.7807431376489,1494.816094970703,0.003583703723702314,-0.3406287753126017,0.0,1402.62744140625,0
2025-08-12,INFY.NS,1406.6655976905836,1419.2726477892124,1399.5742071536924,1402.62744140625,9899184,24.00792287955595,-42.4252483084349,-33.680711420768894,-8.744536887666008,1472.0850436602402,1543.5559545898439,1606.2342185379912,1367.4914894698213,1486.8628540039062,-0.0028706795318467204,0.4941334579452794,0.0,1405.0897216796875,1
2025-08-13,INFY.NS,1403.5138705026145,1412.3781686321047,1400.953097311154,1405.0897216796875,10318063,25.12410973933946,-42.394748200222466,-35.423518776659606,-6.9712294235628605,1465.7045368049496,1541.1015307617188,1593.6680401400038,1362.2010272428085,1477.9345336914062,0.0017554770431189581,0.04231449784143826,0.0,1425.8714599609375,1
2025-08-14,INFY.NS,1404.6956380205245,1447.835267553816,1404.6956380205245,1425.8714599609375,12902347,33.943045980275656,-40.22991858644946,-36.384798738617576,-3.8451198478318815,1461.9109104388533,1539.0016748046876,1582.7046338937635,1359.7891771413929,1471.2469055175782,0.014790328304734146,0.2504621264669542,0.0,1414.1510009765625,0
2025-08-18,INFY.NS,1442.6151494914589,1442.6151494914589,1408.0444126749926,1414.1510009765625,7254561,31.677014793299847,-39.01033178710236,-36.90990534831454,-2.100426438787821,1457.3623476329208,1536.4802734375,1569.6834830453743,1358.0069588491572,1463.8452209472657,-0.008219856637495249,-0.43773322791582026,0.0,1418.2877197265625,1
2025-08-19,INFY.NS,1411.0977408332749,1427.5460108318366,1411.0977408332749,1418.2877197265625,3986094,33.367825979167776,-37.280258220239375,-36.98397592269951,-0.296282297539868,1453.6409544989817,1533.8623510742189,1554.46215610621,1359.0158590305086,1456.7390075683593,0.0029252312851621998,-0.4505395984677777,0.0,1473.6402587890625,1
2025-08-20,INFY.NS,1418.9770874002822,1476.3980885005717,1418.9770874002822,1473.6402587890625,10413061,50.883353498709894,-31.084354067765844,-35.804051551712774,4.719697483946931,1455.545650145656,1531.8964453125,1542.030365544313,1364.0902765455307,1453.060321044922,0.03902772215582018,1.6123470746048638,0.0,1473.8372802734375,1
2025-08-21,INFY.NS,1485.262351237006,1485.262351237006,1461.9197483180794,1473.8372802734375,6565539,50.93279495812711,-25.860058740803424,-33.815252989530904,7.95519424872748,1457.2877101578258,1529.24306640625,1526.8917620706225,1371.5366436910963,1449.2142028808594,0.00013369713754762813,-0.3694900087495886,0.0,1465.0714111328125,0
2025-08-22,INFY.NS,1475.5115598317454,1481.6181481033814,1463.6924963469764,1465.0714111328125,5543397,48.58927285377585,-22.171519954648602,-31.486506382554445,9.314986427905843,1458.0290150125863,1526.8575854492187,1515.0569089290111,1376.9694948795827,1446.013201904297,-0.005947650570352403,-0.15568287691231442,0.0,1508.9989013671875,1
2025-08-25,INFY.NS,1483.981859694785,1515.7948868943363,1483.981859694785,1508.9989013671875,10694531,58.815801795010856,-15.524784990051103,-28.29416210405378,12.769377114002676,1462.8832899035008,1525.4806640625,1518.369410173236,1375.2722646314517,1446.8208374023438,0.02998317344845991,0.9292377940818599,0.0,1506.53662109375,0
2025-08-26,INFY.NS,1500.03616013844,1515.2039825206518,1495.7024794249892,1506.53662109375,15994798,58.11793829695849,-10.336729697834016,-24.702675622809828,14.365945924975811,1467.0407500168578,1523.625068359375,1520.9853038335564,1373.9958607172248,1447.4905822753906,-0.0016317309914584133,0.49560537063289645,0.0,1477.4814453125,0
2025-08-28,INFY.NS,1506.5366438633127,1506.5366438633127,1475.413133190423,1477.4814453125,5443364,50.50303116771789,-8.472008323827822,-21.456542163013427,12.984533839185605,1468.0351019497762,1520.8712255859375,1518.9533917344606,1374.688283070227,1446.8208374023438,-0.019286073351576283,-0.6596791031684177,0.0,1447.4412841796875,0
2025-08-29,INFY.NS,1479.254311487481,1479.254311487481,1445.5699084151588,1447.4412841796875,8169075,44.07329224666402,-9.31086331121196,-19.027406392653138,9.716543081441177,1466.0737859716726,1517.6544677734375,1512.9000413598208,1375.8761061011166,1444.3880737304687,-0.02033200567636151,0.5007401672936074,0.0,1476.7921142578125,1
2025-09-01,INFY.NS,1454.4343120627393,1480.7318023736236,1453.941851048263,1476.7921142578125,4546057,50.68022375988822,-7.520602416905149,-16.726045597503543,9.205443180598394,1467.0945791417812,1515.3103540039062,1511.387981239204,1376.4426462022022,1443.9153137207031,0.020277734509112744,-0.44350406869810843,0.0,1476.1025390625,0
2025-09-02,INFY.NS,1476.7920565936874,1489.9900353122632,1463.8896025641538,1476.1025390625,5218763,50.52919181016884,-6.087280336753338,-14.598292545353502,8.511012208600164,1467.9524800866116,1512.8638061523438,1514.2618235434277,1376.43492938626,1445.3483764648438,-0.000466941276740962,0.1479757072997545,0.0,1456.798095703125,0
2025-09-03,INFY.NS,1477.3829894013984,1479.2543652339205,1450.7900955921732,1456.798095703125,4623483,46.36367850085159,-6.434892076564665,-12.965612451595735,6.53072037503107,1466.8901577643749,1510.7974389648436,1514.1441439025737,1376.4147184021137,1445.2794311523437,-0.013077982625540052,-0.11406534460369244,0.0,1440.94091796875,0
2025-09-04,INFY.NS,1461.6242804276317,1461.6242804276317,1438.0846200594328,1440.94091796875,5787724,43.21239276727077,-7.898865400508612,-11.95226304137831,4.053397640869699,1464.418801593363,1508.4612060546874,1514.23280454948,1376.5919879309886,1445.4123962402343,-0.010884952266993153,0.2518103775876326,0.0,1422.8182373046875,0
2025-09-05,INFY.NS,1447.835279098319,1450.4945202945664,1411.3931666312185,1422.8182373046875,5466487,39.87652781330729,-10.40152141497083,-11.642114716096815,1.240593301125985,1460.4568430896798,1505.1065600585937,1514.0159091135563,1377.5869717458188,1445.8014404296875,-0.0125769769170061,-0.05550316497469476,0.0,1411.2947998046875,0
2025-09-08,INFY.NS,1429.1218644887508,1436.0163186937275,1406.7641825159365,1411.2947998046875,3811567,37.874406984964544,-13.163004515590046,-11.946292675995462,-1.2167118395945842,1455.7747437292041,1501.4997778320312,1514.1925880982135,1377.0163352416303,1445.6044616699219,-0.008099022909510478,-0.30273921807552084,0.0,1481.6181640625,1
2025-09-09,INFY.NS,1458.6694341238242,1484.474341584966,1450.297597398603,1481.6181640625,13072640,53.28799451435546,-9.56671287852214,-11.470376716500798,1.9036638379786588,1458.2360218561846,1499.45705078125,1516.7838671380916,1382.4226270025335,1449.6032470703126,0.049828968595041045,2.429728507986348,0.0,1509.491455078125,1
2025-09-10,INFY.NS,1487.330709756259,1511.756823802922,1486.5428442826578,1509.491455078125,7281071,57.76119256508297,-4.416572707168143,-10.059615914634268,5.643043207466125,1463.1174916868456,1498.0939184570314,1523.708983099219,1385.7801038148436,1454.7445434570313,0.01881273575858322,-0.4430297935229609,0.0,1486.9366455078125,0
2025-09-11,INFY.NS,1500.922609577238,1504.4683046125388,1483.7849433052634,1486.9366455078125,8003662,53.312293251939266,-2.1304753567910666,-8.473787803065628,6.343312446274561,1465.3859825269378,1496.1811962890624,1524.9072654540428,1393.012741870176,1458.9600036621093,-0.014941992214951072,0.09924240540986351,0.0,1502.596923828125,1
2025-09-12,INFY.NS,1513.8250582606502,1519.636121892633,1498.1647749913177,1502.596923828125,12856963,55.85470476317429,0.934158448763128,-6.592198552699878,7.526357001463006,1468.9298816984794,1494.5087963867188,1527.5095304094455,1400.1611971296172,1463.8353637695313,0.010531906902438548,0.606385052242336,0.0,1485.6563720703125,0
2025-09-15,INFY.NS,1502.5969824151846,1504.4683582651935,1478.5648615170796,1485.6563720703125,6167414,52.52271809251053,1.973196094101013,-4.8791196233397,6.852315717440713,1470.522880781511,1492.3360595703125,1528.6763419481722,1404.9728768018276,1466.824609375,-0.011274182376637354,-0.5203055340518596,0.0,1488.5126953125,1
2025-09-16,INFY.NS,1485.656397411633,1491.1719366717366,1480.8302554728905,1488.5126953125,8923112,53.03148031210947,2.9926252076986657,-3.3047706571320274,6.297395864830693,1472.2361964511292,1489.7870849609376,1528.0710611505115,1413.0143270330823,1470.5426940917969,0.0019226002027690203,0.4468157967018267,0.0,1499.4453125,1
2025-09-17,INFY.NS,1494.028241371192,1503.680405062861,1491.1719434573272,1499.4453125,4795698,55.01833455406431,4.629336850600794,-1.7179491555854636,6.347286006186257,1474.8275408367358,1487.7266284179686,1528.12256237796,1421.0785850829775,1474.6005737304688,0.007344658343813926,-0.4625531989288042,0.0,1517.370849609375,1
2025-09-18,INFY.NS,1526.6291407021615,1531.5537508334592,1515.302537400178,1517.370849609375,9331945,58.1447172272003,7.2888621880883875,0.08341311314930655,7.2054490749390805,1478.879284529368,1485.7942138671874,1533.4541526197738,1420.1200539231947,1476.7871032714843,0.011954778850512326,0.9458992205097152,0.0,1516.976806640625,0
2025-09-19,INFY.NS,1521.3104874589542,1527.9095369547413,1497.179898612735,1516.976806640625,12988129,58.04920500079791,9.258038301853958,1.9183381508902368,7.339700150963721,1482.5076199685352,1483.9524096679688,1538.2217858100205,1419.666373369667,1478.9440795898438,-0.00025968797861875004,0.39179227910151626,0.0,1476.8905029296875,0
2025-09-22,INFY.NS,1460.3437656419162,1491.8612688721596,1459.6543683506482,1476.8905029296875,15655204,49.19573927133999,7.4975675729988325,3.0341840353119562,4.463383537686877,1481.972656441026,1481.6614794921875,1538.482492096146,1420.587576263229,1479.5350341796875,-0.026425126300849255,0.20534712890517182,0.0,1474.920654296875,0
2025-09-23,INFY.NS,1470.4885054191882,1490.186944875574,1470.4885054191882,1474.920654296875,9832164,48.801849375294275,5.875700101643133,3.602487248578192,2.2732128530649414,1481.301037189202,1479.7428515625,1535.2229690868312,1420.4392745655127,1477.831121826172,-0.001333781095419706,-0.37195554909409034,0.0,1472.0643310546875,0
2025-09-24,INFY.NS,1464.7758845360097,1474.1326431158675,1460.3437357350242,1472.0643310546875,4937004,48.19922514783259,4.310191822980414,3.7440281634586365,0.5661636595217776,1480.4213508906766,1478.2516772460938,1531.9983901380165,1420.2166245104208,1476.1075073242187,-0.001936594510264844,-0.4978720859416096,0.0,1462.4122314453125,0
2025-09-25,INFY.NS,1466.5488557470633,1480.04223903444,1454.2373307659764,1462.4122314453125,9491867,46.12641678952375,2.2645669426763106,3.448135919302172,-1.1835689766258612,1478.7061966577849,1476.2660766601562,1531.5559553600178,1419.1521379017008,1475.3540466308593,-0.006556846331885247,0.9225965788158161,0.0,1427.053466796875,0
2025-09-26,INFY.NS,1452.7599061754568,1456.404069373631,1419.4694954878144,1427.053466796875,8597058,39.43575303661218,-2.1845798379804364,2.3215927678456505,-4.506172605826087,1473.786889051984,1473.1340234375,1533.2011373514401,1415.4681741719974,1474.3346557617188,-0.0241783841027452,-0.09427112706067209,0.0,1420.060546875,0
2025-09-29,INFY.NS,1437.9860786678707,1442.9106885263222,1414.8404123331482,1420.060546875,10513117,38.253958381096766,-6.203322866872895,0.6166096409019413,-6.819932507774837,1468.670094558938,1470.34275390625,1534.9094794115633,1408.086675373593,1471.4980773925781,-0.004900250820714547,0.2228738017121672,0.0,1420.060546875,0
2025-09-30,INFY.NS,1421.2424051491353,1430.303639196793,1416.416263441906,1420.060546875,7556305,38.253958381096766,-9.281217571937987,-1.3629558016660446,-7.918261770271942,1464.0406138271344,1467.5002709960938,1535.8861746338248,1401.5057809325813,1468.695977783203,0.0,-0.281249794899077,0.0,1424.000244140625,1
2025-10-01,INFY.NS,1424.197180444367,1427.6444073679877,1405.877655696216,1424.000244140625,6250692,39.439762931932925,-11.27262683167487,-3.34489000766781,-7.92773682400706,1460.227245285562,1464.7720361328124,1536.8772522228637,1397.2349181872924,1467.056085205078,0.002774316401011667,-0.1727845818822824,0.0,1424.7880859375,1
2025-10-03,INFY.NS,1417.3027030735375,1426.4625254104503,1411.5901076030302,1424.7880859375,6877533,39.68919939218832,-12.64153699916369,-5.204219405966986,-7.437317593196704,1456.8520872524132,1462.3235180664062,1537.61582119552,1394.8810660115112,1466.2484436035156,0.0005532595939619078,0.10028345661568361,0.0,1453.744873046875,1
2025-10-06,INFY.NS,1424.7881421800753,1456.5027027407557,1420.5530497148677,1453.744873046875,4630590,48.143398278709704,-11.260038734207,-6.4153832716149894,-4.844655462592011,1456.556162089981,1460.38322265625,1536.6262311930245,1398.9633195882257,1467.794775390625,0.020323574709232295,-0.32670770172967545,0.0,1436.5086669921875,0
2025-10-07,INFY.NS,1455.4191203786977,1460.5407866669368,1432.0765182081868,1436.5086669921875,5570320,44.174038542046624,-11.424316773327291,-7.41716997195745,-4.007146801369841,1454.646876842572,1458.5315673828125,1534.5438385907103,1403.5670989092898,1469.05546875,-0.01185641743214716,0.20293958221306574,0.0,1472.4583740234375,1
2025-10-08,INFY.NS,1435.0313384295307,1475.4131399913774,1433.061494450904,1472.4583740234375,4657192,52.89711344336545,-8.555050097514822,-7.644745997068925,-0.9103041004458978,1456.3432099074164,1458.1238110351562,1533.8557297380432,1403.3392287580507,1468.597479248047,0.025025750179790363,-0.16392738657743178,0.0,1486.5428466796875,1
2025-10-09,INFY.NS,1479.352867871771,1491.171932062491,1464.5790376333712,1486.5428466796875,7028753,55.8104010991045,-5.0860080159950485,-7.13299840085415,2.046990384859101,1459.2193657904897,1457.9918334960937,1530.5635708448367,1404.3365268114135,1467.450048828125,0.009565277297289398,0.5092255161479278,0.0,1492.058349609375,1
2025-10-10,INFY.NS,1487.2322078030077,1498.755747016607,1476.2011295853697,1492.058349609375,3738353,56.93371836552883,-1.8701542082649212,-6.080429562336304,4.210275354071383,1462.346888058955,1458.0154736328125,1531.1744138764575,1404.2378541899488,1467.7061340332032,0.003710288567871922,-0.4681342479953414,0.0,1470.6854248046875,0
2025-10-13,INFY.NS,1474.4281763502415,1482.0120273618204,1461.0332617199265,1470.6854248046875,5859355,51.47327738047965,-1.0342609905226254,-5.071195847973569,4.036934857450944,1463.1410344156914,1457.5072509765625,1527.5624988460445,1404.6586193180178,1466.1105590820312,-0.014324456419739229,0.5673626861882759,0.0,1467.435302734375,0
2025-10-14,INFY.NS,1476.3980688327763,1491.5658915845438,1464.0865439092208,1467.435302734375,5600789,50.677315681833505,-0.626841443877538,-4.182324967154363,3.555483523276825,1463.550012350804,1457.1310107421875,1526.0021704841097,1404.396840746359,1465.1995056152343,-0.002209936955582581,-0.04412874795945965,0.0,1452.1690673828125,0
2025-10-15,INFY.NS,1461.5258266826634,1466.154912139115,1445.373081319078,1452.1690673828125,6986098,47.0008303047471,-1.5183139474127074,-3.6495227632060323,2.131208815793325,1462.466112830043,1457.22556640625,1523.4573852972,1403.3072631403,1463.38232421875,-0.010403344749247756,0.24734175845581752,0.0,1449.312744140625,0
2025-10-16,INFY.NS,1451.6765810210527,1452.267510183725,1438.478601982591,1449.312744140625,8005748,46.32368415132633,-2.427313188049993,-3.4050808481748245,0.9777676601248313,1461.2134110500983,1457.04828125,1518.8702042600883,1402.881187341474,1460.8756958007812,-0.0019669357420863953,0.1459541506574915,0.0,1419.37109375,0
2025-10-17,INFY.NS,1432.9630656678503,1436.410292725158,1412.3781714796953,1419.37109375,16959378,39.843498920828,-5.50033811500316,-3.8241323015404918,-1.6762058134626683,1457.228428450089,1456.6700708007813,1510.5056026295615,1401.4458133860635,1455.9757080078125,-0.020659205897191613,1.1184001794710499,0.0,1438.87255859375,1
2025-10-20,INFY.NS,1431.781048131079,1444.8805586841174,1428.136884861602,1438.87255859375,6994246,45.21867892093051,-6.28962440225996,-4.3172307216843855,-1.9723936805755748,1455.4802503685328,1457.1467749023439,1499.2593015759876,1404.88168963495,1452.0704956054688,0.013739511062062615,-0.5875882948065666,0.0,1450.19921875,1
2025-10-21,INFY.NS,1455.7147580634262,1463.5941342911035,1447.8353818357486,1450.19921875,1698704,48.11831715497795,-5.932783225654475,-4.640341222478404,-1.2924420031760713,1454.9772949762917,1457.8460717773437,1496.5306138946823,1404.9412488982864,1450.7359313964844,0.00787189948727618,-0.7571283595115185,0.0,1505.4532470703125,1
2025-10-23,INFY.NS,1487.232190432563,1522.6893817276436,1483.292502510887,1505.4532470703125,20358624,59.40630757736133,-1.1778679850910976,-3.9478465750009426,2.769978589909845,1459.7845285090555,1459.9222875976564,1502.9542498554374,1401.5708722148752,1452.2625610351563,0.03810099164716063,10.984797822339855,0.0,1502.4000244140625,0
2025-10-24,INFY.NS,1516.2874003977408,1519.7346273554492,1495.111577657532,1502.4000244140625,8652257,58.64698298290563,2.3173540340551426,-2.6948064531897256,5.012160487244868,1463.8431471666752,1461.8369775390624,1508.412447392204,1399.146244014046,1453.779345703125,-0.0020281085860299752,-0.575007770662693,0.0,1504.5,1
2025-10-27,INFY.NS,1510.0,1515.300048828125,1498.0999755859375,1504.5,7273211,59.03482085778658,5.196886670907816,-1.1164678283702176,6.3133544992780335,1467.7152283888965,1463.8744287109375,1514.7621988591727,1397.0052694025462,1455.8837341308595,0.0013977473055197809,-0.1593856955474161,0.0,1500.199951171875,0
2025-10-28,INFY.NS,1499.699951171875,1506.5,1490.5,1500.199951171875,8211019,57.83861822973816,7.0506831417433204,0.5169623656524901,6.5337207760908305,1470.809011511085,1465.7766333007812,1519.8711344531125,1399.2109822461061,1459.5410583496093,-0.0028581248442173246,0.1289400238766618,0.0,1510.4000244140625,1
2025-10-29,INFY.NS,1500.199951171875,1520.199951171875,1496.9000244140625,1510.4000244140625,4884976,59.91357210437388,9.236419175059837,2.2608537275339593,6.975565447525877,1474.5795841685115,1467.4672045898437,1525.4069572310311,1402.709107222094,1464.0580322265625,0.006799142497118327,-0.405070673932188,0.0,1493.800048828125,0
2025-10-30,INFY.NS,1507.0,1508.199951171875,1489.0999755859375,1493.800048828125,5608867,55.15610248556679,9.519417511400434,3.7125664843072546,5.806851027093179,1476.4101046122842,1469.060185546875,1526.8980057653318,1408.5920088831056,1467.7450073242187,-0.010990449760074128,0.14818721729646156,0.0,1482.300048828125,0
2025-10-31,INFY.NS,1490.0,1497.0999755859375,1480.699951171875,1482.300048828125,4819814,52.0713205013401,8.715277546865082,4.7131086968188205,4.002168850046261,1476.9710516804594,1470.3404321289063,1526.5593494130355,1414.7606457041518,1470.6599975585937,-0.007698486828288442,-0.14067957040165158,0.0,1485.5,1
2025-11-03,INFY.NS,1482.300048828125,1491.4000244140625,1474.199951171875,1485.5,5470600,52.86134093547535,8.241200716032608,5.418727100661578,2.82247361537103,1477.7833324727967,1470.577626953125,1525.763595451095,1421.6275910723427,1473.6955932617188,0.002158774247093209,0.1350230527568077,-0.3811292245357205,1467.9000244140625,0
2025-11-04,INFY.NS,1479.699951171875,1481.9000244140625,1462.9000244140625,1467.9000244140625,8691330,48.15939845747871,6.371869525863531,5.6093555857019695,0.7625139401615613,1476.8420650386315,1470.4588818359375,1525.7471395987889,1423.0595620613674,1474.4033508300781,-0.011847846237588389,0.5887343253025263,-0.08767120307589386,1467.9000244140625,0
2025-11-05,INFY.NS,1467.9000244140625,1467.9000244140625,1467.9000244140625,1467.9000244140625,0,48.15939845747871,4.834679909339457,5.454420450429467,-0.6197405410900103,1475.990442122006,1470.5154541015625,1524.4248300172185,1427.5210073851254,1475.972918701172,0.0,-1.0,0.1626315658202945,1466.699951171875,0
2025-11-07,INFY.NS,1470.0,1480.9000244140625,1449.0999755859375,1476.800048828125,8765759,50.929587919862996,3.1838039104929976,4.684309976682462,-1.5005060661894642,1475.267006352283,1469.0747436523438,1523.5476680648358,1426.8480472671954,1475.1978576660156,0.006886273943201626,0.10333953784838101,-0.1193855059638544,1513.5,1
2023-01-18,RELIANCE.NS,1129.144430635729,1137.178689301756,1123.1414974309205,1129.692138671875,13448286,39.90501136381897,-14.57020117996035,-11.77849253351846,-2.79170864644189,1152.5829486983357,1180.2711059570313,1189.5280328274996,1115.9761663912502,1152.752099609375,-0.0016541938679829338,0.2508869872569994,0.0,1128.4825439453125,0
2023-01-19,RELIANCE.NS,1128.8705038207283,1132.6366004638107,1121.4524163802744,1128.4825439453125,11940054,39.56976001850497,-14.665881842981435,-12.355970395411056,-2.3099114475703786,1150.2876720551908,1179.35400390625,1186.8311274272041,1113.8456303852959,1150.33837890625,-0.0010707295245805382,-0.11215050007116145,0.0,1115.0615234375,0
2023-01-20,RELIANCE.NS,1129.8291140692525,1129.8291140692525,1112.596474928504,1115.0615234375,14930286,35.95988834440638,-15.644335487362468,-13.01364341380134,-2.6306920735611286,1146.9328007582678,1177.6270751953125,1188.47757166673,1109.4807535285827,1148.9791625976563,-0.011892980161563704,0.25043705832486185,0.0,1109.4237060546875,0
2023-01-23,RELIANCE.NS,1117.960272105855,1125.811961602633,1107.004299933337,1109.4237060546875,10954118,34.5346309139545,-16.682387615493553,-13.747392254139784,-2.934995361353769,1143.3605060245936,1175.9038012695312,1189.8815821260798,1103.7970921903263,1146.839337158203,-0.005056059476819086,-0.26631559502611,0.0,1102.873046875,0
2023-01-24,RELIANCE.NS,1113.851719292168,1115.51790607312,1089.8171651533376,1102.873046875,16488755,32.90283091561328,-17.828123347132532,-14.563538472738335,-3.264584874394197,1139.504557534156,1174.156787109375,1190.3855290673723,1097.4157526709091,1143.9006408691407,-0.005904560308146678,0.505256288091839,0.0,1087.6259765625,0
2023-01-25,RELIANCE.NS,1101.2753294802071,1102.302402806859,1086.461976225218,1087.6259765625,12385018,29.418504861938715,-19.73890055956076,-15.59861089010282,-4.140289669457941,1134.5637402987602,1172.2413256835937,1191.9490056025884,1088.4615901005368,1140.2052978515626,-0.01382486439006081,-0.24888094947132156,0.0,1066.992431640625,0
2023-01-27,RELIANCE.NS,1088.4706538388857,1089.817223588686,1055.260418546103,1066.992431640625,25830975,25.485293459031496,-22.65698428888254,-17.010285569858766,-5.6466987190237745,1128.1283775694142,1169.8520239257812,1195.2916361651692,1075.7174214520182,1135.5045288085937,-0.018971177009847073,1.0856630971388173,0.0,1077.218017578125,1
2023-01-30,RELIANCE.NS,1064.4132886312711,1082.764407064242,1050.3987961919847,1077.218017578125,21772103,30.448178757171405,-23.869316716683215,-18.38209179922366,-5.487224917459557,1123.2797718559582,1167.6800146484375,1194.7229609106882,1067.7290898705617,1131.226025390625,0.009583559952507814,-0.15713197043472038,0.0,1074.5244140625,0
2023-01-31,RELIANCE.NS,1087.3747826880974,1089.9540573273837,1068.6584086670991,1074.5244140625,22691594,29.883560734036877,-24.762009164591973,-19.65807527229732,-5.103933892294652,1118.6364044470574,1165.8809594726563,1190.7577513943706,1061.5577759493794,1126.157763671875,-0.0025005184388587898,0.042232530316432815,0.0,1068.1563720703125,0
2023-02-01,RELIANCE.NS,1086.439023705242,1086.439023705242,1052.2245419941687,1068.1563720703125,19347800,28.53631078924488,-25.687215894784913,-20.86390339679484,-4.823312497990074,1113.828782315939,1163.8253540039063,1187.6050017746243,1054.7977081863132,1121.2013549804688,-0.005926381856798946,-0.1473582684407274,0.0,1062.2447509765625,0
2023-02-02,RELIANCE.NS,1058.1590377354637,1071.85391093282,1054.963591472129,1062.2447509765625,13662663,27.305608402074725,-26.59094346700431,-22.009311410836734,-4.5816320561675745,1108.9160174264746,1161.7245581054688,1186.581790854354,1047.0744347315836,1116.8281127929688,-0.005534415417371874,-0.2938389377603655,0.0,1063.1806640625,1
2023-02-03,RELIANCE.NS,1072.3105805967243,1072.3105805967243,1046.7467660021257,1063.1806640625,24699575,27.836233784397464,-26.9213017065656,-22.991709469982506,-3.929592236583094,1104.5602694870483,1159.4411596679688,1184.5749346436116,1040.6338177977948,1112.6043762207032,0.0008810710385502851,0.8078155773878051,0.0,1055.169189453125,0
2023-02-06,RELIANCE.NS,1056.7897340697052,1059.528757546533,1052.5900349184292,1055.169189453125,14837879,26.081234731117377,-27.512425917720975,-23.8958527595302,-3.616573158190775,1099.856357102865,1156.6460302734374,1180.3960575391725,1034.5209956834838,1107.4585266113281,-0.0075353840416571005,-0.3992658173268163,0.0,1052.6356201171875,0
2023-02-07,RELIANCE.NS,1055.4202857843334,1062.4502927137798,1046.7467924098464,1052.6356201171875,15135435,25.53299168493666,-27.864133598071703,-24.689508927238503,-3.1746246708332,1095.3591440566101,1152.9789916992188,1168.1146317247265,1033.5229537244925,1100.8187927246095,-0.002401102459455462,0.020053809577500914,0.0,1073.6573486328125,1
2023-02-08,RELIANCE.NS,1055.876758827137,1077.28651848918,1053.1378561171298,1073.6573486328125,21160332,37.308369756771114,-26.145201060370027,-24.98064735386481,-1.1645537065052167,1093.292306397201,1149.6899365234376,1156.8310681926544,1035.3821642292207,1096.1066162109375,0.019970565420619923,0.3980656651097243,0.0,1075.52880859375,1
2023-02-09,RELIANCE.NS,1074.341987106508,1082.284961068636,1065.463103759131,1075.52880859375,13172763,38.24460005639166,-24.35121778112307,-24.854761439316466,0.5035436581933972,1091.6005447016341,1146.2634716796874,1147.544980399047,1036.903225167359,1092.224102783203,0.0017430700430827173,-0.3774784346483788,0.0,1066.6728515625,0
2023-02-10,RELIANCE.NS,1075.0039060071294,1075.0039060071294,1059.6655455942528,1066.6728515625,10790445,35.539842911228746,-23.374626681287054,-24.558734487710588,1.1841078064235333,1089.2264786883834,1142.7333837890626,1142.931071061315,1035.3567219074353,1089.143896484375,-0.008234049111923936,-0.18085180762760245,0.0,1060.6014404296875,0
2023-02-13,RELIANCE.NS,1068.293381324993,1072.7670546240695,1056.127767130611,1060.6014404296875,10352493,33.77621115801696,-22.827442785385983,-24.212476147245667,1.3850333618596835,1086.5002845685076,1139.0923681640625,1138.1416200643775,1033.5611997598412,1085.8514099121094,-0.005691914933354525,-0.04058701934906295,0.0,1085.5947265625,1
2023-02-14,RELIANCE.NS,1063.6144381671827,1087.329376978281,1060.738487756277,1085.5947265625,14321920,45.71793825843654,-20.144829240562558,-23.39894676590905,3.2541175253464907,1086.4140409488878,1136.3136743164061,1134.8101615306362,1033.8797920826453,1084.3449768066407,0.023565201007728964,0.383427160974656,0.0,1110.1768798828125,1
2023-02-15,RELIANCE.NS,1084.6358877756606,1112.5735854842064,1083.2664969637603,1110.1768798828125,33503591,54.42313872451073,-15.852526292535458,-21.88966267123433,6.037136378698872,1088.6771684664045,1133.955869140625,1130.4952336566678,1036.0560114605198,1083.2756225585938,0.0226439505635323,1.339322590825811,0.0,1109.3094482421875,0
2023-02-16,RELIANCE.NS,1118.1655094417106,1124.7162706791198,1107.0269694456315,1109.3094482421875,17264487,54.09347788018123,-12.378152133161848,-19.987360563619834,7.609208430457986,1090.6421474926694,1131.9431713867189,1126.1904220049169,1038.322554069302,1082.2564880371094,-0.0007813454381400131,-0.4846974164649992,0.0,1113.94287109375,1
2023-02-17,RELIANCE.NS,1104.7216712307095,1117.2753650050747,1100.430567617511,1113.94287109375,11809520,55.63921062526432,-9.145384776454875,-17.818965406186845,8.673580629731969,1092.8612640261056,1130.0345581054687,1122.77889539971,1040.2801133893522,1081.5295043945312,0.004176853319787899,-0.3159646156876831,0.0,1102.16552734375,0
2023-02-20,RELIANCE.NS,1116.13425652598,1118.3026298698114,1100.2025445254703,1102.16552734375,8836937,50.94372207300217,-7.447872134858926,-15.744746751921262,8.296874617062336,1093.7473843420717,1128.2569604492187,1120.3832997491425,1041.386109430545,1080.8847045898438,-0.010572664052723058,-0.25171073845507697,0.0,1111.1585693359375,1
2023-02-21,RELIANCE.NS,1106.5479683974272,1116.9559918914763,1101.2296696771075,1111.1585693359375,13311592,54.1271807134558,-5.315642389105051,-13.658925879358021,8.34328349025297,1095.4055924367256,1126.6227075195313,1120.7271439302156,1041.2157515775968,1080.9714477539062,0.008159429567590415,0.506358141967064,0.0,1085.959716796875,0
2023-02-22,RELIANCE.NS,1107.4379365148654,1109.2866925279875,1084.2022454513722,1085.959716796875,11024335,45.263543102472426,-5.594679772167865,-12.04607665791999,6.451396885752125,1094.5059852329302,1124.3758276367187,1118.6834695613666,1041.5680929386335,1080.12578125,-0.022677998653353404,-0.17182445195135188,0.0,1080.7557373046875,0
2023-02-23,RELIANCE.NS,1085.5490279902117,1093.1953270218976,1077.9483712962124,1080.7557373046875,9851910,43.67298705792669,-6.1646740372243585,-10.869796133780865,4.705122096556506,1093.196437811193,1122.1116040039062,1118.1886764221556,1041.375862152063,1079.7822692871093,-0.0047920557380682904,-0.10634881831874665,0.0,1088.1510009765625,1
2023-02-24,RELIANCE.NS,1082.810002251087,1093.8344379808216,1080.9840672539892,1088.1510009765625,9434053,46.547543678315435,-5.951062481467034,-9.886049403318099,3.934986921851065,1092.7159200174187,1120.334462890625,1118.943562475054,1042.7368330327586,1080.8401977539063,0.006842678152528814,-0.04241380605385148,0.0,1080.91552734375,0
2023-02-27,RELIANCE.NS,1087.3750050988056,1090.8672478016565,1073.543202799622,1080.91552734375,11199715,44.172331274328506,-6.2930734044286964,-9.167454203540219,2.8743807991115222,1091.592073096117,1118.5290185546876,1119.0922084686845,1042.9579380156906,1081.0250732421875,-0.006649328655966902,0.187158371910779,0.0,1060.2362060546875,0
2023-02-28,RELIANCE.NS,1075.5516247048563,1080.5274845520237,1056.1734344203933,1060.2362060546875,21994038,38.17642375072716,-8.138947211524055,-8.961752805136987,0.8228055936129319,1088.6058000445523,1116.0023095703125,1119.3625378455079,1041.2587878380857,1080.3106628417968,-0.01913130190652368,0.9638033646391895,0.0,1069.982421875,1
2023-03-01,RELIANCE.NS,1070.0280642112666,1070.712820002187,1060.5557097259696,1069.982421875,11551145,42.16123747727621,-8.714917197667546,-8.9123856836431,0.19746848597555378,1086.8321449807854,1113.46509765625,1119.3481429646138,1041.4557876994488,1080.4019653320313,0.009192494808849982,-0.47480562687033645,0.0,1061.8338623046875,0
2023-03-02,RELIANCE.NS,1066.8325430044115,1073.5202315216086,1059.8024162422653,1061.8338623046875,9333535,39.8486557959837,-9.716887982190656,-9.073286143352611,-0.6436018388380447,1084.4513561544904,1111.1054638671876,1119.3663034462968,1041.396538350578,1080.3814208984375,-0.007615601344210132,-0.19198183383552025,0.0,1088.9271240234375,1
2023-03-03,RELIANCE.NS,1072.3791189632543,1092.6019362119685,1068.9098180563456,1088.9271240234375,14643807,49.723189211732155,-8.229888226322146,-8.904606559946519,0.674718333624373,1084.8776197610568,1109.3488671875,1119.9913855916948,1043.3461022012739,1081.6687438964843,0.025515537487140083,0.5689454210007248,0.0,1099.5633544921875,1
2023-03-06,RELIANCE.NS,1095.5918675399987,1106.8216933590495,1095.5918675399987,1099.5633544921875,10171916,52.98612428389613,-6.1225978021223,-8.348204808381675,2.2256070062593754,1086.2762611640217,1108.4952172851563,1120.9359161390992,1046.8409881577757,1083.8884521484374,0.009767623777659828,-0.3053776248211958,0.0,1103.5120849609375,1
2023-03-08,RELIANCE.NS,1099.5632986303583,1104.265304210858,1088.7443751303776,1103.5120849609375,15782657,54.17516321018993,-4.086815149733411,-7.495926876652023,3.4091117269186118,1087.9177681922993,1107.5210546875,1121.4793855760117,1051.385165205238,1086.432275390625,0.0035911804923451918,0.5515913619420372,0.0,1076.9896240234375,0
2023-03-09,RELIANCE.NS,1102.8958764013148,1103.3066574341256,1075.095225544964,1076.9896240234375,16235128,45.79701235803208,-4.561007218804889,-6.908942945082597,2.347935726277708,1086.8769925571696,1105.8279077148438,1121.432520523952,1051.7652577963604,1086.5988891601562,-0.024034590376451392,0.028668873688378227,0.0,1060.3046875,0
2023-03-10,RELIANCE.NS,1068.8868957671646,1070.0280749321848,1056.8124450060086,1060.3046875,13334091,41.45383028458262,-6.2115400187356045,-6.769462359813199,0.5579223410775942,1084.3462968374392,1103.8033447265625,1122.235922167238,1049.4394440436997,1085.8376831054688,-0.015492198022396542,-0.17868888991820697,0.0,1042.8665771484375,0
2023-03-13,RELIANCE.NS,1063.1806779260546,1070.0281154160118,1038.5298305140532,1042.8665771484375,12771592,37.45577144287205,-8.824980046512792,-7.180565897153118,-1.6444141493596742,1080.3958473432485,1101.4405200195313,1124.8345496242764,1044.4601891452548,1084.6473693847656,-0.016446320154142047,-0.042185027835793254,0.0,1038.9635009765625,0
2023-03-14,RELIANCE.NS,1040.812257084253,1052.2018311560978,1035.8136967949142,1038.9635009765625,16027522,36.60480027298551,-11.08333395040222,-7.961119507802939,-3.1222144425992813,1076.4499095940403,1098.9640283203125,1127.292915489086,1039.8380293351327,1083.5654724121093,-0.0037426419231378905,0.2549353283443443,0.0,1021.205810546875,0
2023-03-15,RELIANCE.NS,1042.6840329673732,1049.1662111592916,1016.800600298463,1021.205810546875,21728555,32.93822633557117,-14.142961642138062,-9.197487934669965,-4.945473707468096,1071.1885668276436,1095.8703515625,1131.8003934240826,1028.8916597985738,1080.3460266113282,-0.017091736536458013,0.35570270937703286,0.0,1016.1157836914062,0
2023-03-16,RELIANCE.NS,1023.921951504309,1028.943333036388,1005.2968594074098,1016.1157836914062,18363159,31.950319727366846,-16.784974521374124,-10.714985252010798,-6.069989269363326,1065.9435398622877,1092.8469763183593,1132.2663399960263,1019.0196036074893,1075.6429718017578,-0.004984330095755052,-0.15488356220650656,0.0,1014.8377075195312,0
2023-03-17,RELIANCE.NS,1024.7208434439497,1028.007574780085,1010.0901194945558,1014.8377075195312,34014213,31.69327767257286,-18.765600665297143,-12.325108334668068,-6.440492330629075,1061.076317734406,1090.1495385742187,1131.166595766762,1010.6721737644881,1070.919384765625,-0.0012578056481240552,0.8523072745816773,0.0,1004.8632202148438,0
2023-03-20,RELIANCE.NS,1011.140068022912,1013.422547157944,995.1626537042278,1004.8632202148438,19524589,29.686035792323878,-20.899205883099967,-14.039927844354448,-6.859278038745519,1055.7226893992097,1087.2936950683593,1128.815398519419,1002.1154059239402,1065.4654022216796,-0.009828652631628354,-0.42598733652899745,0.0,1036.1102294921875,1
2023-03-21,RELIANCE.NS,1012.943003930346,1038.0732119172071,1012.0528577510236,1036.1102294921875,21400360,42.06480779710163,-19.840027397623544,-15.19994775500827,-4.640079642615275,1053.8548360747313,1084.8541760253906,1124.392488715567,999.9327859426361,1062.1626373291015,0.031095783633779517,0.09607223998415537,0.0,1039.26025390625,1
2023-03-22,RELIANCE.NS,1043.0948141638405,1046.0392280531037,1036.2473765076484,1039.26025390625,10920094,43.151349223043404,-18.532805526711172,-15.86651930934885,-2.6662862173623214,1052.4648758682092,1081.9307751464844,1117.2673321918546,999.8681109233798,1058.5677215576172,0.003040240627299351,-0.48972381773016904,0.0,1026.1131591796875,0
2023-03-23,RELIANCE.NS,1035.3343603002547,1036.2016854580306,1023.9447859117854,1026.1131591796875,16249370,39.79666909103778,-18.346199873537444,-16.36245542218657,-1.9837444513508729,1049.9551885645405,1079.0950207519531,1114.4856952140603,996.6650921394554,1055.5753936767578,-0.01265043541995059,0.4880247367834014,0.0,1005.7989501953124,0
2023-03-24,RELIANCE.NS,1024.9489888672188,1027.117362031003,1003.3795441878092,1005.7989501953124,12375945,35.238141947932405,-19.61143205999224,-17.012250749747707,-2.599181310244532,1045.749832529376,1076.1474182128907,1113.3333861745896,990.3217224679884,1051.827554321289,-0.019797240492086754,-0.23837385695568503,0.0,1021.4338989257812,1
2023-03-27,RELIANCE.NS,1012.28122236079,1028.9432703448797,1004.3838307288752,1021.4338989257812,14054323,40.8536257276183,-19.13198635794629,-17.436197871387424,-1.6957884865588646,1043.4340293290336,1074.010556640625,1108.9841114469166,987.9992869905834,1048.49169921875,0.01554480517943757,0.13561614890822482,0.0,1026.2044677734375,1
2023-03-28,RELIANCE.NS,1024.8349561252708,1030.0846702786253,1021.1829653124684,1026.2044677734375,12576424,42.49215190225714,-18.157765727665037,-17.580511442642948,-0.5772542850220894,1041.793118704691,1072.0056225585938,1105.0729410612028,986.4393514192659,1045.7561462402343,0.004670462623840299,-0.10515618575152996,0.0,1020.1329956054688,0
2023-03-29,RELIANCE.NS,1022.0958575091914,1024.743595933455,1009.3596536883372,1020.1329956054688,18804065,40.93776920384407,-17.67189531303552,-17.598788216721463,-0.07310709631405743,1039.7302498380986,1070.0938146972655,1103.68239831746,983.8195731180867,1043.7509857177733,-0.005916435134161957,0.49518376606895576,0.0,1064.116455078125,1
2023-03-31,RELIANCE.NS,1029.3999027039445,1069.7770709600843,1029.2629756900762,1064.116455078125,28171201,54.050897760447974,-13.581186451184749,-16.79526786361412,3.2140814124293726,1042.052745575244,1068.744864501953,1102.9283771369076,983.9869976189517,1043.4576873779297,0.04311541697222654,0.4981442044579192,0.0,1064.299072265625,1
2023-04-03,RELIANCE.NS,1070.4846960590223,1072.3106311531849,1056.7896998650788,1064.299072265625,10293043,54.09646781257952,-10.206876012256998,-15.477589493342698,5.2707134810857,1044.1714433552802,1067.437003173828,1103.213473158969,983.948422592984,1043.5809478759766,0.00017161391183129204,-0.6346253395444518,0.0,1061.74267578125,0
2023-04-05,RELIANCE.NS,1071.8540232011114,1071.8540232011114,1053.8453439607506,1061.74267578125,16262928,53.29957938180913,-7.650796886354783,-13.912230971945116,6.2614340855903325,1045.8448940625153,1066.1022058105468,1098.819982179301,985.6234687484333,1042.2217254638672,-0.0024019531267025496,0.5799922335892311,0.0,1068.8638916015625,1
2023-04-06,RELIANCE.NS,1058.2275373074351,1074.592970502133,1058.2275373074351,1068.8638916015625,18435046,55.27600215897447,-4.992908025564702,-12.128366382669034,7.135458357104332,1048.0371795424246,1065.1782531738281,1092.4389176110978,988.9345870275741,1040.686752319336,0.006707101431213225,0.13356254175139926,0.0,1061.2861328125,0
2023-04-10,RELIANCE.NS,1072.7671126043012,1072.9496819536614,1059.779694186431,1061.2861328125,12961408,52.719188447841965,-3.4581108098218465,-10.394315268099598,6.936204458277752,1049.2989846157652,1064.2155017089844,1082.801224496874,994.3496849269541,1038.575454711914,-0.0070895451222589,-0.2969148002125951,0.0,1066.535888671875,1
2023-04-11,RELIANCE.NS,1065.4631729553812,1068.6586196822263,1060.9210357303307,1066.535888671875,10542367,54.29642083707744,-1.79744174534585,-8.67494056354885,6.877498818203,1050.940594525871,1063.488758544922,1080.6679459905588,995.4375898981133,1038.052767944336,0.004946597997528501,-0.1866341218484905,0.0,1071.23779296875,1
2023-04-12,RELIANCE.NS,1066.535787256919,1080.8925957399235,1063.6599579243734,1071.23779296875,18179087,55.72113139157481,-0.10078339769688682,-6.9601091303784575,6.859325732681571,1052.8736610442404,1063.1609948730468,1082.600305758368,994.5985406771788,1038.5994232177734,0.00440857578897802,0.7243838124777862,0.0,1075.27783203125,1
2023-04-13,RELIANCE.NS,1074.1365320735108,1079.9797173840186,1069.1151503508545,1075.27783203125,12378208,56.96255325651327,1.5519381776430237,-5.257699668774162,6.809637846417186,1055.0073916144318,1063.3267028808593,1087.0280214259722,993.4119504978561,1040.219985961914,0.003771374655578308,-0.3190962780474069,0.0,1080.73291015625,1
2023-04-17,RELIANCE.NS,1106.9814803229494,1106.9814803229494,1072.333391852291,1080.73291015625,17929479,58.64838953982934,3.2642825309417276,-3.553303228830984,6.817585759772712,1057.4574409993668,1063.397000732422,1092.3233442346666,992.2935686071302,1042.3084564208984,0.005073180123777998,0.4484712972992537,0.0,1068.3619384765625,0
2023-04-18,RELIANCE.NS,1085.0925121063174,1085.0925121063174,1061.8111761257844,1068.3619384765625,10405576,53.527629441837995,3.5818049241102017,-2.126281598242747,5.708086522352948,1058.4959645686235,1063.2737512207032,1094.9250376918133,994.4074879429525,1044.6662628173829,-0.011446835349817275,-0.4196386855412809,0.0,1073.6800537109375,1
2023-04-19,RELIANCE.NS,1067.768405195298,1076.3733137885806,1064.64142217666,1073.6800537109375,12273475,55.333149367113876,4.213994852849055,-0.8582263080243867,5.0722211608734415,1059.9420682964628,1063.3842248535157,1097.5258932729464,997.5630593637723,1047.5444763183593,0.004977821693983531,0.179509428406462,0.0,1070.9637451171875,0
2023-04-20,RELIANCE.NS,1074.638556551585,1076.875393044396,1064.5956738732273,1070.9637451171875,7007330,54.175397178666074,4.444592033381468,0.20233736025678428,4.242254673124684,1060.9917518031984,1063.558604736328,1098.9551669402733,1001.7463894562109,1050.350778198242,-0.0025299050535229073,-0.4290671549825946,0.0,1072.310546875,1
2023-04-21,RELIANCE.NS,1073.0637661728558,1077.7884724738817,1066.558646510675,1072.310546875,7647317,54.681703152148735,4.682045895864576,1.0982790673783427,3.583766828486233,1062.0697322862272,1063.741202392578,1098.4391135810113,1009.0071754814887,1053.72314453125,0.0012575605513753807,0.09133107760017012,0.0,1076.4190673828125,1
2023-04-24,RELIANCE.NS,1084.1794719407253,1086.8727319946267,1071.8539885727766,1076.4190673828125,12936186,56.269042550379396,5.142473824121453,1.9071180187269647,3.235355805394488,1063.436335628759,1064.1661999511718,1100.7302288888038,1010.7469439627588,1055.7385864257812,0.003831465166304504,0.6915979813573832,0.0,1084.6588134765625,1
2023-04-25,RELIANCE.NS,1080.071033835217,1086.7359021827194,1072.995384428631,1084.6588134765625,9236126,59.34462412184145,6.10190594833557,2.746075604648686,3.3558303436868844,1065.4575239952164,1064.8066638183593,1104.015105425788,1012.0019233828057,1058.0085144042969,0.007654775303993722,-0.2860240259377841,0.0,1078.290771484375,0
2023-04-26,RELIANCE.NS,1086.005534613959,1089.2467445727557,1074.6159592843226,1078.290771484375,8617834,56.06298190325787,6.276068440028666,3.452074171724682,2.8239942683039843,1066.679738041803,1064.8993322753906,1104.9817121971034,1016.2530778419589,1060.6173950195312,-0.005871009310085773,-0.06694278531929942,0.0,1085.1153564453125,1
2023-04-27,RELIANCE.NS,1084.1795677314856,1088.2879820525134,1079.158065119624,1085.1153564453125,9167125,58.69886898252464,6.88540972311057,4.13874128200186,2.74666844110871,1068.4355112230896,1065.091063232422,1102.3231061617978,1026.8433245022645,1064.5832153320312,0.006329076665974487,0.06373886988308208,0.0,1104.9500732421875,1
2023-04-28,RELIANCE.NS,1087.374995527852,1106.5022750107378,1087.2608896802224,1104.9500732421875,15565210,65.22806268142513,8.866604265183469,5.084313878638182,3.782290386545287,1071.9130885582417,1065.8566076660156,1104.926326799932,1032.5917212957713,1068.7590240478517,0.018278901573977047,0.6979380121902996,0.0,1114.3311767578125,1
2023-05-02,RELIANCE.NS,1112.117161007185,1116.4995501680314,1108.4195276994035,1114.3311767578125,12981805,67.81929178714043,11.06612842600066,6.280676788110677,4.785451637889983,1075.9529064820103,1066.9312023925781,1108.992678522892,1037.3380404712486,1073.1653594970703,0.008490070042801667,-0.16597302574138095,0.0,1104.7674560546875,0
2023-05-03,RELIANCE.NS,1116.1342091904096,1116.1342091904096,1101.549188303151,1104.7674560546875,7061872,62.69026823908362,11.900374724670655,7.404616375422673,4.495758349247982,1078.6971492984558,1067.3146569824219,1106.5384456826341,1048.2557193564285,1077.3970825195313,-0.008582476109975645,-0.45601771094235355,0.0,1117.503662109375,1
2023-05-04,RELIANCE.NS,1105.2467632974383,1119.717677582049,1102.2567073883076,1117.503662109375,8635233,66.34100457397214,13.434363336541992,8.610565767646538,4.823797568895454,1082.3930076614004,1067.461192626953,1113.3403010857594,1046.7925846564283,1080.0664428710938,0.011528404448272411,0.22279658991270312,0.0,1114.650634765625,0
2023-05-05,RELIANCE.NS,1114.3083172243437,1123.5979821409155,1112.0258380416835,1114.650634765625,8746585,64.81112088387795,14.255516183531881,9.739555850823606,4.515960332708275,1085.4651626237073,1067.5680163574218,1118.2391484347283,1046.9288935574593,1082.5840209960938,-0.0025530362364671877,0.012895077642954167,0.0,1128.4139404296875,1
2023-05-08,RELIANCE.NS,1118.4165791288924,1133.7777597410543,1115.7461404298203,1128.4139404296875,9153782,68.5759094673653,15.834341046158215,10.958512889890528,4.875828156267687,1089.555522414753,1067.8574377441407,1125.4149449802433,1046.420223476788,1085.9175842285156,0.01234764080761197,0.04655496973961837,0.0,1131.90625,1
2023-05-09,RELIANCE.NS,1129.8291612797643,1135.2159233997013,1124.4653410768628,1131.90625,6464721,69.4685113570402,17.16945255899668,12.20070082371176,4.968751735284922,1093.5889250419195,1068.4522521972656,1132.4877157634462,1045.6516885334288,1089.0697021484375,0.0030948833980042334,-0.29376502521034475,0.0,1139.6895751953125,1
2023-05-10,RELIANCE.NS,1136.6766978121202,1141.173192717246,1132.659447469911,1139.6895751953125,10872255,71.41717700744775,18.640708858892367,13.488702430747882,5.152006428144485,1097.9794631517664,1069.022872314453,1139.6989940724484,1046.280754462708,1092.9898742675782,0.006876298452555218,0.6817825548851992,0.0,1132.2486572265625,0
2023-05-11,RELIANCE.NS,1140.7622816578707,1145.578272899187,1130.536707274967,1132.2486572265625,10557860,67.0136691935059,18.987395308780833,14.588441006354474,4.398954302426359,1101.2431959207945,1069.9486511230468,1144.3051694767123,1048.2458559139127,1096.2755126953125,-0.006528898860441723,-0.028917184153609332,0.0,1134.097412109375,1
2023-05-12,RELIANCE.NS,1127.4553650769165,1135.4897449397138,1121.3839680276494,1134.097412109375,6955341,67.54904782960575,19.19011419539879,15.50877564416334,3.681338551235452,1104.3721688911355,1071.0154846191406,1148.6938053874342,1050.1431819172535,1099.4184936523438,0.001632817023904387,-0.34121678067335615,0.0,1136.334228515625,1
2023-05-15,RELIANCE.NS,1136.631024460071,1143.318592964205,1128.9846046154787,1136.334228515625,6833343,68.22109786050815,19.308684270650474,16.268757369460765,3.039926901189709,1107.4161745696583,1071.9791491699218,1152.9369205617065,1052.0057063914185,1102.4713134765625,0.0019723318141513513,-0.017540189618309165,0.0,1120.1513671875,0
2023-05-16,RELIANCE.NS,1138.5024831085086,1141.058816015231,1118.4850597805391,1120.1513671875,8717229,58.74264761853006,17.890598562456944,16.593125608060003,1.297472954396941,1108.629050057072,1072.7638659667969,1154.4346815072308,1054.4497911490193,1104.442236328125,-0.01424128651766865,0.27569024414550825,0.0,1113.5322265625,0
2023-05-17,RELIANCE.NS,1124.3511508366894,1125.2641183192468,1108.830341392445,1113.5322265625,8798967,55.354939466271716,16.047658672134958,16.484032220874994,-0.4363735487400362,1109.0960192480652,1073.829786376953,1153.976632867068,1059.424868597776,1106.700750732422,-0.005909148369491746,0.009376603505540482,0.0,1111.1356201171875,0
2023-05-18,RELIANCE.NS,1118.2112689036005,1121.6122266625744,1107.9856952056505,1111.1356201171875,10525531,54.137546356556285,14.229698316021313,16.03316543990426,-1.803467123882946,1109.2902669498865,1074.652850341797,1153.3712986846688,1063.7757594208,1108.5735290527343,-0.002152256026492272,0.19622348850723048,0.0,1114.7418212890625,1
2023-05-19,RELIANCE.NS,1111.1355938507186,1116.5678769225617,1104.196751489107,1114.7418212890625,8050447,55.71574516465303,12.930882765073193,15.412708904938047,-2.481826139864854,1109.8094626012364,1075.7110095214844,1152.1434111091849,1069.3814546134713,1110.762432861328,0.0032455094648973226,-0.23515051164639578,0.0,1120.6990966796875,1
2023-05-22,RELIANCE.NS,1111.5691808774145,1125.720598669704,1110.3595382742935,1120.6990966796875,7434906,58.27039349919639,12.241155994037399,14.77839832275792,-2.53724232872052,1110.846570608708,1076.3464489746093,1150.7718695776093,1075.5918511255159,1113.1818603515626,0.005344085309131108,-0.07646047480344875,0.0,1120.49365234375,0
2023-05-23,RELIANCE.NS,1123.2783175836105,1126.6335119735163,1119.0784985578175,1120.49365234375,6092034,58.14581834038583,11.54488269655235,14.131695197516805,-2.586812500964456,1111.7653402977596,1076.7650549316406,1149.0601345003836,1081.7110446988352,1115.3855895996094,-0.00018331801689330796,-0.18061721291432598,0.0,1113.9659423828125,0
2023-05-24,RELIANCE.NS,1116.5452176617491,1124.8078096781503,1110.8617801773491,1113.9659423828125,8112254,54.18220284919127,10.347074814783582,13.374771120970163,-3.0276963061865807,1111.974921448717,1076.974132080078,1147.4607814199746,1086.241110669869,1116.8509460449218,-0.0058257447039378185,0.3316166653042316,0.0,1113.8289794921875,0
2023-05-25,RELIANCE.NS,1111.0672556833676,1117.9603357408223,1102.9187697829475,1113.8289794921875,11487863,54.0988754140391,9.279780149020098,12.55577292658015,-3.2759927775600524,1112.1514984052378,1077.710919189453,1143.7033708636643,1093.5523420269608,1118.6278564453125,-0.00012295069841361528,0.4161123406638896,0.0,1144.2088623046875,1
2023-05-26,RELIANCE.NS,1122.0687058844728,1145.3500415058625,1118.7591533794464,1144.2088623046875,12626260,66.43099421225281,10.761294579416017,12.196877257147325,-1.4355826777313077,1115.2045806813758,1079.389002685547,1143.9459178840086,1099.2191455925538,1121.5825317382812,0.027275177223661906,0.09909562814250128,0.0,1150.645263671875,1
2023-05-29,RELIANCE.NS,1150.8278330032474,1154.9363674405995,1144.5282250956022,1150.645263671875,10010304,68.36989974424634,12.312834546146405,12.220068714947141,0.09276583119926407,1118.5798838233281,1081.5445764160156,1148.215623399417,1099.5189591201142,1123.8672912597656,0.005625197967985551,-0.20718375829422175,0.0,1150.3486328125,0
2023-05-30,RELIANCE.NS,1150.645307987406,1158.451475420254,1147.7921790871794,1150.3486328125,11342504,68.174466781668,13.364448473792436,12.4489446667162,0.9155038070762362,1121.605478965154,1083.7722790527343,1152.1621917046668,1099.174136420333,1125.6681640625,-0.00025779522911206776,0.13308287140929975,0.0,1127.5009765625,0
2023-05-31,RELIANCE.NS,1141.241614387353,1145.7381091276332,1123.4382047768397,1127.5009765625,27107927,55.108015492231424,12.21345605558031,12.401846944489021,-0.18839088890871203,1122.1669549268058,1085.898182373047,1151.5044209030295,1102.1052592727517,1126.8048400878906,-0.019861505980269256,1.38994202691046,0.0,1124.46533203125,0
2023-06-01,RELIANCE.NS,1132.180215680503,1134.34858906371,1122.068746948841,1124.46533203125,14592692,53.63707556288166,10.93033700684623,12.107544956960464,-1.1772079501142336,1122.385847984372,1088.0651733398438,1151.5122528275078,1102.793594340461,1127.1529235839844,-0.0026923653232701072,-0.4616817434988666,0.0,1120.7904052734375,0
2023-06-02,RELIANCE.NS,1128.003101699598,1133.412563645759,1118.8731857024295,1120.7904052734375,15800644,51.833344221776215,9.507325509273642,11.587501067423101,-2.0801755581494596,1122.233901059521,1090.1842272949218,1151.331125653859,1103.5886985648908,1127.459912109375,-0.003268154787105848,0.08277787265022796,0.0,1130.856201171875,1
2023-06-05,RELIANCE.NS,1126.2684221252366,1133.8234358683376,1122.2739934203582,1130.856201171875,10908682,56.18007284872186,9.087054344848184,11.087411722908119,-2.0003573780599346,1123.055072498793,1092.7040869140626,1151.4964582692462,1103.6675920237224,1127.5820251464843,0.008980979718488769,-0.30960522874890417,0.0,1131.81494140625,1
2023-06-06,RELIANCE.NS,1133.6866395560062,1135.626680467698,1123.8947880782737,1131.81494140625,7493309,56.581978010524324,8.730706592614752,10.616070696849444,-1.885364104234693,1123.8893457280747,1094.6181811523438,1151.488623638826,1103.6662957947678,1127.577459716797,0.0008478003068661533,-0.313087593899978,0.0,1140.3970947265625,1
2023-06-07,RELIANCE.NS,1135.3071289198083,1141.241598708449,1128.733545665894,1140.3970947265625,10312545,60.1089902101631,9.036637745703274,10.300184106620211,-1.263546360916937,1125.4615122993591,1096.64091796875,1151.5975536268897,1103.628117759829,1127.6128356933593,0.007582647132798437,0.3762337840331955,0.0,1141.0816650390625,1
2023-06-08,RELIANCE.NS,1143.9804362633745,1148.9334747780272,1137.1329993758209,1141.0816650390625,12071109,60.38542860646001,9.227955366405695,10.08573835857731,-0.8577829921716145,1126.9491458936166,1098.9402880859375,1152.6811013327767,1103.427870835192,1128.0544860839843,0.0006002911754734441,0.17052667406542232,0.0,1133.001953125,0
2023-06-09,RELIANCE.NS,1144.437171009834,1145.144748058376,1131.1987183736474,1133.001953125,5877018,55.49714417223147,8.628150781316663,9.794220843125181,-1.1660700618085187,1127.525603725177,1101.4843481445312,1152.5771473650286,1103.4222789045027,1127.9997131347657,-0.007080748172205498,-0.5131335488727672,0.0,1134.006103515625,1
2023-06-12,RELIANCE.NS,1130.0574375493186,1136.311403822295,1125.2641468372988,1134.006103515625,6391969,55.97414559767645,8.139995074515582,9.463375689403263,-1.3233806148876806,1128.1427941814102,1103.735792236328,1152.3234089188704,1103.443204850661,1127.8833068847657,0.0008862741920747652,0.08762113711409425,0.0,1150.759521484375,1
2023-06-13,RELIANCE.NS,1138.959165682283,1151.946463788879,1134.9647365494957,1150.759521484375,11248016,63.083657800184334,9.001228417696893,9.37094623506199,-0.3697178173650961,1130.296768210264,1106.226893310547,1155.5031311689365,1103.3242980302823,1129.4137145996094,0.014773657669752804,0.7597106619259262,0.0,1164.910888671875,1
2023-06-14,RELIANCE.NS,1150.827933567815,1166.3488637759135,1149.0019986007082,1164.910888671875,13277380,67.81196927606189,10.70228977654051,9.637214943357694,1.0650748331828161,1133.5933511113699,1109.122451171875,1161.2371435765704,1102.7281518335858,1131.982647705078,0.012297414814561813,0.18041972913267545,0.0,1165.23046875,1
2023-06-15,RELIANCE.NS,1164.888030487722,1169.7954267696327,1157.4471223513988,1165.23046875,11813494,67.9119225661151,11.938560308629576,10.097484016412071,1.8410762922175046,1136.6064099340965,1111.1447314453126,1165.6829835526555,1103.691796720782,1134.6873901367187,0.00027433864790227247,-0.11025413146268315,0.0,1176.574462890625,1
2023-06-16,RELIANCE.NS,1168.72265257123,1178.856942021871,1168.72265257123,1176.574462890625,24171579,71.3167984792329,13.676030368536885,10.813193286837036,2.8628370816998494,1140.4128911680516,1113.3902392578125,1172.3309293273844,1103.2271151062093,1137.7790222167969,0.009735408097244713,1.0460990626481887,0.0,1164.8880615234375,0
2023-06-19,RELIANCE.NS,1179.5873088461865,1179.5873088461865,1160.7111839901809,1164.8880615234375,6798554,63.80549727274751,13.949195344944656,11.44039369845856,2.508801646486095,1142.7438597733264,1115.4531469726562,1175.5263779662394,1104.4505629517296,1139.9884704589845,-0.009932564181680537,-0.718737696035497,0.0,1167.3074951171875,1
2023-06-20,RELIANCE.NS,1162.9480481347905,1170.457299404325,1157.2189687814275,1167.3074951171875,6921096,64.63592760122907,14.19725154938169,11.991765268643189,2.2054862807385014,1145.083253615599,1117.4220190429687,1178.5822141413255,1106.076111053987,1142.3291625976562,0.0020769665976194673,0.018024715255626322,0.0,1170.59423828125,1
2023-06-21,RELIANCE.NS,1167.2617442064677,1173.127750027222,1163.1533304634168,1170.59423828125,6961603,65.784402381066,14.491995875923976,12.491811390099347,2.0001844858246294,1147.5128712028038,1119.6081811523438,1180.95309833974,1109.368056445416,1145.160577392578,0.002815661835301242,0.00585268575959641,0.0,1157.4471435546875,0
2023-06-22,RELIANCE.NS,1166.8053921892115,1174.702723824018,1155.8494202932393,1157.4471435546875,7619166,57.71083854534597,13.508998878635339,12.695248887806546,0.8137499908287928,1148.4589923791739,1121.42640625,1180.4464285741167,1114.2365426172894,1147.341485595703,-0.011231128854577332,0.09445568786384406,0.0,1147.974853515625,0
2023-06-23,RELIANCE.NS,1154.434209748897,1156.4884770186727,1146.7194478373872,1147.974853515625,6628570,52.69312162737948,11.82927155424045,12.522053421093329,-0.6927818668528793,1148.412883915979,1122.9611474609376,1180.6041405990054,1114.4554297134946,1147.52978515625,-0.008183777628040678,-0.13001370491205988,0.0,1139.210205078125,0
2023-06-26,RELIANCE.NS,1144.437098137329,1148.271658359126,1136.0832218598148,1139.210205078125,12641159,48.491841454135965,9.679265124965468,11.953495761867757,-2.2742306369022884,1147.5364383123738,1124.239794921875,1180.1921596193843,1113.7239048337406,1146.9580322265624,-0.007634878421472924,0.9070718118689249,0.0,1139.62109375,1
2023-06-27,RELIANCE.NS,1139.666736088607,1145.578264166708,1135.1474200849475,1139.62109375,9689466,48.69834780843402,7.917259581552344,11.146248525804674,-3.2289889442523307,1146.7825959731001,1125.41755859375,1179.7656700496161,1113.0776404972587,1146.4216552734374,0.00036067853855548115,-0.23349860562627212,0.0,1154.708251953125,1
2023-06-28,RELIANCE.NS,1147.1760589375283,1158.519990797568,1140.2600374666351,1154.708251953125,11354006,55.71851607292075,7.6500797152350515,10.447014763690749,-2.7969350484556976,1147.53742035215,1127.1444848632811,1180.132538101897,1115.4314999840408,1147.7820190429688,0.01323874951584103,0.1717886207557775,0.0,1164.1805419921875,1
2023-06-30,RELIANCE.NS,1162.423070452648,1167.1021346662303,1156.511421596289,1164.1805419921875,11151555,59.468592207021466,8.109194641148406,9.979450739182282,-1.8702560980338756,1149.122479555963,1128.9544946289063,1181.0060867407085,1118.5294723413228,1149.7677795410157,0.00820318900730177,-0.017830799102977357,0.0,1194.0582275390625,1
2023-07-03,RELIANCE.NS,1167.741194264735,1196.9341777415286,1166.5086096788432,1194.0582275390625,12154387,68.52345093603314,10.759892707741301,10.135539132894085,0.6243535748472162,1153.4020746019726,1131.4163842773437,1187.2917851169993,1119.5705561915945,1153.431170654297,0.025664134100495506,0.08992754822085347,0.0,1181.755615234375,0
2023-07-04,RELIANCE.NS,1198.3036177471888,1198.3036177471888,1174.6798459927943,1181.755615234375,8061643,62.346978971986864,11.732625622130854,10.454956430741438,1.2776691913894158,1156.1024118050584,1133.6052856445312,1190.3150797655942,1121.6372029492497,1155.976141357422,-0.010303192943984851,-0.3367297750186825,0.0,1179.8155517578125,0
2023-07-05,RELIANCE.NS,1190.9997357239995,1190.9997357239995,1175.8440646341217,1179.8155517578125,10248062,61.40699088598256,12.206270270634832,10.805219198720117,1.401051071914715,1158.360806086273,1135.6732153320313,1192.3325098119826,1124.4198339380173,1158.376171875,-0.0016416790845353857,0.271212580363581,0.0,1204.5804443359375,1
2023-07-06,RELIANCE.NS,1175.958111582341,1207.1824197013011,1175.958111582341,1204.5804443359375,19117987,68.0325195212004,14.413803573892665,11.526936073754626,2.886867500138038,1162.7626763957649,1138.0716479492187,1199.9800704800225,1123.190608230915,1161.5853393554687,0.02099047816519084,0.8655221836089595,0.0,1202.2296142578125,0
2023-07-07,RELIANCE.NS,1202.8687277617782,1216.5407819731026,1199.6731602419495,1202.2296142578125,13375267,66.85913031203668,15.79156198390092,12.379861255783887,3.411700728117033,1166.5214323826265,1140.5504248046875,1205.6680454144291,1123.6174282183836,1164.6427368164063,-0.001951575828064378,-0.30038308949577175,0.0,1248.5411376953125,1
2023-07-10,RELIANCE.NS,1227.4738168988026,1258.1047776229054,1221.128565671655,1248.5411376953125,33240016,75.73720622364962,20.38540805531602,13.980970615690314,6.404437439625706,1174.3328328885966,1143.8189404296875,1222.9282040158928,1117.911188073951,1170.419696044922,0.03852136304768217,1.4851852303210098,0.0,1262.076171875,1
2023-07-11,RELIANCE.NS,1256.6895309307056,1264.4955779542368,1249.705166712445,1262.076171875,20069348,77.62387156690531,24.831980689074044,16.15117263036706,8.680808058706983,1182.6893413634923,1146.9614624023438,1240.1328823982976,1113.5135165274837,1176.8231994628907,0.010840679390565988,-0.3962292918270557,0.0,1263.4683837890625,1
2023-07-12,RELIANCE.NS,1262.806449225115,1279.1034182559108,1260.6837185366455,1263.4683837890625,18733835,77.81496460424974,28.14383677203955,18.54970545870156,9.59413131333799,1190.3825834992608,1149.9442065429687,1254.8927340571468,1110.024551099103,1182.458642578125,0.0011031124309985874,-0.06654491217153646,0.0,1252.170166015625,0
2023-07-13,RELIANCE.NS,1270.8408996155135,1277.733978890264,1249.545369524751,1252.170166015625,14682934,72.41052239902584,29.51658599731354,20.743081566423957,8.773504430889584,1196.267115167486,1152.8922607421875,1264.80179854645,1108.8414143441748,1186.8216064453125,-0.008942224370945384,-0.21623447628315295,0.0,1251.1202392578125,0
2023-07-14,RELIANCE.NS,1255.365580017741,1260.3414396091937,1243.9988277461352,1251.1202392578125,15124144,71.91070079986271,30.17197558062503,22.628860369264174,7.543115211360856,1201.4912222237076,1155.5645922851563,1273.2182704855288,1109.0139194558776,1191.1160949707032,-0.0008384856837416743,0.030049171371334893,0.0,1276.6842041015625,1
2023-07-17,RELIANCE.NS,1253.9963391795925,1285.060901535764,1245.3228457945552,1276.6842041015625,22220040,76.21557014742862,32.3809079131413,24.5792698780396,7.8016380351017,1208.652458593027,1158.805263671875,1285.9137647018458,1106.3293993606542,1196.12158203125,0.020432860121354146,0.46917670183515847,0.0,1287.52587890625,1
2023-07-18,RELIANCE.NS,1285.9509768018002,1295.286283587151,1274.995004828538,1287.52587890625,25867313,77.77147342487028,34.60740265479558,26.584896433390796,8.022506221404782,1216.1642129085722,1161.9875024414061,1299.1455688783685,1105.3613769224125,1202.2534729003905,0.008492056821770566,0.16414340388226134,0.0,1297.294921875,1
2023-07-19,RELIANCE.NS,1291.8854597114334,1303.7543992835303,1276.8210735612868,1297.294921875,39122156,79.09829317925418,36.736717886877386,28.615260724088117,8.12145716278927,1223.890947095851,1165.2952758789063,1312.5865674877552,1104.9191209888074,1208.7528442382813,0.007587453680580669,0.512416693608648,0.0,1295.723876953125,0
2023-07-20,RELIANCE.NS,1276.014839753512,1301.213635792283,1276.014839753512,1295.723876953125,38717624,78.28896793444355,37.86100723007553,30.464410025285602,7.396597204789927,1230.7321785108295,1168.4159619140626,1323.8506973672404,1106.1679549765097,1215.009326171875,-0.0012110160113818491,-0.010340227670479152,0.0,1255.6134033203125,0
2023-07-21,RELIANCE.NS,1290.3576048302098,1293.2755748788927,1248.1205739980844,1255.6134033203125,30249238,61.099961256133476,35.11070033189981,31.393668086608443,3.717032245291364,1233.1018189688755,1170.8832568359376,1326.7686343862558,1113.0666439340569,1219.9176391601563,-0.030956034959494394,-0.21872173767687808,0.0,1230.216796875,0
2023-07-24,RELIANCE.NS,1227.0515368964086,1243.8424839995955,1221.2649818512405,1230.216796875,23727866,53.143770955919514,30.529839423652902,31.220902354017337,-0.6910629303644349,1232.8270549599351,1172.80564453125,1325.6936899055886,1122.3657827506613,1224.029736328125,-0.020226453762084984,-0.21558797613348146,0.0,1229.425537109375,0
2023-07-25,RELIANCE.NS,1233.4810641733905,1239.0203294862108,1226.556952345633,1229.425537109375,12026020,52.91259038700669,26.529806999436687,30.282683283101207,-3.75287628366452,1232.5031008789294,1174.667470703125,1322.4613406207231,1134.619665238652,1228.5405029296876,-0.000643187255803146,-0.4931689179296612,0.0,1249.4063720703125,1
2023-07-26,RELIANCE.NS,1229.029726310642,1259.6936470475673,1229.029726310642,1249.4063720703125,12911012,57.89369153863261,24.68745723946222,29.163638074373413,-4.476180834911194,1234.1129362304896,1177.2525708007813,1318.9199330161905,1149.1396006752157,1234.029766845703,0.016252171732105358,0.07358976619031066,0.0,1237.7838134765625,0
2023-07-27,RELIANCE.NS,1253.2889256301971,1255.06933898356,1231.6758304667376,1237.7838134765625,17226898,54.29571044659904,22.035526602493974,27.738015779997525,-5.702489177503551,1234.4625435872586,1179.7376025390624,1314.8761967959576,1161.4908930477923,1238.183544921875,-0.009302464637258923,0.3342794507510334,0.0,1250.2225341796875,1
2023-07-28,RELIANCE.NS,1242.4081558253793,1257.6412248805652,1236.7204929547063,1250.2225341796875,20827852,57.35062429832488,20.69894867688504,26.33020235937503,-5.631253682489991,1235.9634950722518,1182.5193408203124,1311.3436808903489,1173.6276081721512,1242.48564453125,0.010049186754339967,0.20903090039773842,0.0,1260.8065185546875,1
2023-07-31,RELIANCE.NS,1250.222567835286,1263.1062644351005,1245.3261593927457,1260.8065185546875,8551174,59.81209958438463,20.260193230303685,25.11620053356076,-4.856007303257076,1238.3294973086743,1185.440634765625,1311.3590321760914,1180.287085987971,1245.8230590820312,0.008465680377409468,-0.5894356268711722,0.0,1242.9769287109375,0
2023-08-01,RELIANCE.NS,1263.6503718598296,1265.628689467438,1239.0697997346808,1242.9769287109375,9536632,54.14314324538937,18.263250106782152,23.745610448205042,-5.48236034142289,1238.7721098231755,1187.88619140625,1307.5200855353228,1190.248163976396,1248.8841247558594,-0.014141416292952513,0.11524242168385301,0.0,1229.697509765625,0
2023-08-02,RELIANCE.NS,1240.998576334311,1242.383422770223,1218.4458286875906,1229.697509765625,12748214,50.317900668532026,15.431238454747017,22.082736049513436,-6.651497594766418,1237.9078621986469,1190.0702685546876,1301.705406989801,1201.051038322699,1251.37822265625,-0.010683560280627447,0.3367627061629306,0.0,1224.5291748046875,0
2023-08-03,RELIANCE.NS,1224.23249959185,1236.8936606795558,1215.7010043381908,1224.5291748046875,10168350,48.87072723470389,12.624282508778833,20.191045341366518,-7.566762832587685,1236.6337014944602,1192.281533203125,1299.6515920359914,1205.0997263233837,1252.3756591796875,-0.004202931956756251,-0.20237062226912728,0.0,1241.171630859375,1
2023-08-04,RELIANCE.NS,1235.8549028515122,1244.3616435147103,1222.4023686926273,1241.171630859375,22885610,53.50766120390458,11.608837364490682,18.474603745991352,-6.86576638150067,1237.0658852434997,1194.8283862304688,1296.0603917912038,1212.5851282283277,1254.3227600097657,0.01359090203574942,1.2506709544813073,0.0,1248.244140625,1
2023-08-07,RELIANCE.NS,1246.8345411789287,1250.494380069662,1238.9212715800145,1248.244140625,5982870,55.36043364933935,11.245155054804854,17.028714007754054,-5.7835589529492,1238.1304809941187,1196.909091796875,1296.0539700428776,1212.5618502696225,1254.30791015625,0.00569825283609493,-0.7385750259660984,0.0,1240.7264404296875,0
2023-08-08,RELIANCE.NS,1250.2965991690858,1253.486611833248,1236.225840784307,1240.7264404296875,9844072,52.945177334354625,10.232366277450183,15.669444461693281,-5.437078184243099,1238.3777152260775,1198.7107153320312,1295.2284872651132,1211.2523599028557,1253.2404235839845,-0.006022620055359029,0.645376215762669,0.0,1248.911865234375,1
2023-08-09,RELIANCE.NS,1238.8472469851745,1250.7912910864598,1227.1009863432985,1248.911865234375,11486586,55.2352076000676,9.975230994398544,14.530601768234336,-4.555370773835792,1239.3809676078201,1200.6819799804687,1294.2702750204433,1210.7549202920566,1252.51259765625,0.006597284089354005,0.1668531071288386,0.0,1254.4759521484375,1
2023-08-10,RELIANCE.NS,1248.7882887892447,1261.1775274732204,1240.627728317359,1254.4759521484375,15470598,56.77516186245056,10.103952666127498,13.645271947812969,-3.541319281685471,1240.818585183117,1203.2214794921874,1294.3938773455197,1210.8618965802616,1252.6278869628907,0.00445514777219147,0.3468403927851147,0.0,1259.767822265625,1
2023-08-11,RELIANCE.NS,1252.4975295128647,1265.55449762201,1242.5565564009414,1259.767822265625,22179330,58.24634160309933,10.511801704139543,13.018577899078284,-2.506776194938741,1242.62327442907,1205.927529296875,1294.9337813780403,1211.186750848522,1253.0602661132812,0.004218391040597069,0.4336440000573991,0.0,1274.6546630859375,1
2023-08-14,RELIANCE.NS,1255.737002454242,1277.1523130180672,1248.81289137336,1274.6546630859375,9575812,62.14922183396374,11.899103190194865,12.794682957301601,-0.8955797671067369,1245.6738828725813,1209.004814453125,1294.612067410889,1211.305510714111,1252.9587890625,0.011817130551516453,-0.568255127634604,0.0,1273.6160888671875,0
2023-08-16,RELIANCE.NS,1261.672044700447,1277.3996937112483,1261.672044700447,1273.6160888671875,10203112,61.71580401939043,12.767568767914327,12.789260119424148,-0.021691351509820933,1248.3350453482583,1211.8600122070313,1292.0053282149831,1212.5212709061104,1252.2632995605468,-0.0008147887022478262,0.06550880489299504,0.0,1255.2425537109375,0
2023-08-17,RELIANCE.NS,1269.6348629683328,1275.0752365265755,1252.695518025622,1255.2425537109375,13673744,54.47762825306566,11.836796045481833,12.598767304635686,-0.761971259153853,1248.9929032875611,1214.328564453125,1284.189354565984,1216.1320077387036,1250.1606811523438,-0.014426274382724147,0.34015425881829,0.0,1264.54052734375,1
2023-08-18,RELIANCE.NS,1251.9040005908723,1274.8278021449016,1240.6770733077956,1264.54052734375,18639978,57.212458272417535,11.714384589265137,12.421890761561578,-0.7075061722964406,1250.4736293881506,1216.8114331054687,1276.4292270947421,1220.7738002490078,1248.601513671875,0.007407312320096615,0.3631948938052372,0.0,1250.74267578125,0
2023-08-21,RELIANCE.NS,1260.6443643964944,1268.3374245054663,1248.5836072167706,1250.74267578125,9221746,52.20070516062719,10.384297601895696,12.014372129628402,-1.630074527732706,1250.4992528541602,1219.0046533203124,1276.0207318617574,1220.6952227280865,1248.357977294922,-0.010911355756610841,-0.5052705534309108,0.0,1250.44482421875,0
2023-08-22,RELIANCE.NS,1249.204008079304,1259.6517042081298,1240.319812990251,1250.44482421875,7713044,52.09461746624487,9.200106844960601,11.451519072694843,-2.2514122277342423,1250.4940691745974,1221.3535107421876,1275.7547298997533,1222.9840274244652,1249.3693786621093,-0.0002381397614932279,-0.16360264097493038,0.0,1251.8345947265625,1
2023-08-23,RELIANCE.NS,1252.8272476636505,1262.0838090060652,1249.228880766707,1251.8345947265625,9517952,52.57888824548971,8.278342425250685,10.816883743206013,-2.5385413179553282,1250.6217382747845,1223.7100805664063,1275.245218758153,1225.7344443277843,1250.4898315429687,0.0011114208967042405,0.2340072220513716,0.0,1230.7904052734375,0
2023-08-24,RELIANCE.NS,1260.6195534341234,1260.6195534341234,1226.4227081001463,1230.7904052734375,14140020,45.13806946171186,5.783083479926518,9.810123690550114,-4.027040210623596,1248.7330398937038,1225.3106982421875,1275.7648027235923,1223.3532636826576,1249.559033203125,-0.016810678936159063,0.4856158131497197,0.0,1225.1075439453125,0
2023-08-25,RELIANCE.NS,1218.9778633049934,1243.2978613921046,1212.32713678729,1225.1075439453125,22222400,43.353817381565065,3.3088707703216187,8.509873106504415,-5.201002336182796,1246.4829926605237,1226.5146313476562,1276.7995696477856,1221.0508698053395,1248.9252197265625,-0.004617245392697478,0.5715960797792365,0.0,1212.8978271484375,0
2023-08-28,RELIANCE.NS,1226.9190501118926,1232.8749678308825,1206.6193456890517,1212.8978271484375,12580826,39.72089995843416,0.3586825978568413,6.879635004774901,-6.5209524069180596,1243.2844054688965,1227.467978515625,1279.0325053606327,1215.085463389367,1247.058984375,-0.009966240806545956,-0.4338673590611275,0.0,1201.2838134765625,0
2023-08-29,RELIANCE.NS,1217.0173382536789,1217.7121468384466,1195.228533637356,1201.2838134765625,16876644,36.5808044346641,-2.8832799680458265,4.927052010210756,-7.810331978256582,1239.2843490886742,1227.9621655273438,1281.071372138003,1207.0943261041843,1244.0828491210937,-0.009575426232875661,0.34145754817688445,0.0,1200.1422119140625,0
2023-08-30,RELIANCE.NS,1207.0659417448908,1212.5255327642965,1198.628391987628,1200.1422119140625,12168946,36.27722333924042,-5.481489168903408,2.845343774387923,-8.32683294329133,1235.556526500616,1228.6672485351562,1283.6030144978652,1200.2792120646347,1241.94111328125,-0.0009503179429315445,-0.2789475206089552,0.0,1194.65771484375,0
2023-08-31,RELIANCE.NS,1202.5989377093504,1203.5915905675504,1191.133748727762,1194.65771484375,21638600,34.78372580908399,-7.892165782945995,0.6978418629211394,-8.590007645867134,1231.6614015809143,1229.2142529296875,1286.4557305952342,1193.9225164750785,1240.1891235351563,-0.004569872649979989,0.7781819395040457,0.0,1197.4619140625,1
2023-09-01,RELIANCE.NS,1194.4343955405525,1203.9141576589248,1192.0023233270636,1197.4619140625,18112842,36.22932606097046,-9.467236516863068,-1.335173813035702,-8.132062703827366,1228.4043075315415,1229.7516064453125,1288.3266551133866,1189.3448658827074,1238.835760498047,0.002347282559604702,-0.16293836015269014,0.0,1196.494140625,0
2023-09-04,RELIANCE.NS,1197.4619529612137,1202.921543874001,1193.8140262826475,1196.494140625,9347626,35.9332939793303,-10.670578858771023,-3.2022548221827662,-7.468324036588257,1225.365244016633,1230.5325463867186,1289.3925969600966,1183.8111750125597,1236.6018859863282,-0.0008081872384706479,-0.4839227328323187,0.0,1202.8968505859375,1
2023-09-05,RELIANCE.NS,1201.1100268699734,1208.033756715794,1197.3627378820318,1202.8968505859375,8675876,39.457901844782754,-10.981008914849099,-4.758005640716033,-6.223003274133066,1223.2253970232332,1231.630986328125,1288.7991233981968,1179.8699195705533,1234.334521484375,0.005351225504199197,-0.07186316611297883,0.0,1205.4281005859375,1
2023-09-06,RELIANCE.NS,1201.6560920331103,1209.125708635972,1199.745186611218,1205.4281005859375,8200370,40.84349837946993,-10.897160566592675,-5.985836625891361,-4.911323940701314,1221.5304164101574,1232.9553442382812,1288.3627764932903,1176.7764324910845,1232.5696044921874,0.002104295142818735,-0.05480783727199423,0.0,1207.06591796875,1
2023-09-07,RELIANCE.NS,1201.9537313347682,1210.1679582595823,1196.6430625915527,1207.06591796875,13652572,41.77209185489905,-10.576631151334823,-6.903995530980053,-3.67263562035477,1220.1528451300235,1234.3042407226562,1286.7981817398627,1174.1564325179497,1230.4773071289062,0.0013587018437817289,0.6648726825740789,0.0,1215.1064453125,1
2023-09-08,RELIANCE.NS,1211.0365924741222,1218.9778160313297,1202.5742018862825,1215.1064453125,23109288,46.23413269757452,-9.563563118781303,-7.435909048540304,-2.1276540702409994,1219.6722356235925,1235.5122045898438,1284.084069279172,1172.9335942950468,1228.5088317871093,0.0066612164456441025,0.692669190830856,0.0,1228.20947265625,1
2023-09-11,RELIANCE.NS,1216.9924464989117,1229.326207160582,1216.9924464989117,1228.20947265625,13271074,52.60769172520624,-7.6156066314526925,-7.471848565122782,-0.1437580663299105,1220.485305817179,1236.792783203125,1280.6267312203365,1173.235097392945,1226.9309143066407,0.010783439915323711,-0.4257255351181741,0.0,1210.4659423828125,0
2023-09-12,RELIANCE.NS,1232.3787090583842,1232.3787090583842,1209.0265228175713,1210.4659423828125,16255666,44.853679219155474,-7.418080668817538,-7.461094985861734,0.04301431704419567,1219.531080728192,1237.1209375,1273.1253916382886,1174.31756490468,1223.7214782714843,-0.01444666457022481,0.22489453378076263,0.0,1216.52099609375,1
2023-09-13,RELIANCE.NS,1211.0365644667,1222.278310335504,1204.2120756300535,1216.52099609375,12803338,47.68733285850351,-6.695763100993645,-7.308028608888116,0.6122655078944712,1219.244406001102,1237.8162451171875,1264.6916379531579,1177.041809312467,1220.8667236328124,0.00500225037229729,-0.21237690292111067,0.0,1217.6376953125,1
2023-09-14,RELIANCE.NS,1220.9630582690309,1223.8417758931353,1213.5181615722684,1217.6376953125,9209636,48.21581493647627,-5.964458366860981,-7.03931456048269,1.0748561936217085,1219.091385935521,1238.5726879882814,1259.879360869473,1178.0936005563083,1218.9864807128906,0.0009179448791560851,-0.2806847714244519,0.0,1219.8961181640625,1
2023-09-15,RELIANCE.NS,1224.9337835939812,1224.9337835939812,1215.7517434819515,1219.8961181640625,25468592,49.33067975226582,-5.143368693933326,-6.660125387172817,1.5167566932394916,1219.1680271001442,1238.8790014648437,1251.9313503831336,1181.577170124679,1216.7542602539063,0.0018547576674545763,1.7654287313852577,0.0,1209.274658203125,0
2023-09-18,RELIANCE.NS,1211.061482045193,1216.4962329024152,1207.0908701058952,1209.274658203125,7516300,44.48049466305884,-5.288746882182295,-6.385849686174713,1.097102803992418,1218.2258014909041,1239.01990234375,1246.3096139583995,1183.0521047916004,1214.680859375,-0.008706856102569382,-0.7048796415600831,0.0,1182.323974609375,0
2023-09-20,RELIANCE.NS,1202.623798606989,1204.8821081322808,1168.8487603007638,1182.323974609375,57081884,35.06086051046043,-7.49228863393364,-6.607137475726499,-0.8851511582071412,1214.8065798831394,1237.6955590820312,1241.4004700336761,1181.1491637553866,1211.2748168945313,-0.022286652094236636,6.594412676449849,0.0,1173.712890625,0
2023-09-21,RELIANCE.NS,1178.750555955457,1186.269974873086,1171.3304992731428,1173.712890625,12226182,32.6795643660933,-9.820252106180078,-7.249760401817214,-2.5704917043628637,1210.892895191888,1235.9282934570313,1235.6474430462588,1179.0900203326476,1207.3687316894532,-0.0072831847863188415,-0.7858132713349125,0.0,1168.8240966796875,0
2023-09-22,RELIANCE.NS,1179.2717940052096,1182.47307577697,1166.3673046768697,1168.8240966796875,19176786,31.376620821432525,-11.922232667182243,-8.18425485489022,-3.737977812292023,1206.886342952631,1234.0354077148438,1235.0715542404707,1173.4692782790605,1204.2704162597656,-0.004165238351185874,0.5685015976369401,0.0,1161.6273193359375,0
2023-09-25,RELIANCE.NS,1166.5657437194718,1171.6779308453931,1158.9720452955405,1161.6273193359375,14254884,29.51127915475405,-14.007319531090388,-9.348867790130255,-4.658451740960134,1202.575959751041,1232.22455078125,1235.5240432979335,1166.6687667606602,1201.0964050292969,-0.0061572800938944905,-0.25665937973130637,0.0,1162.6446533203125,1
2023-09-26,RELIANCE.NS,1160.684188171601,1166.4663425671888,1159.220049449067,1162.6446533203125,10087782,30.143500580900522,-15.400152174645655,-10.559124667033336,-4.841027507612319,1198.7729781862097,1230.4550390625,1236.3707969114555,1160.796695764326,1198.5837463378907,0.0008757834526107455,-0.292328018944244,0.0,1175.7476806640625,1
2023-09-27,RELIANCE.NS,1163.1410372849095,1177.1871000752485,1160.6594050312617,1175.7476806640625,11722778,37.872546884033554,-15.270646769102086,-11.501429087447088,-3.7692176816549985,1196.5800927079101,1228.43630859375,1236.347679403887,1158.266199990644,1197.3069396972655,0.011270019009101295,0.16207685693445795,0.0,1158.4755859375,0
2023-09-28,RELIANCE.NS,1182.7459002555731,1182.7459002555731,1153.9589668880435,1158.4755859375,14518346,32.73158715241844,-16.372988873782333,-12.475741044714137,-3.8972478290681956,1192.9510920631092,1225.855302734375,1237.7299059658806,1152.7173108309946,1195.2236083984376,-0.01469030729178833,0.2384731673669842,0.0,1163.8856201171875,1
2023-09-29,RELIANCE.NS,1162.2973995824232,1175.847137006539,1158.475709840611,1163.8856201171875,12342014,35.676866967753426,-16.61849077196098,-13.304290990163507,-3.3141997817974715,1190.1829518777834,1223.1871166992187,1238.3354904405703,1149.0345168836486,1193.6850036621095,0.004669959596351303,-0.14990219960317797,0.0,1150.55908203125,0
2023-10-03,RELIANCE.NS,1156.415758225436,1159.220075299941,1149.492028660551,1150.55908203125,8859056,31.96423642081841,-17.684536713036778,-14.180340134738161,-3.5041965782986164,1186.4092499876374,1220.2838208007813,1239.721503474369,1142.9582206467248,1191.339862060547,-0.011450041013992163,-0.2822033745870002,0.0,1148.5738525390625,0
2023-10-04,RELIANCE.NS,1146.0178196869251,1150.981084388904,1139.1189302205564,1148.5738525390625,10286386,31.43937222588623,-18.476590595443895,-15.039590226879309,-3.4370003685645862,1182.8058788020587,1218.1430297851562,1240.6960715926919,1137.1916237198081,1188.94384765625,-0.001725447674258196,0.1611153603724822,0.0,1148.549072265625,0
2023-10-05,RELIANCE.NS,1151.105104982258,1156.14276991832,1146.017758932428,1148.549072265625,10953682,31.43243412379104,-18.888562968482347,-15.809384775199916,-3.0791781932824307,1179.5433257985887,1216.5096752929687,1240.412861000439,1132.0400564800298,1186.2264587402344,-2.1574819401237733e-05,0.06487176351344393,0.0,1150.4847412109375,1
2023-10-06,RELIANCE.NS,1150.0132553057874,1153.8597853939605,1147.5316229908371,1150.4847412109375,5431026,32.6821371239369,-18.841666729857934,-16.41584116613152,-2.425825563726413,1176.775841552146,1214.930859375,1239.0466546372038,1127.9119269057649,1183.4792907714843,0.0016853167113655143,-0.5041826118377364,0.0,1140.6822509765625,0
2023-10-09,RELIANCE.NS,1145.5711149238573,1147.4818990309532,1139.0691900320726,1140.6822509765625,7576878,29.72729988686342,-19.372169846727957,-17.007106902250808,-2.365062944477149,1173.3383567354238,1212.756376953125,1237.5945530193128,1122.725661824437,1180.160107421875,-0.008520313119544265,0.3951098742668513,0.0,1145.719970703125,1
2023-10-10,RELIANCE.NS,1144.8018394410435,1150.435072150941,1143.4121010954177,1145.719970703125,10236032,33.07608089561809,-19.165171343618567,-17.43871979052436,-1.7264515530942077,1170.7080342561571,1210.9151000976562,1233.6429215752992,1119.7386458075134,1176.6907836914063,0.004416409321920778,0.3509564229488715,0.0,1163.910400390625,1
2023-10-11,RELIANCE.NS,1148.722762099973,1166.2182699823193,1148.0031129607796,1163.910400390625,9814118,43.53878546665069,-17.3334981100586,-17.41767545443121,0.08417734437260904,1170.060640554678,1209.188857421875,1225.476165457192,1121.475494699058,1173.475830078125,0.015876854862132417,-0.04121851123560383,0.0,1166.0693359375,1
2023-10-12,RELIANCE.NS,1163.3148210249558,1171.0078811502246,1160.485663265934,1166.0693359375,12554450,44.644903846837295,-15.528670967660219,-17.039874557077013,1.5112035894167946,1169.680516305423,1207.2941137695314,1220.4661800270717,1122.0458194846472,1171.2559997558594,0.0018548984063984086,0.2792234615479454,0.0,1166.0198974609375,0
2023-10-13,RELIANCE.NS,1161.4040366702477,1170.0897506197043,1156.0188455521982,1166.0198974609375,10150316,44.623345095562904,-13.941611507015296,-16.42022194706467,2.4786104400493763,1169.3318859392816,1205.7549731445313,1213.3609527499264,1124.1009368985112,1168.7309448242188,-4.239754450174882e-05,-0.1914965609803695,0.0,1163.4140625,0
2023-10-16,RELIANCE.NS,1163.885548402189,1168.6254903286665,1159.418610263332,1163.4140625,5929036,43.43282615294171,-12.747182963427804,-15.6856141503373,2.9384311869094955,1168.768283706969,1204.4293041992187,1204.6165944364334,1127.4229319307542,1166.0197631835938,-0.002234811744303733,-0.41587670768082496,0.0,1168.972900390625,1
2023-10-17,RELIANCE.NS,1169.3451452373686,1171.18152891328,1162.0491704758838,1168.972900390625,7928180,46.69965224352039,-11.222670022465763,-14.793025324762992,3.5703553022972283,1168.7877710101743,1203.3181787109374,1193.2224765652634,1133.7247280245804,1163.4736022949219,0.00477803910903396,0.337178590246374,0.0,1153.4627685546875,0
2023-10-18,RELIANCE.NS,1168.9729714451066,1174.8048077319042,1151.9737890772074,1153.4627685546875,8918320,39.79412751560035,-11.137632850248565,-14.061946829860107,2.924313979611542,1167.3282469667945,1201.5640014648438,1181.9983042933125,1139.3677113316874,1160.6830078125,-0.013268170571580029,0.12488868819830024,0.0,1144.603271484375,0
2023-10-19,RELIANCE.NS,1147.5068298823098,1152.37085365543,1142.0472385636656,1144.603271484375,12032556,36.47617202108516,-11.650824201268733,-13.579722304141834,1.9288981028731005,1165.1639635875165,1199.4911840820312,1178.7508856789684,1138.8430596335318,1158.79697265625,-0.007680782866891889,0.34919536414930175,0.0,1141.104248046875,0
2023-10-20,RELIANCE.NS,1141.5508934053469,1148.846868358942,1139.7145096810816,1141.104248046875,8913312,35.22692375732477,-12.19924864849213,-13.303627573011894,1.1043789245197644,1162.8725621074552,1197.498740234375,1177.3069225560162,1137.0261584986715,1157.1665405273438,-0.003056974870395357,-0.25923369897468174,0.0,1123.2861328125,0
2023-10-23,RELIANCE.NS,1136.5877075106362,1144.6530132953733,1119.340361294045,1123.2861328125,7853962,29.656815781545063,-13.911291255201377,-13.425160309449792,-0.4861309457515848,1159.1024259841263,1194.9862255859375,1179.1238043583862,1130.6554803095823,1154.8896423339843,-0.015614800545062035,-0.11885032185566935,0.0,1120.6802978515625,0
2023-10-25,RELIANCE.NS,1116.7593673158804,1132.219887961399,1113.2602415640138,1120.6802978515625,11620688,28.93620574792361,-15.301974818536337,-13.800523211267102,-1.5014516072692352,1155.4431756857869,1192.3103125,1181.0469826256967,1124.6375998938347,1152.8422912597657,-0.0023198318619076508,0.47959564866751325,0.0,1105.0709228515625,0
2023-10-26,RELIANCE.NS,1117.230921778067,1120.7052071856403,1101.9937228681183,1105.0709228515625,15222534,25.01515647065669,-17.46235254116573,-14.532889077246827,-2.9294634639189017,1150.6458182730037,1189.2163745117186,1184.5982801090204,1115.3289293636358,1149.963604736328,-0.013928481681996563,0.30995118361322493,0.0,1124.5765380859375,1
2023-10-27,RELIANCE.NS,1111.7712909465938,1128.3982276638756,1109.761144511754,1124.5765380859375,11771084,36.58013547618808,-17.39995150696609,-15.10630156319068,-2.29364994377541,1148.1630296837593,1186.2148120117188,1181.6002635911982,1113.2098316236456,1147.405047607422,0.017651007578809663,-0.2267329473529177,0.0,1147.7548828125,1
2023-10-30,RELIANCE.NS,1128.6463150337838,1153.958963260135,1126.636168734061,1147.7548828125,16813304,47.033982223712826,-15.303786997631278,-15.1457986500788,-0.15798834755247704,1148.1241585531632,1183.697587890625,1180.6873000271678,1113.0507248751758,1146.8690124511718,0.020610731187770126,0.4283564708229082,0.0,1135.5452880859375,0
2023-10-31,RELIANCE.NS,1155.448028104718,1155.448028104718,1133.0636557231696,1135.5452880859375,12808438,43.01196761648924,-14.461075499870958,-15.008854020037234,0.5477785201662755,1146.9261708896179,1181.303642578125,1178.6691177867142,1112.2348739125046,1145.4519958496094,-0.010637806825655738,-0.23819625220599117,0.0,1140.2603759765625,1
2023-11-01,RELIANCE.NS,1136.1656826268284,1150.236586425296,1129.2419526519689,1140.2603759765625,10309190,44.969063152829605,-13.259900500380809,-14.65906331610595,1.3991628157251412,1146.2913332788507,1178.8180395507814,1178.1408355408178,1111.7332855529323,1144.937060546875,0.0041522675846532575,-0.19512511986239067,0.0,1151.57666015625,1
2023-11-02,RELIANCE.NS,1148.4746196953226,1153.6116471680004,1145.4966608528323,1151.57666015625,10562104,49.45549474240911,-11.26497547504573,-13.980245747893907,2.7152702728481763,1146.794697743365,1176.8347192382812,1178.3824274731146,1111.791974382354,1145.0872009277343,0.009924298360359796,0.024532868246680772,0.0,1151.3284912109375,0
2023-11-03,RELIANCE.NS,1155.0509397455935,1158.897469898072,1149.3680258840427,1151.3284912109375,8850156,49.36045580363502,-9.593421191858852,-13.102880836686897,3.509459644828045,1147.2264875974197,1174.852392578125,1178.6011428751265,1111.8512008748737,1145.226171875,-0.00021550362550659674,-0.1620839938709181,0.0,1160.9075927734375,1
2023-11-06,RELIANCE.NS,1157.5822297180116,1161.4039192346488,1154.256866662586,1160.9075927734375,10647304,53.106410582576984,-7.410327298998936,-11.964370129149305,4.554042830150369,1148.5294499951356,1173.0338525390625,1179.7539786955783,1111.7406502106717,1145.747314453125,0.00832004213882076,0.203063991188404,0.0,1153.3634033203125,0
2023-11-07,RELIANCE.NS,1158.4507493206686,1160.9572220726066,1151.2540159543112,1153.3634033203125,6960204,49.97121157432188,-6.217293609412081,-10.814954825201863,4.597661215789781,1148.9898265022953,1171.4853125,1180.4594454456305,1112.3032986949943,1146.3813720703124,-0.006498527100767593,-0.3462942356111932,0.0,1159.368896484375,1
2023-11-08,RELIANCE.NS,1157.4332718147846,1161.900209827792,1152.3459257444151,1159.368896484375,7884494,52.381212827891424,-4.732657576170823,-9.598495375395656,4.865837799224833,1149.9783093577314,1170.1705395507813,1181.6050954195998,1112.5225412991504,1147.063818359375,0.005206939241156672,0.13279639504819118,0.0,1146.787109375,0
2023-11-09,RELIANCE.NS,1159.344192861405,1159.3689122452763,1143.6353879313751,1146.787109375,14513610,47.24618962286052,-4.519223102143542,-8.582640920745233,4.063417818601691,1149.674385549852,1168.8483251953126,1179.8739811750356,1112.5413264421518,1146.2076538085937,-0.010852272428152565,0.8407788756006409,0.0,1148.946044921875,1
2023-11-10,RELIANCE.NS,1144.3054653415224,1149.6658152095554,1140.5830169850344,1148.946044921875,7734954,48.184843976711136,-4.128278463743072,-7.6917684293448,3.563489965601728,1149.605019775759,1167.8015698242189,1177.8028682912573,1112.9001102243678,1145.3514892578125,0.0018825948855072383,-0.4670551296334957,0.0,1148.7972412109375,0
2023-11-13,RELIANCE.NS,1152.9166537769547,1153.7605056745233,1147.3578218124285,1148.7972412109375,3854810,48.12128924532012,-3.786807279957202,-6.910776199467281,3.1239689195100793,1149.5280884838712,1166.7746704101562,1175.5880062610706,1113.3927066295544,1144.4903564453125,-0.00012951322787979613,-0.5016376309413088,0.0,1169.5684814453125,1
2023-11-15,RELIANCE.NS,1161.4039352802763,1172.2982770196893,1154.9516911953865,1169.5684814453125,12220648,56.70555175137846,-1.8191533448475639,-5.892451628543338,4.073298283695774,1151.436697337342,1166.2728857421876,1176.7487612017278,1112.8473935834284,1144.798077392578,0.01808085838757778,2.170233552367043,0.0,1171.6778564453125,1
2023-11-16,RELIANCE.NS,1166.9131951067154,1178.353423134986,1164.8533675821152,1171.6778564453125,13134910,57.47509532010765,-0.08854381341006956,-4.731670065516685,4.643126252106615,1153.3644267761963,1165.7572045898437,1177.3122244815308,1112.5544259090943,1144.9333251953126,0.0018035497993185157,0.07481289044574391,0.0,1169.121826171875,0
2023-11-17,RELIANCE.NS,1167.8064883385834,1177.9067803474445,1167.384683548377,1169.121826171875,7758634,56.17217127998361,1.0644560405576158,-3.572444844301825,4.636900884859441,1154.8651314805468,1165.2097583007812,1179.6044396259958,1111.828116526348,1145.7162780761719,-0.002181512827418408,-0.40931197853658685,0.0,1166.044677734375,0
2023-11-20,RELIANCE.NS,1165.647592311094,1170.5363354915237,1159.617152805321,1166.044677734375,4490186,54.56838090858639,1.7102024206969872,-2.515915391302063,4.22611781199905,1155.9298501713874,1164.47271484375,1181.8056464569872,1111.7710503203566,1146.788348388672,-0.0026320169281037753,-0.4212659084060416,0.0,1180.7109375,1
2023-11-21,RELIANCE.NS,1174.3083747965666,1185.227556641674,1171.4296571663483,1180.7109375,8214450,60.37532579908662,3.3665976295089877,-1.3394127871398531,4.706010416648841,1158.2899537264934,1163.9783715820313,1186.6396595661213,1110.8977061565352,1148.7686828613282,0.012577785436250544,0.8294231018492331,0.0,1185.326904296875,1
2023-11-22,RELIANCE.NS,1178.7754188353035,1188.4289448727577,1177.385680422616,1185.326904296875,8534814,62.020699089713595,4.994202650072339,-0.07268969969741468,5.066892349769754,1160.8649013998631,1163.5435913085937,1191.0261673252198,1112.7152755458737,1151.8707214355468,0.003909480847741342,0.03900005478151303,0.0,1188.9500732421875,1
2023-11-23,RELIANCE.NS,1185.3268657327444,1191.1835423841578,1185.3268657327444,1188.9500732421875,8531542,63.3085746856924,6.501505500566282,1.2421493403553248,5.259356160210957,1163.5396796705606,1163.0204638671876,1194.8689103038628,1115.6995101062935,1155.2842102050781,0.0030566832931728793,-0.0003833709791449813,0.0,1188.1558837890625,0
2023-11-24,RELIANCE.NS,1187.0144298509326,1192.474021001291,1186.7414260587238,1188.1558837890625,6749486,62.80583042304697,7.544995407107535,2.502718553705767,5.042276853401768,1165.8840800627988,1162.2193920898437,1194.2199463461095,1124.6569701577966,1159.438458251953,-0.0006679754440481744,-0.20887853567385595,0.0,1188.404052734375,1
2023-11-28,RELIANCE.NS,1188.155889499075,1191.034607263244,1178.899449291774,1188.404052734375,13792174,62.9049611794574,8.296358578444597,3.661446558653533,4.634912019791064,1168.0288393648539,1161.778154296875,1195.7016170477916,1129.5580509209583,1162.629833984375,0.00020886901180094952,1.0434406412577193,0.0,1191.5308837890625,1
2023-11-29,RELIANCE.NS,1195.1540911072586,1197.1145563492605,1190.2156671664848,1191.5308837890625,12531306,64.19964163569284,9.039921847205505,4.737141616363928,4.302780230841577,1170.2671293100166,1161.2783520507812,1199.4218239709558,1130.2154440954505,1164.8186340332031,0.0026311177982716316,-0.09141909027539818,0.0,1179.9913330078125,0
2023-11-30,RELIANCE.NS,1188.5529645510346,1191.530923348677,1176.2440439527552,1179.9913330078125,28439984,56.3791436775155,8.598932643916442,5.5094998218744315,3.08943282204201,1171.193243947902,1160.5254248046874,1199.4798426576165,1134.6020299009772,1167.0409362792968,-0.00968464262088975,1.2695147656597006,0.0,1188.3544921875,1
2023-12-01,RELIANCE.NS,1180.2643464861462,1189.3967050711567,1180.0658643673892,1188.3544921875,14342842,60.16634270821442,8.822581349189704,6.172116127337486,2.650465221852218,1172.8276485421493,1159.8945922851562,1200.6956990169124,1138.195585162775,1169.4456420898437,0.007087475090490347,-0.4956803773166679,0.0,1201.209228515625,1
2023-12-04,RELIANCE.NS,1215.9997806950958,1215.9997806950958,1190.4886500919326,1201.209228515625,15590990,65.17168618260182,9.9227115079957,6.92223520346913,3.00047630452657,1175.5306561586708,1159.7332836914063,1204.9402546350095,1138.9142863806153,1171.9272705078124,0.010817257318952223,0.08702236279253439,0.0,1209.9197998046875,1
2023-12-05,RELIANCE.NS,1210.540207865299,1211.4584602643838,1201.9288955146308,1209.9197998046875,12693624,68.09706733683635,11.366417900398801,7.811071742855065,3.5553461575437364,1178.8058126963867,1160.2852001953124,1210.3441889146636,1139.3694829603362,1174.8568359375,0.007251502138246435,-0.1858359219010467,0.0,1221.5091552734375,1
2023-12-06,RELIANCE.NS,1214.560584514323,1227.3905513904704,1208.5549856031337,1221.5091552734375,16422442,71.52414615813538,13.292502058331138,8.90735780595028,4.385144252380858,1182.872797703725,1161.2411254882813,1218.1236911509527,1137.6501369740472,1177.8869140625,0.009578614607861358,0.2937551955217832,0.0,1219.4990234375,0
2023-12-07,RELIANCE.NS,1220.9631623446442,1221.4346482742724,1212.0292855470004,1219.4990234375,8142096,70.11723012453088,14.489708450900253,10.023827934940275,4.465880515959977,1186.3610096783702,1162.2546240234376,1223.6353260630085,1138.7520640737102,1181.1936950683594,-0.0016456134014709578,-0.5042091791220819,0.0,1218.853759765625,0
2023-12-08,RELIANCE.NS,1222.874052744466,1229.251775342433,1213.5182500771466,1218.853759765625,10204894,69.64364901376953,15.211091759562578,11.061280699864735,4.149811059697843,1189.4555573057278,1163.3991528320312,1228.3753955201266,1139.9604809447171,1184.1679382324219,-0.0005291219258676261,0.25334975171012486,0.0,1220.6405029296875,1
2023-12-11,RELIANCE.NS,1218.9777608532804,1224.7351961410227,1217.1909371644088,1220.6405029296875,7066138,70.24298260080812,15.74546455568111,11.99811747102801,3.7473470846531,1192.4255521270572,1164.5590698242188,1231.292627945546,1144.4285878747664,1187.8606079101562,0.0014659208701182092,-0.3075736014504413,0.0,1203.1202392578125,0
2023-12-12,RELIANCE.NS,1220.9631521449137,1223.41994400905,1201.1844932637518,1203.1202392578125,9197124,58.12465633357256,14.587069336015702,12.51590784402555,2.0711614919901518,1193.4440937585578,1165.1065209960936,1230.5779986636298,1150.5606365902763,1190.569317626953,-0.014353336326153543,0.30157718402895606,0.0,1208.03369140625,1
2023-12-13,RELIANCE.NS,1202.102614795848,1210.2176004047435,1194.3103140708777,1208.03369140625,10031182,60.19847230717853,13.905216622067428,12.793769599633926,1.1114470224335022,1194.8335792488142,1166.0976831054688,1229.275014921871,1157.7872653515665,1193.5311401367187,0.004083924439230335,0.09068682775180581,0.0,1223.0228271484375,1
2023-12-14,RELIANCE.NS,1217.9851619285064,1228.3831772791464,1212.3518080035872,1223.0228271484375,16972354,65.76800310986332,14.408252057842901,13.116666091275722,1.2915859665671796,1197.5182695249687,1167.2804272460937,1232.372366268086,1160.035348575664,1196.203857421875,0.012407878893459401,0.6919595317879788,0.0,1238.6324462890625,1
2023-12-15,RELIANCE.NS,1229.8970515295573,1240.8162343922088,1225.951280138882,1238.6324462890625,15932152,70.41147279193267,15.88338331865316,13.670009536751209,2.21337378190195,1201.4339054072634,1169.04189453125,1238.3209555833962,1160.7822182447287,1199.5515869140625,0.012763146193288888,-0.061288021685147465,0.0,1251.239013671875,1
2023-12-18,RELIANCE.NS,1238.6323699765337,1258.1379030406688,1236.3243792186838,1251.239013671875,14165188,73.53388220439369,17.863757820553246,14.508759193511619,3.3549986270416277,1206.177249051512,1171.0951977539062,1245.903813841707,1161.4110787364182,1203.6574462890626,0.010177811360086553,-0.11090554496341742,0.0,1269.6527099609375,1
2023-12-19,RELIANCE.NS,1268.1140495332209,1277.4945707453207,1253.3234974409622,1269.6527099609375,16820604,77.30169068021185,20.6806565465763,15.743138664124556,4.937517882451745,1212.2225310428857,1173.5172705078126,1256.4355392491202,1161.2401565516611,1208.8378479003907,0.01471637000434134,0.1874606958975764,0.0,1254.2913818359375,0
2023-12-20,RELIANCE.NS,1276.080186427869,1289.8780864366483,1250.742696068458,1254.2913818359375,17736722,68.53593443718293,21.426546392644468,16.879820209828537,4.546726182815931,1216.2290882612717,1175.5934033203125,1262.1795274721244,1162.8542127622504,1212.5168701171874,-0.012098842466514048,0.05446403708214054,0.0,1271.8614501953125,1
2023-12-21,RELIANCE.NS,1254.2170195322976,1277.2962009364337,1249.8741628164655,1271.8614501953125,13765454,72.39215817559334,23.168356752077216,18.137527518278272,5.0308292337989435,1221.527408445466,1178.2169873046876,1271.1390322835907,1162.548162540628,1216.8435974121094,0.014007963870131368,-0.2239008989372444,0.0,1273.1021728515625,1
2023-12-22,RELIANCE.NS,1270.3972179591544,1280.968874306117,1264.4660199985942,1273.1021728515625,16541784,72.64709745182472,24.367971157235615,19.383616246069742,4.984354911165873,1226.4392907698561,1180.7646313476562,1278.9698886101396,1163.1325161750165,1221.051202392578,0.0009755171493399661,0.20168822619290294,0.0,1279.554443359375,1
2023-12-26,RELIANCE.NS,1274.5663382448713,1286.453332624264,1271.935783794956,1279.554443359375,7465664,73.99212652385049,25.544853353840608,20.615863667623916,4.928989686216692,1231.4978767307628,1183.0775122070313,1286.7696601144294,1164.4726006277583,1225.6211303710938,0.005068148217326707,-0.5486784254950978,0.0,1283.922119140625,1
2023-12-27,RELIANCE.NS,1281.514887400953,1290.399082341518,1277.0976304877347,1283.922119140625,9204156,74.89216290499353,26.524221195795235,21.797535173258183,4.726686022537052,1236.4906617221782,1185.4345678710938,1294.042022216892,1166.7520451659204,1230.3970336914062,0.0034134348904943934,0.23286502044560264,0.0,1293.203369140625,1
2023-12-28,RELIANCE.NS,1285.3862277761266,1296.4046504171113,1283.9220890250845,1293.203369140625,12302636,76.73465439703143,27.729646471448405,22.98395743289623,4.745689038552175,1241.8918719525063,1187.9782373046876,1302.069870707742,1168.891445210227,1235.4806579589845,0.007228826314022996,0.3366392312342381,0.0,1282.9791259765625,0
2023-12-29,RELIANCE.NS,1295.9581362918193,1297.397434632089,1280.174929799553,1282.9791259765625,10864584,70.5893323729258,27.542451475223743,23.89565624136173,3.6467952338620115,1245.8049437643213,1190.3695385742187,1305.1549750044333,1176.1051202104104,1240.6300476074218,-0.007906137122776657,-0.11688974622999493,0.0,1285.6097412109375,1
2024-01-01,RELIANCE.NS,1280.795398303561,1293.8488097378856,1277.122509429243,1285.6097412109375,4030540,71.22779732108658,27.291764286334,24.574877850356184,2.716886435977816,1249.5958768544751,1192.702275390625,1308.1583368608515,1182.827283256336,1245.4928100585937,0.0020503959738025213,-0.6290203103956857,0.0,1296.255859375,1
2024-01-02,RELIANCE.NS,1283.0039664322292,1297.8937610136477,1277.0480485996618,1296.255859375,7448800,73.71472594176032,27.63360267523376,25.186622815331702,2.446979859902058,1254.0396847135728,1195.5581372070312,1313.1720829331796,1187.3182002699452,1250.2451416015624,0.008280987474499568,0.8480898341165204,0.0,1282.16015625,0
2024-01-03,RELIANCE.NS,1295.412048372221,1307.3238832997818,1279.132516403198,1282.16015625,9037536,65.62656095933893,26.46206836966826,25.441711926199016,1.0203564434692431,1256.7178248598993,1198.3092749023438,1315.3884542920039,1192.3258645556523,1253.857159423828,-0.010874167335911844,0.21328750939748686,0.0,1288.7860107421875,1
2024-01-04,RELIANCE.NS,1284.4928354763,1295.337616733607,1280.0755785995668,1288.7860107421875,9612778,67.4353266269049,25.77119577215285,25.507608695389784,0.26358707676306636,1259.7719378010695,1201.26291015625,1318.6666265469134,1195.7753778476176,1257.2210021972655,0.005167727650784659,0.06365031353678696,0.0,1294.2705078125,1
2024-01-05,RELIANCE.NS,1291.888116528752,1300.3009471094986,1289.456165302221,1294.2705078125,8086406,68.89440118624712,25.373734719626555,25.48083390023714,-0.10709918061058588,1263.0575158973963,1204.68259765625,1321.866067366635,1200.0530854653962,1260.9595764160156,0.004255552919257832,-0.15878573290676223,0.0,1284.17041015625,0
2024-01-08,RELIANCE.NS,1295.412156841061,1306.3064992127524,1275.0379299096924,1284.17041015625,7734652,63.27207208422023,23.967468444133374,25.17816080901639,-1.2106923648830161,1265.0682677315729,1207.9523999023438,1322.7070863495842,1205.7437315215097,1264.225408935547,-0.007803699145799592,-0.04349942360054637,0.0,1280.7703857421875,0
2024-01-09,RELIANCE.NS,1290.4487513775189,1293.8237954235035,1279.132484246134,1280.7703857421875,5403074,61.453949023064496,22.321332309857326,24.606795109184578,-2.2854627993272523,1266.5637075421075,1211.4663891601563,1322.538042068942,1211.9257640834016,1267.2319030761719,-0.002647642701601227,-0.30144575347410585,0.0,1315.3148193359375,1
2024-01-10,RELIANCE.NS,1279.0333061103788,1319.7320764251056,1278.0654937339266,1315.3148193359375,11102740,70.67418494261523,23.532931667291905,24.392022420806047,-0.8590907535141419,1271.2066705700913,1215.2811547851563,1323.5685978083343,1222.114666351822,1272.8416320800782,0.02697160551048494,1.0548931959843602,0.0,1349.9088134765625,1
2024-01-11,RELIANCE.NS,1319.7321386109766,1352.489686993197,1318.7394856296971,1349.9088134765625,23725852,76.68798814623831,26.973643725875945,24.908346681820028,2.0652970440559173,1278.70211275166,1219.3242333984374,1332.0870497503577,1227.7837266168297,1279.9353881835937,0.026300923271046495,1.1369366480706566,0.0,1360.6541748046875,1
2024-01-12,RELIANCE.NS,1349.9087552154865,1363.2350482099334,1335.8626919019084,1360.6541748046875,15012164,78.18446495000047,30.21914617144421,25.970506579744868,4.248639591699341,1286.5070710424245,1223.8264111328126,1343.2586822196356,1230.375228913177,1286.8169555664062,0.007960064576844506,-0.3672655464596172,0.0,1383.8822021484375,1
2024-01-15,RELIANCE.NS,1364.897715738619,1386.190071634762,1355.9638397810568,1383.8822021484375,8610594,81.02072382428953,34.27048905882452,27.6305030755608,6.639985983263724,1295.780893052521,1228.69884765625,1360.3718005642013,1227.787086154549,1294.079443359375,0.017071220427544942,-0.4264255306563397,0.0,1364.5255126953125,0
2024-01-16,RELIANCE.NS,1379.7627106993225,1386.0413130880693,1360.4308194226976,1364.5255126953125,9069024,72.55523240887206,35.50994784260456,29.206392028969553,6.303555813635008,1302.3279996851677,1232.9578247070312,1369.6852264664735,1229.80231015462,1299.7437683105468,-0.013987237803242403,0.053240229419712515,0.0,1351.5714111328125,0
2024-01-17,RELIANCE.NS,1349.5117047016763,1376.0900120502974,1345.0696069219948,1351.5714111328125,12197382,67.47417027048911,35.0429863908073,30.373710901337105,4.669275489470195,1307.0178483944674,1236.9626831054688,1375.8176679593053,1231.861738778976,1303.8397033691406,-0.009493484322555479,0.3449497983465475,0.0,1357.8995361328125,1
2024-01-18,RELIANCE.NS,1341.4712027363942,1360.92717605878,1341.3222805612156,1357.8995361328125,10279438,68.6298944087687,34.78259082155478,31.25548688538064,3.527103936174136,1311.863723417167,1240.9025219726564,1380.9017273743175,1237.1384947936513,1309.0201110839844,0.004682050055125231,-0.1572422672340671,0.0,1357.4031982421875,0
2024-01-19,RELIANCE.NS,1365.890429247957,1365.890429247957,1349.015329468004,1357.4031982421875,10422704,68.42453023177187,34.14260049173117,31.832909606650748,2.3096908850804247,1316.2008162576453,1244.9833178710937,1386.0008728274875,1240.5935241451689,1313.2971984863282,-0.00036551886013491686,0.013937143256275375,0.0,1318.8138427734375,0
2024-01-23,RELIANCE.NS,1361.671682300463,1361.671682300463,1312.8332056966303,1318.8138427734375,20055420,54.715758119682704,30.17374095955597,31.501075877231795,-1.3273349176758238,1316.449675925816,1248.172216796875,1385.9240028327677,1245.2415611320762,1315.582781982422,-0.028428808417957585,0.9242050815220311,0.0,1334.00146484375,1
2024-01-24,RELIANCE.NS,1325.4149927095905,1339.5851376107455,1314.1980872328545,1334.00146484375,21919128,58.260171240754325,27.931923531585653,30.787245408102567,-2.855321876516914,1318.1212748703813,1251.91650390625,1387.0545614769105,1249.5557046363708,1318.3051330566407,0.011516122729174016,0.09292789679797275,0.0,1343.1337890625,1
2024-01-25,RELIANCE.NS,1333.0831783387705,1354.1274927557365,1325.390118278632,1343.1337890625,11808872,60.27367236977418,26.58570584300128,29.94693749508231,-3.361231652081031,1320.5034190791546,1255.8002587890626,1388.9286886437246,1253.6027444617441,1321.2657165527344,0.00684581273665974,-0.4612526556713388,0.0,1437.4111328125,1
2024-01-29,RELIANCE.NS,1354.474931519067,1441.8283899094502,1350.1817560391485,1437.4111328125,23893438,74.14164150149139,32.748705664275576,30.507291128920965,2.241414535354611,1331.6374870537588,1261.5725366210938,1411.6071547497197,1245.3450547229365,1328.4761047363281,0.07019207209119882,1.0233463450192364,0.0,1397.2830810546875,0
2024-01-30,RELIANCE.NS,1449.223597164783,1449.2484377227322,1394.1066401470152,1397.2830810546875,14093978,63.91439854183724,34.002964008932395,31.20642570492325,2.796538304009143,1337.8894483871804,1266.1268286132813,1419.7073975696158,1248.675207410853,1334.1913024902344,-0.02791689228070482,-0.41013185293803256,0.0,1416.1434326171875,1
2024-01-31,RELIANCE.NS,1393.6846609266845,1423.7124109217216,1392.1956815880876,1416.1434326171875,15130226,66.26947934918715,36.102676352222716,32.18567583438315,3.9170005178395684,1345.3422087900383,1271.0161401367188,1430.23786629922,1251.1981078218737,1340.7179870605469,0.013497874423745282,0.07352416755581714,0.0,1416.1683349609375,1
2024-02-01,RELIANCE.NS,1424.4569627393994,1432.745590517861,1407.631543948549,1416.1683349609375,13349362,66.27260924392877,37.33831012607175,33.21620269272087,4.122107433350877,1352.0875541396476,1275.9570703125,1439.520903661518,1253.9063180181695,1346.7136108398438,1.758461973300207e-05,-0.11770240576710489,0.0,1446.990234375,1
2024-02-02,RELIANCE.NS,1422.6455164089482,1464.0639387350582,1422.6455164089482,1446.990234375,19652588,69.98496357009755,40.339618476208216,34.64088584941834,5.698732626789877,1361.1259046382527,1281.5759814453124,1452.5212697383188,1257.388959753869,1354.9551147460938,0.021764290764849425,0.4721743256344386,0.0,1428.452392578125,0
2024-02-05,RELIANCE.NS,1450.0177530325548,1459.6961190035065,1421.007495677393,1428.452392578125,8814432,65.32752297743184,40.75255794079544,35.86322026769376,4.889337673101679,1367.5379511087167,1286.530810546875,1459.5539424552373,1264.322925220544,1361.9384338378907,-0.01281131092421095,-0.5514874682153821,0.0,1417.3099365234375,0
2024-02-06,RELIANCE.NS,1431.256637826339,1431.256637826339,1409.3934322746634,1417.3099365234375,9047984,62.62960526495296,39.722812503380055,36.63513871483102,3.087673788549033,1372.278140195833,1291.1704711914062,1463.3522104834153,1272.8286000634596,1368.0904052734375,-0.007800369205568813,0.026496545665109172,0.0,1431.554443359375,1
2024-02-07,RELIANCE.NS,1425.3752031215413,1438.8504181404362,1418.7491963623445,1431.554443359375,9296568,64.64006393937055,39.599664201680525,37.22804381220092,2.3716203894796024,1377.9235024018844,1296.02255859375,1466.3145171441738,1284.6046967230136,1375.4596069335937,0.01005038239615974,0.027473965471203288,0.0,1439.4708251953125,1
2024-02-08,RELIANCE.NS,1439.3467435794869,1448.752105824393,1417.0368932886952,1439.4708251953125,14694634,65.74307493535103,39.683408508324874,37.719116751425716,1.9642917568991578,1383.7851521917348,1301.048857421875,1467.2339627851004,1299.5552950273998,1383.39462890625,0.005529920201540195,0.5806514834291536,0.0,1450.0177001953125,1
2024-02-09,RELIANCE.NS,1443.31729322881,1461.160204582695,1440.2896534634558,1450.0177001953125,12556798,67.21059373101716,40.13813372283744,38.20292014570806,1.9352135771293746,1390.0930139063612,1306.2811303710937,1472.6424378892311,1307.6171080092063,1390.1297729492187,0.007326911261691604,-0.14548412706298097,0.0,1441.679443359375,0
2024-02-12,RELIANCE.NS,1450.017752117624,1450.2659153474915,1431.7529141646626,1441.679443359375,6674430,64.84548458578547,39.371825197747285,38.43670115611591,0.9351240416313757,1395.0060071876005,1311.2841015625,1477.9772377665222,1311.4593711201965,1394.7183044433593,-0.005750451759874653,-0.4684608289469975,0.0,1454.335693359375,1
2024-02-13,RELIANCE.NS,1444.806250056761,1468.1335924657844,1443.3172707540573,1454.335693359375,7715594,66.75762574630849,39.33237464164813,38.61583585322235,0.7165387884257797,1400.6564534896743,1316.7709887695312,1484.9772676660734,1313.8274930761143,1399.4023803710938,0.0087788239322526,0.15599294621413362,0.0,1470.4912109375,1
2024-02-14,RELIANCE.NS,1446.7916226083244,1472.749520552248,1446.7916226083244,1470.4912109375,7117888,69.07030292862954,40.14199313365248,38.92106730930838,1.2209258243441,1407.3073827704197,1322.4137231445313,1494.3451881982758,1313.120473422818,1403.7328308105468,0.011108520303732217,-0.0774672695323263,0.0,1459.79541015625,0
2024-02-15,RELIANCE.NS,1472.4517353218182,1473.8166331337911,1455.7503978374216,1459.79541015625,10006782,65.80617807944743,39.46562473163431,39.029978793773566,0.43564593786074113,1412.3062425214512,1327.5854467773438,1500.3712165927002,1316.6214347744874,1408.4963256835938,-0.0072736244199861355,0.4058639304243057,0.0,1449.843994140625,0
2024-02-16,RELIANCE.NS,1465.6271998466532,1466.1483668657747,1447.8339689108675,1449.843994140625,9767498,62.831047960121,37.692110606509004,38.76240515632065,-1.0702945498116492,1415.8812664851819,1332.3839306640625,1503.066283845905,1323.7536258220637,1413.4099548339843,-0.006816993632388413,-0.02391218275765372,0.0,1463.17041015625,1
2024-02-19,RELIANCE.NS,1451.30825618237,1468.630001238923,1442.8458657695369,1463.17041015625,6729828,65.10615233174627,36.93614143728405,38.397152412513336,-1.4610109752292857,1420.3849944538551,1337.2171557617187,1507.027202637572,1330.3197944327408,1418.6734985351563,0.009191620663659084,-0.31099776012239777,0.0,1460.21728515625,0
2024-02-20,RELIANCE.NS,1464.1878968342885,1464.659382736365,1451.0600862084646,1460.21728515625,7117496,64.16881019170374,35.68735628832087,37.85519318767484,-2.167836899353972,1424.1785459493215,1342.0315209960938,1509.2251914344595,1338.403214327259,1423.8142028808593,-0.0020183055777382997,0.057604443976874364,0.0,1456.916748046875,0
2024-02-21,RELIANCE.NS,1463.170510366537,1477.5888193115914,1446.8414171157522,1456.916748046875,12720292,63.07579470290813,34.038979136809075,37.09195037750169,-3.0529712406926137,1427.2964699586123,1346.7927807617189,1502.2627155241116,1359.175980764951,1430.7193481445313,-0.0022603054647595267,0.787186392517818,0.0,1470.863525390625,1
2024-02-22,RELIANCE.NS,1457.36346935178,1474.0399663973683,1447.2880175600008,1470.863525390625,18493728,65.73201918637889,33.47217039724228,36.367994381449805,-2.8958239842075244,1431.4457133330898,1351.7972412109375,1495.722423516734,1379.402478827016,1437.562451171875,0.009572803224650261,0.45387605882003346,0.0,1482.6512451171875,1
2024-02-23,RELIANCE.NS,1478.556551746289,1486.5474563697878,1472.4517119404402,1482.6512451171875,14438584,67.83792205235324,33.58697115899122,35.81178973695809,-2.2248185779668717,1436.322430645861,1357.387861328125,1487.0962445071068,1401.9804034421118,1444.5383239746093,0.008014149187248298,-0.21927131187394988,0.0,1476.3974609375,0
2024-02-26,RELIANCE.NS,1482.5768223248915,1483.5446346905887,1471.607959051116,1476.3974609375,7513106,65.53683496183442,32.795279899201205,35.208487769406716,-2.413207870205511,1440.1391001974457,1362.75513671875,1491.0838152513065,1401.8914655104122,1446.4876403808594,-0.004217973849401924,-0.47965077461889616,0.0,1474.73486328125,0
2024-02-27,RELIANCE.NS,1472.1291493159845,1488.9297276070065,1467.1907251784094,1474.73486328125,10826044,64.90649098422332,31.668644712836567,34.500519158092686,-2.831874445256119,1443.4339347768557,1367.7893774414063,1490.4126253755194,1410.3078336088556,1450.3602294921875,-0.001126117932493731,0.4409545133530659,0.0,1444.930419921875,0
2024-02-28,RELIANCE.NS,1472.1042938560004,1480.3185210789975,1439.5205099276588,1444.930419921875,8647950,54.74188740414468,28.047494658238065,33.20991425812176,-5.162419599883698,1443.5764571716195,1371.9153369140624,1488.7812802559692,1414.8178774588746,1451.799578857422,-0.020210035106284052,-0.20119020391936338,0.0,1450.0675048828125,1
2024-02-29,RELIANCE.NS,1454.2365988812116,1468.1088998815817,1443.8385832706604,1450.0675048828125,23628976,56.020311308772214,25.30057766467303,31.628046939432018,-6.32746927475899,1444.194652191733,1375.8919067382812,1486.703536267153,1420.2855384398783,1453.4945373535156,0.0035552472908801924,1.7323210703114613,0.0,1481.1622314453125,1
2024-03-01,RELIANCE.NS,1452.7475417409498,1488.979373154373,1451.7548888255135,1481.1622314453125,12132926,62.859184573039634,25.340600057439133,30.370557563033444,-5.029957505594311,1447.715374025407,1380.1220971679688,1490.357076144687,1420.0491982693754,1455.2031372070312,0.021443640697963895,-0.4865234109171722,0.0,1496.3250732421875,1
2024-03-04,RELIANCE.NS,1479.524373681886,1501.337897909408,1476.2982516112518,1496.3250732421875,10024420,65.66314251806673,26.29274629132351,29.55499530869146,-3.2622490173679495,1452.34486918891,1384.9627709960937,1495.809869364993,1421.3836731154759,1458.5967712402344,0.010237124249434348,-0.17378380120343595,0.0,1489.177978515625,0
2024-03-05,RELIANCE.NS,1494.712091681268,1496.3251528023525,1475.1320355384912,1489.177978515625,7107668,63.23964218899803,26.16895876086528,28.877787999126227,-2.7088292382609467,1455.8527843628829,1389.3091015625,1496.5309074750178,1427.8494392046698,1462.1901733398438,-0.004776431842498208,-0.2909646642898043,0.0,1491.957275390625,1
2024-03-06,RELIANCE.NS,1482.477391937893,1497.9131926576536,1467.6372798835923,1491.957275390625,7805676,63.799180599375006,25.995462768217294,28.301322952944442,-2.3058601847271483,1459.2913073179059,1393.6862036132814,1498.860091796266,1431.5605380865466,1465.2103149414063,0.0018663295556990978,0.09820492459692831,0.0,1468.059326171875,0
2024-03-07,RELIANCE.NS,1491.9325571368477,1492.056638756749,1464.7091224345347,1468.059326171875,8315726,55.917667522841,23.65689915802909,27.372438193961372,-3.715539035932281,1460.1263567325695,1397.4563012695312,1498.1556655679708,1435.123814412498,1466.6397399902344,-0.016017850921698162,0.06534347569640353,0.0,1455.8248291015625,0
2024-03-11,RELIANCE.NS,1478.060279979328,1478.060279979328,1452.747629113329,1455.8248291015625,11277130,52.35202227201659,20.57912563266541,26.01377568170218,-5.434650049036772,1459.7166874343784,1400.89435546875,1497.9309086132507,1435.929284257843,1466.9300964355468,-0.008333789276905645,0.3561209207710787,0.0,1464.5849609375,1
2024-03-12,RELIANCE.NS,1455.8247263461558,1477.0675227494196,1454.261346490045,1464.5849609375,9432678,54.585064770533066,18.632058593920647,24.537432264145878,-5.905373670225231,1460.1803325299138,1404.3219873046876,1496.8744098724733,1439.2763347564328,1468.075372314453,0.006017298002358951,-0.16355686242864986,0.0,1421.6527099609375,0
2024-03-13,RELIANCE.NS,1468.9029635812572,1472.2034859914554,1417.2850129833478,1421.6527099609375,13522134,43.76085870368305,13.469452618495325,22.323836335015766,-8.854383716520442,1456.5110351423923,1407.095458984375,1501.2544354448921,1431.6280108441704,1466.4412231445312,-0.029313595401854298,0.43354135485171863,0.0,1420.957763671875,0
2024-03-14,RELIANCE.NS,1429.1223094125826,1437.8825438227764,1415.0266869213976,1420.957763671875,18571102,43.610107204450514,9.215740510775504,19.702217170167714,-10.48647665939221,1453.1250092880573,1409.8024194335937,1503.9382003967821,1423.9909011657178,1463.96455078125,-0.0004888298556977588,0.3733854434514552,0.0,1407.80517578125,0
2024-03-15,RELIANCE.NS,1415.4733954219128,1422.694969713975,1402.5193474045138,1407.80517578125,19223818,40.748979779766415,4.728828110195536,16.70753935817328,-11.978711247977742,1448.8088346683614,1412.0334057617188,1508.2495946458641,1414.480483479136,1461.3650390625,-0.009256142741806528,0.03514686419793511,0.0,1428.899169921875,1
2024-03-18,RELIANCE.NS,1409.56727675182,1431.1326391984185,1406.1178317705178,1428.899169921875,9169392,46.77958119809598,2.8422629060282816,13.93448406774428,-11.092221161716,1446.912676121077,1414.9681860351564,1509.0828912301963,1411.5527044729288,1460.3177978515625,0.014983603202708196,-0.5230192046137765,0.0,1414.778564453125,0
2024-03-19,RELIANCE.NS,1418.252849649116,1427.0378036957163,1406.8373411480031,1414.778564453125,8275764,43.58179730552447,0.20536422826421585,11.188660099848269,-10.983295871584053,1443.852284533653,1417.488037109375,1510.5076486468322,1405.2887624859802,1457.8982055664062,-0.009882156674163367,-0.09745771584419116,0.0,1433.1427001953125,1
2024-03-20,RELIANCE.NS,1417.4587350761735,1434.3835163859578,1413.562644941621,1433.1427001953125,8488806,48.51133582476889,-0.39797706095760077,8.871332667687096,-9.269309728644696,1442.8323241204776,1420.2654809570313,1510.2279426085622,1402.8610100281564,1456.5444763183593,0.012980219098305268,0.025742880053128525,0.0,1440.3145751953125,1
2024-03-21,RELIANCE.NS,1441.8532357214951,1447.1887452733042,1434.060934378195,1440.3145751953125,13006936,50.33637558026883,-0.29402961449659415,7.038260211250358,-7.332289825746952,1442.592538508557,1423.3883642578126,1509.8605813231104,1401.568154028452,1455.7143676757812,0.0050042992920542595,0.5322456420844108,0.0,1444.3348388671875,1
2024-03-22,RELIANCE.NS,1439.321893152815,1449.2732629085035,1436.716179238339,1444.3348388671875,19527608,51.376800502900664,0.11146625173500979,5.652901419347288,-5.541435167612279,1442.7584718760456,1426.6596533203126,1508.2838894088807,1400.491977290338,1454.3879333496093,0.0027912400118077496,0.5013226789153111,0.0,1430.983642578125,0
2024-03-26,RELIANCE.NS,1434.3835274360674,1441.7291835759677,1428.4276096750873,1430.983642578125,11415906,47.79573851087563,-0.6371605228721364,4.394889030903403,-5.03204955377554,1441.637059561958,1428.9730297851563,1504.982254140527,1398.6268523047856,1451.8045532226563,-0.009243837322053361,-0.41539660157045344,0.0,1481.8818359375,1
2024-03-27,RELIANCE.NS,1437.3613782559069,1488.979328303771,1436.368725370371,1481.8818359375,16326644,59.41081314550322,2.8438243578600577,4.084676096294735,-1.240851738434677,1445.4698954072478,1431.612490234375,1505.8145464282893,1398.3429975170234,1452.0787719726563,0.03556867587086776,0.4301662960434327,0.0,1474.933349609375,0
2024-03-28,RELIANCE.NS,1481.90676076149,1494.8856495085238,1467.786296896486,1474.933349609375,21854364,57.52900462030019,4.984388254106534,4.2646185278570945,0.7197697262494396,1448.2759386645935,1433.8980737304687,1505.841274938764,1398.336117639361,1452.0886962890625,-0.004688961130108638,0.338570498627887,0.0,1473.8662109375,0
2024-04-01,RELIANCE.NS,1481.5095896793896,1482.99856900626,1471.60790139039,1473.8662109375,5013880,57.22919682507796,6.519538213191481,4.715602464923972,1.8039357482675094,1450.7131074524893,1435.69775390625,1507.992540077271,1399.0784316024162,1453.5354858398437,-0.0007235165386677567,-0.7705776292551914,0.0,1476.025146484375,1
2024-04-02,RELIANCE.NS,1473.0968689675983,1483.0233977342266,1464.1629930776332,1476.025146484375,8910166,57.709376366110845,7.820217077032339,5.336525387345645,2.483691689686694,1453.1237778364784,1437.9277465820312,1510.1287958813778,1399.5379399584658,1454.8333679199218,0.001464811073660366,0.7770999704819421,0.0,1460.7880859375,0
2024-04-03,RELIANCE.NS,1471.186101560143,1473.5436523631188,1458.1079713887636,1460.7880859375,7008292,53.17218638481333,7.534656176563885,5.776151545189293,1.758504631374592,1453.8537119413377,1440.112080078125,1507.8691074349188,1399.7602138541436,1453.8146606445312,-0.010323035879955644,-0.21344989532181557,0.0,1452.1767578125,0
2024-04-04,RELIANCE.NS,1468.8780939901114,1468.8780939901114,1439.3466709144527,1452.1767578125,14490272,50.74401659435956,6.538117544555234,5.9285447450624815,0.6095727994927529,1453.6940020243055,1441.9976245117186,1502.0205565035567,1401.1939332425372,1451.607244873047,-0.005894987923230066,1.0675896495180281,0.0,1449.3724365234375,0
2024-04-05,RELIANCE.NS,1450.1417667351743,1459.9938949751336,1445.3025839763254,1449.3724365234375,7442298,49.9441429037457,5.459138655454353,5.834663527140856,-0.37552487168650295,1453.2824243575562,1443.8370092773437,1496.9914761741113,1402.2424593727635,1449.6169677734374,-0.0019311156675492214,-0.48639349213044447,0.0,1475.057373046875,1
2024-04-08,RELIANCE.NS,1452.226356281804,1480.0206375610207,1450.265891033407,1475.057373046875,8357118,56.67956465917121,6.600513223920643,5.987833466496814,0.6126797574238294,1455.3562289946342,1446.9618798828126,1493.6316482400632,1403.9122970724368,1448.77197265625,0.01772141919922743,0.12292171047168488,0.0,1452.896484375,0
2024-04-09,RELIANCE.NS,1478.060211901015,1478.8543827139297,1451.7549092714803,1452.896484375,7071414,50.380633319363376,5.6517128553171005,5.920609344260871,-0.2688964889437706,1455.1219676022881,1449.3397802734376,1492.0489676052264,1403.9786935275863,1448.0138305664063,-0.015023746924568426,-0.15384538066831177,0.0,1468.7044677734375,1
2024-04-10,RELIANCE.NS,1455.5766564963697,1476.0749645358123,1455.5766564963697,1468.7044677734375,9138330,54.28352987930202,6.104979471752813,5.9574833697592595,0.14749610199355345,1456.4155390471597,1451.8511938476563,1493.5003436182126,1403.8152813817876,1448.6578125,0.010880323249758295,0.29229175381331096,0.0,1456.370849609375,0
2024-04-12,RELIANCE.NS,1465.0317226594827,1475.5538200544618,1452.325715995779,1456.370849609375,15551012,50.91834582842078,5.4066521014935915,5.847317116106126,-0.4406650146125344,1456.4112829102278,1452.2303881835937,1492.6468958706917,1403.847317996496,1448.2471069335938,-0.008397617379594657,0.7017345620042175,0.0,1454.062744140625,0
2024-04-15,RELIANCE.NS,1450.2658952456557,1471.2356878788278,1435.6986653849476,1454.062744140625,12902062,50.29003790199764,4.613792875418767,5.600612267968655,-0.9868193925498883,1456.187612551218,1453.3659814453124,1492.601074353429,1407.134142931727,1449.867608642578,-0.001584833608396563,-0.17033939656145847,0.0,1454.98095703125,1
2024-04-16,RELIANCE.NS,1442.6720371000315,1460.3661473678603,1440.2649265731254,1454.98095703125,9366184,50.551449131528926,4.013275787855491,5.283144971946022,-1.2698691840905312,1456.0726929778878,1454.1427319335937,1492.2215265675159,1410.9160100535778,1451.5687683105468,0.0006314809277145894,-0.2740552634144837,0.0,1453.5665283203125,0
2024-04-18,RELIANCE.NS,1452.7476380801534,1475.082330158598,1448.628103973215,1453.5665283203125,19005692,50.1142648560808,3.3842179356115594,4.90335956467913,-1.5191416290675708,1455.8340106295473,1454.8906958007813,1489.204446080688,1418.5092257943118,1453.8568359375,-0.0009721286757068404,1.029182001976472,0.0,1459.323974609375,1
2024-04-19,RELIANCE.NS,1446.0720814485835,1463.1705049395248,1432.42310285773,1459.323974609375,15741778,51.936400608245265,3.3120832204672297,4.58510429583675,-1.2730210753695204,1456.1663881514355,1455.1373706054687,1488.868339800191,1421.8878125435588,1455.378076171875,0.003960910062861478,-0.17173349962737483,0.0,1468.9774169921875,1
2024-04-22,RELIANCE.NS,1461.6317610616636,1471.930535229808,1457.0160218672338,1468.9774169921875,10350362,54.91025133017857,3.9878980557155046,4.465663047812502,-0.4777649920969971,1457.386486136269,1455.94787109375,1486.3642799646516,1429.8117576330048,1458.0880187988282,0.006615009792733995,-0.3424909181161111,0.0,1448.603271484375,0
2024-04-23,RELIANCE.NS,1468.1337674689391,1482.527235777458,1444.8561033979945,1448.603271484375,14605554,48.140190705408074,2.846648520820054,4.1418601424140125,-1.2952116215939586,1456.5499895027554,1456.5737377929688,1485.1421233524723,1432.57997137409,1458.8610473632812,-0.013869611113239366,0.41111528273117415,0.0,1439.5205078125,0
2024-04-24,RELIANCE.NS,1452.7475596039474,1457.7605053579202,1438.8504186169605,1439.5205078125,10462776,45.44992256804805,1.1955157601591964,3.5525912659630494,-2.357075505803853,1454.9281341036833,1456.7330590820313,1485.2165257091274,1432.4261622791537,1458.8213439941405,-0.006270014606944763,-0.283644016515909,0.0,1449.2484130859375,1
2024-04-25,RELIANCE.NS,1431.9018276580116,1457.189636393573,1430.9091747445573,1449.2484130859375,15943926,48.75316759831754,0.6642843511388037,2.9749298829982007,-2.310645531859397,1454.3872082924695,1456.9286108398437,1485.0058087354064,1433.12823667475,1459.0670227050782,0.006757739970109977,0.5238714849672783,0.0,1441.8780517578125,0
2024-04-26,RELIANCE.NS,1453.194198141131,1454.236532179651,1439.3467383348082,1441.8780517578125,9413848,46.4577700735049,-0.34744183710245125,2.3104555389780703,-2.6578973760805216,1453.1958600510736,1456.7658178710938,1483.5489659726427,1435.6745203554824,1459.6117431640625,-0.00508564388380528,-0.40956524760589075,0.0,1454.2613525390625,1
2024-04-29,RELIANCE.NS,1439.3467183436048,1457.1152296530197,1439.3467183436048,1454.2613525390625,7247974,50.66095176961002,-0.14830369619926387,1.8187036919426036,-1.9670073881418675,1453.2973355261202,1457.0174560546875,1479.9538783936496,1436.5075595946319,1458.2307189941407,0.008588313530505154,-0.2300731858003231,0.0,1456.221923828125,1
2024-04-30,RELIANCE.NS,1457.214576809603,1472.178772035999,1452.1272302795285,1456.221923828125,11474262,51.312623650003594,0.1658051346466891,1.4881239804834208,-1.3223188458367316,1453.5758677453587,1457.0551806640624,1477.6275346150992,1436.962760795057,1457.295147705078,0.0013481560832511175,0.583099221934295,0.0,1455.775146484375,0
2024-05-02,RELIANCE.NS,1461.1850562736174,1466.4708844514234,1453.3679147531318,1455.775146484375,14512646,51.14683676172697,0.37437192188053814,1.2653735687628445,-0.8910016468823063,1453.7853228633603,1456.760859375,1475.2499461345842,1437.5312428302595,1456.3905944824219,-0.00030680580785069633,0.26479994966125053,0.0,1423.46435546875,0
2024-05-03,RELIANCE.NS,1460.1925152681529,1464.1134460205978,1405.745524232649,1423.46435546875,17226958,40.8640941082748,-2.043986396170112,0.6035015757762532,-2.647487971946365,1450.8976116829213,1456.03423828125,1475.39061757885,1432.1344922844312,1453.7625549316406,-0.022194904957440698,0.18703081436700097,0.0,1409.095703125,0
2024-05-06,RELIANCE.NS,1424.9533097670264,1429.4202480421582,1407.5818831415145,1409.095703125,7394208,37.27517998453109,-5.061635562848551,-0.5295258519487076,-4.532109710899843,1446.916477534548,1455.2192724609374,1479.991231026786,1422.3646405552454,1451.1779357910157,-0.010094142707927745,-0.5707769183624875,0.0,1391.17822265625,0
2024-05-07,RELIANCE.NS,1405.571689953147,1410.311631866643,1381.772860502106,1391.17822265625,14517472,33.342691730066335,-8.797522832678396,-2.1831252480946457,-6.614397584583751,1441.6080723080433,1453.7794287109375,1487.0226276275057,1409.2333904389006,1448.1280090332032,-0.012715588039204029,0.96335726557868,0.0,1408.1278076171875,1
2024-05-08,RELIANCE.NS,1387.2324157830617,1422.42191231512,1387.2324157830617,1408.1278076171875,9439002,39.81155027148002,-10.272139724319914,-3.800928143339699,-6.471211580980214,1438.419475670819,1452.7376391601563,1488.6741531045514,1403.4574020712298,1446.0657775878906,0.012183618665748464,-0.3498177919681884,0.0,1383.8822021484375,0
2024-05-09,RELIANCE.NS,1402.6185253372132,1413.2895438420787,1379.7875090012217,1383.8822021484375,11009612,34.633825143596766,-13.244527301041217,-5.689647974880003,-7.554879326161213,1433.2254496210685,1451.2769482421875,1489.8557670693704,1393.1582710165671,1441.5070190429688,-0.017218327297845226,0.1663957693832463,0.0,1397.0845947265625,1
2024-05-10,RELIANCE.NS,1386.4879762578594,1399.6406275450738,1377.8766636438304,1397.0845947265625,10505096,39.265813037895285,-14.36920388852468,-7.425559157608939,-6.943644730915741,1429.7834634406393,1449.8013696289063,1490.4385488187268,1386.9943003023668,1438.7164245605468,0.009540112993453143,-0.04582504814883581,0.0,1392.394287109375,0
2024-05-13,RELIANCE.NS,1389.614931468387,1396.6379028351903,1373.8317248456565,1392.394287109375,8456620,38.229371359521444,-15.460764741188768,-9.032600274324906,-6.428164466863862,1426.2225895043282,1447.99623046875,1488.4381664607843,1381.3636645939034,1434.9009155273438,-0.0033572108910882026,-0.1949983131996128,0.0,1409.6416015625,1
2024-05-14,RELIANCE.NS,1390.681954289976,1416.590172271951,1389.7389824487905,1409.6416015625,7188300,44.07512043634947,-14.763931039850604,-10.178866427430046,-4.585064612420558,1424.6434477955827,1446.66111328125,1486.2283701063147,1378.9005361436853,1432.564453125,0.012386803517364653,-0.14997954265415736,0.0,1405.86962890625,0
2024-05-15,RELIANCE.NS,1410.063563528233,1419.468926315315,1402.6435067088078,1405.86962890625,5046534,43.114150676362385,-14.350626886995087,-11.013218519343056,-3.3374083676520314,1422.8554650442177,1445.28380859375,1484.0684101796467,1376.2411845469157,1430.1547973632812,-0.002675838065554381,-0.29795167146613244,0.0,1414.8778076171875,1
2024-05-16,RELIANCE.NS,1408.1278405018506,1417.012035618308,1387.75361519461,1414.8778076171875,14711774,46.134650645550714,-13.144672033748748,-11.439509222224194,-1.7051628115245538,1422.0956881464053,1444.6827563476563,1481.196832686846,1375.1024470983102,1428.149639892578,0.006407549125266865,1.9152233988713836,0.0,1425.15185546875,1
2024-05-17,RELIANCE.NS,1412.5948920294334,1426.6408349602225,1402.8668442157614,1425.15185546875,10916476,49.43253231426022,-11.23045661317451,-11.397698700414256,0.16724208723974598,1422.3867517009144,1444.184443359375,1478.4833691091617,1374.9744433908381,1426.72890625,0.007261438264315689,-0.25797691019451496,0.0,1425.57373046875,1
2024-05-21,RELIANCE.NS,1415.1260338425998,1431.231803864575,1415.1260338425998,1425.57373046875,11176128,49.56906903330121,-9.56907892909885,-11.031974746151175,1.462895817052324,1422.6902734883274,1443.0726733398437,1474.5884709092327,1375.4943171767047,1425.0413940429687,0.0002960210860205592,0.023785331456781522,0.0,1449.91845703125,1
2024-05-22,RELIANCE.NS,1425.722543020764,1457.9837617014118,1425.722543020764,1449.91845703125,10281604,56.81532550992566,-6.216350944519945,-10.06884998582493,3.852499041304984,1425.2834338257485,1442.144541015625,1470.87497419683,1377.301917893014,1424.088446044922,0.017077143077331547,-0.08003881129493151,0.0,1475.1319580078125,1
2024-05-23,RELIANCE.NS,1447.8340020088174,1481.2615172416956,1444.3100355832012,1475.1319580078125,14608260,62.78022813607053,-1.5073947425794358,-8.356558937175832,6.849164194596396,1430.0309123192785,1441.8636206054687,1476.2364721786953,1374.593288563492,1425.4148803710937,0.01738959929387196,0.4208152735701549,0.0,1469.37451171875,0
2024-05-24,RELIANCE.NS,1472.724715385057,1477.5638984586112,1465.2549777906745,1469.37451171875,7094776,60.717835199737856,1.7398532300990155,-6.3372765037208625,8.077129733819877,1433.777921785895,1441.4119653320313,1480.9503198651073,1372.8648412677053,1426.9075805664063,-0.003903004241625929,-0.5143312071389747,0.0,1455.4774169921875,0
2024-05-27,RELIANCE.NS,1469.3497180106694,1473.990419113941,1450.8119965034373,1455.4774169921875,6629010,55.94082472225354,3.1555658432682776,-4.438708034323035,7.594273877591313,1435.8445403769704,1441.1603271484375,1481.8418668026711,1372.5961947207666,1427.2190307617188,-0.009457830264325784,-0.06564914804921251,0.0,1445.501220703125,0
2024-05-28,RELIANCE.NS,1457.2145743340495,1467.637430621861,1442.0766163922278,1445.501220703125,7820162,52.73343573469149,3.432959601543871,-2.8643745071496545,6.2973341086935255,1436.7642242175566,1440.9538549804688,1482.239894333307,1372.5604840846618,1427.4001892089843,-0.006854243269317606,0.17968776634821793,0.0,1430.1895751953125,0
2024-05-29,RELIANCE.NS,1435.87248908715,1447.287997987601,1427.8815843874524,1430.1895751953125,7383556,48.168569253750015,2.3897270400079833,-1.813554197718127,4.20328123772611,1436.1380671678191,1440.265947265625,1479.664819586736,1372.728381096858,1426.196600341797,-0.010592620254145868,-0.055830812712064026,0.0,1414.3814697265625,0
2024-05-30,RELIANCE.NS,1424.9532474164846,1429.817270893488,1409.6663684202383,1414.3814697265625,13206858,43.93954470382005,0.28410078443153,-1.3940232012881957,1.6781239857197257,1434.066010268652,1440.1205224609375,1475.959757565342,1372.2493977080953,1424.1045776367187,-0.011053153891567913,0.7886852893104623,0.0,1419.8907470703125,1
2024-05-31,RELIANCE.NS,1420.7841589242364,1431.653659822201,1411.800601617005,1419.8907470703125,31069832,45.72789511761589,-0.9293574998882832,-1.3010900610082132,0.37173256111993,1432.7159852021437,1440.0991821289062,1472.1002067479162,1372.5205085841149,1422.3103576660155,0.003895184900022164,1.3525528933528324,0.0,1499.228515625,1
2024-06-03,RELIANCE.NS,1472.1043222829317,1503.3728901534053,1448.2806515244756,1499.228515625,21527942,63.6909698447554,4.45945709083162,-0.14898063064024658,4.608437721471867,1439.0505119090824,1441.9276489257813,1486.1372303369562,1366.0599010106998,1426.098565673828,0.055875967019565875,-0.3071110909128829,0.0,1387.0091552734375,0
2024-06-04,RELIANCE.NS,1487.0437791255476,1487.0437791255476,1349.3131842665357,1387.0091552734375,36709098,42.342949484148875,-0.32132896546181655,-0.18345029760456058,-0.13787866785725597,1434.0941922294971,1441.0898486328124,1487.0227803622206,1362.9656962002796,1424.99423828125,-0.07485140469382034,0.705183802520464,0.0,1410.3116455078125,1
2024-06-05,RELIANCE.NS,1411.5524616660985,1420.6352601794422,1373.9308915121778,1410.3116455078125,17464890,46.363275082132645,-2.2044090881295233,-0.5876420557095532,-1.61676703241997,1431.8291877798129,1441.0005102539062,1486.4347112020782,1365.467107645578,1425.950909423828,0.016800530945147996,-0.5242353816484404,0.0,1421.0819091796875,1
2024-06-06,RELIANCE.NS,1424.4569533735907,1433.0929853880773,1410.9072166555904,1421.0819091796875,17855722,48.16240423211029,-2.7954689586954373,-1.02920743630673,-1.7662615223887073,1430.8056374369437,1440.7592944335938,1486.5804536797514,1366.6167753241548,1426.598614501953,0.007636796949228142,0.022378154113767756,0.0,1459.1500244140625,1
2024-06-07,RELIANCE.NS,1418.004611799037,1461.1850112482905,1416.0193060772324,1459.1500244140625,18558696,54.03160723210379,-0.189920132508405,-0.861349975547065,0.67142984303866,1433.505102863336,1441.1360034179688,1488.5698148941215,1372.1541963363475,1430.3620056152345,0.026788121774310447,0.039369676566425094,0.0,1460.5894775390625,1
2024-06-10,RELIANCE.NS,1459.150058153404,1482.3781598703026,1457.2888339961758,1460.5894775390625,9251760,54.242575282257555,1.9684567769829755,-0.29538862504105695,2.2638454020240326,1436.0845671181671,1441.4610961914063,1491.0618806223629,1376.012618889356,1433.5372497558594,0.0009865011142895508,-0.5014865268551196,0.0,1445.9727783203125,0
2024-06-11,RELIANCE.NS,1458.20717740815,1462.847878399236,1443.9874724286744,1445.9727783203125,11774902,51.650382038076664,2.4710557652372245,0.2579002530145993,2.213155512222625,1437.0263015183714,1441.76087890625,1490.739164038106,1381.6931845947065,1436.2161743164063,-0.010007397316991185,0.272720217558605,0.0,1452.57373046875,1
2024-06-12,RELIANCE.NS,1446.7915758989443,1465.155654220818,1444.4837064170613,1452.57373046875,10081742,52.74858806312979,3.363241403029633,0.8789684830176061,2.4842729200120273,1438.507009037455,1441.174716796875,1491.9033922310814,1384.8221692923562,1438.3627807617188,0.0045650597628161815,-0.1437939780730234,0.0,1454.4847412109375,1
2024-06-13,RELIANCE.NS,1461.1851486521073,1461.433311890669,1449.3725542618724,1454.4847412109375,9181160,53.080851174280035,4.176365008619769,1.5384477881380387,2.6379172204817296,1440.028697815882,1440.7657446289063,1492.5987998480912,1388.9882729058152,1440.7935363769532,0.001315603264813836,-0.0893280149402752,0.0,1466.6944580078125,1
2024-06-14,RELIANCE.NS,1459.199879544848,1468.8038455887872,1446.518713499826,1466.6944580078125,8157998,55.246183500193816,5.739828261654793,2.3787238828413897,3.3611043788134034,1442.5682940246375,1440.6223095703126,1494.9283522463636,1391.8403855466051,1443.3843688964844,0.008394530689067148,-0.11144147362642631,0.0,1470.1439208984375,1
2024-06-18,RELIANCE.NS,1476.4224025999808,1476.4720837189377,1460.5399547367645,1470.1439208984375,7196766,55.86588060908864,7.174523539363008,3.3378838141457137,3.8366397252172946,1445.1945442030947,1440.5046850585939,1497.723022606107,1393.5449217298305,1445.6339721679688,0.0023518619517457484,-0.11782694724857745,0.0,1447.9332275390625,0
2024-06-19,RELIANCE.NS,1476.571240472528,1476.571240472528,1445.3026730272272,1447.9332275390625,8725874,50.97176331600568,6.44501839164127,3.9593107296448253,2.4857076619964444,1445.4553711874726,1440.247587890625,1498.024204238235,1395.4796898047337,1446.7519470214843,-0.015107836072132064,0.21247154624730058,0.0,1462.87255859375,1
2024-06-20,RELIANCE.NS,1448.2806091505108,1471.9553570393568,1439.4459739347103,1462.87255859375,16113776,53.897314286093064,6.991762780077806,4.5658011397314215,2.425961640346385,1447.1141509404515,1440.46150390625,1499.1406971121726,1395.658607087046,1447.3996520996093,0.0103176933649618,0.8466661333867531,0.0,1443.515869140625,0
2024-06-21,RELIANCE.NS,1462.7982011333013,1463.8652545834836,1429.9909727182371,1443.515869140625,31170360,49.754650485820555,5.796322184671226,4.811905348719383,0.9844168359518433,1446.7714574357062,1440.3443725585937,1495.9819871518675,1395.6557081606325,1445.81884765625,-0.013231972490982069,0.9343920382162443,0.0,1430.88427734375,0
2024-06-24,RELIANCE.NS,1434.9045699529108,1438.8503408924523,1426.9385064042085,1430.88427734375,8878386,47.20482398465727,3.786020125446157,4.606728304064738,-0.820708178618581,1445.2583926650436,1439.4609106445312,1493.2416762795394,1394.5469955954607,1443.8943359375,-0.008750573559260566,-0.715165753619785,0.0,1443.46630859375,1
2024-06-25,RELIANCE.NS,1432.3982039886682,1445.2282918111714,1430.412898092634,1443.46630859375,7045386,49.955927643480585,3.1715464166466063,4.319691926581112,-1.1481455099345057,1445.087717991587,1439.2723071289063,1492.3541557680894,1394.233405267067,1443.2937805175782,0.008793185758779076,-0.20645644377255057,0.0,1502.9013671875,1
2024-06-26,RELIANCE.NS,1435.425808927042,1507.8149506909176,1434.5075565031482,1502.9013671875,22014882,60.44220626940161,7.395236402511273,4.934800821767144,2.4604355807441287,1450.5937798197692,1439.9562451171876,1501.694058603289,1390.6335170803047,1446.1637878417969,0.0411752309284259,2.124723329566329,0.0,1519.3050537109375,1
2024-06-27,RELIANCE.NS,1502.6284353235128,1526.2039433921725,1494.935374795845,1519.3050537109375,28383030,62.76144281018715,11.928675214930081,6.333575700399733,5.595099514530348,1457.1377106665473,1441.2149291992187,1514.047388045853,1387.191735489303,1450.619561767578,0.010914679353931867,0.2892655976988656,0.0,1553.89892578125,1
2024-06-28,RELIANCE.NS,1519.7764812043604,1569.3842873036351,1519.7764812043604,1553.89892578125,28957336,67.1372598339928,18.10420054405904,8.687700669131594,9.416499874927446,1466.3530644869952,1443.2116528320312,1533.0879738321923,1382.1028953084328,1457.5954345703126,0.022769536628484355,0.020234132860374565,0.0,1548.6875,0
2024-07-01,RELIANCE.NS,1551.0450507194453,1567.7960689891884,1544.2454023527885,1548.6875,7724306,65.88131480595987,22.320533140808948,11.414267163467066,10.906265977341882,1474.1944392977578,1445.0857836914063,1547.1524282888677,1380.918116144726,1464.0352722167968,-0.0033537739776928754,-0.7332521886681841,0.0,1553.675537109375,1
2024-07-02,RELIANCE.NS,1557.968712393485,1561.939323957406,1545.5605512562322,1553.675537109375,7749246,66.52676466767144,25.76746866959934,14.284907464693521,11.482561204905817,1481.764067660769,1447.0879638671875,1557.52204029299,1375.9932062890412,1466.7576232910155,0.0032208157613302646,0.0032287690311596506,0.0,1541.019287109375,0
2024-07-03,RELIANCE.NS,1554.8170660210362,1563.4283787351976,1531.440162014497,1541.019287109375,9049620,63.25683983410657,27.16479743238824,16.860885458232467,10.303911974155774,1487.4074218939695,1448.7218701171876,1562.9566242147007,1385.9596355509243,1474.4581298828125,-0.008146005840799275,0.16780651949880032,0.0,1542.6075439453125,1
2024-07-04,RELIANCE.NS,1545.5606622734106,1555.983518377374,1539.4062623766438,1542.6075439453125,6837176,63.49930140496203,28.076698889492945,19.104048144484565,8.97265074500838,1492.6645763750498,1450.19447265625,1569.1801077550886,1392.9657418542865,1481.0729248046875,0.001030653444264562,-0.2444792157018748,0.0,1576.9532470703125,1
2024-07-05,RELIANCE.NS,1542.4088769403463,1586.755694667964,1536.6267221432645,1576.9532470703125,12269710,68.36136377396878,31.2110173870592,21.525441992999493,9.685575394059708,1500.6920688222176,1452.7614721679688,1581.8113129433611,1395.9216704550765,1488.8664916992188,0.022264705796238182,0.7945581626098261,0.0,1589.1380615234375,1
2024-07-08,RELIANCE.NS,1577.325467706802,1596.9800437158897,1570.8980643748455,1589.1380615234375,9500806,69.89354508448181,34.28300690834135,24.076954976067864,10.206051932273486,1509.1154966985243,1455.7538232421875,1596.8746850735054,1393.8571020358697,1495.3658935546875,0.007726807675346281,-0.22566988135823907,0.0,1578.5911865234375,0
2024-07-09,RELIANCE.NS,1585.8623208770043,1588.7410386525216,1568.887979750272,1578.5911865234375,6960002,66.87468013426309,35.45780061409414,26.353124103673117,9.104676510421022,1515.7322290628017,1458.3406787109375,1607.606003351031,1394.9259546567816,1501.2659790039063,-0.006636852552564965,-0.26743036327654723,0.0,1572.5855712890625,0
2024-07-10,RELIANCE.NS,1583.281430895477,1585.7630632323037,1551.6654591589945,1572.5855712890625,7134578,65.1491066055003,35.49506511569825,28.181512306078147,7.313552809620106,1521.1468330843504,1460.9548291015626,1615.0848599864105,1400.108377318277,1507.5966186523438,-0.003804414522040611,0.025082751413002535,0.0,1569.036865234375,0
2024-07-11,RELIANCE.NS,1575.8365135146928,1592.463449956501,1558.9614138424097,1569.036865234375,11940946,64.09664978072479,34.83667112124567,29.512544069111655,5.324127052134017,1525.70778852721,1463.2503393554687,1620.9723789978627,1405.8671717833874,1513.419775390625,-0.002256606012083995,0.6736723601592134,0.0,1584.9937744140625,1
2024-07-12,RELIANCE.NS,1572.8586162043875,1593.3569240772113,1562.9320865975435,1584.9937744140625,12924784,66.70150649365112,35.19675210150717,30.64938567559076,4.547366425916412,1531.3540728973862,1465.8257763671875,1628.2371301724306,1411.653323929132,1519.9452270507813,0.010169875248472238,0.08239196458974019,0.0,1585.4901123046875,1
2024-07-15,RELIANCE.NS,1592.6620057625546,1594.0517441522056,1573.8512804915936,1585.4901123046875,5329688,66.78223605611333,35.11735814738586,31.542980169949782,3.5743779774360753,1536.509886174272,1468.4200756835937,1634.871750806756,1416.898268724494,1525.885009765625,0.00031314816413607893,-0.5876381377050479,0.0,1564.669189453125,0
2024-07-16,RELIANCE.NS,1581.792452589091,1588.24469666931,1557.5965372882697,1564.669189453125,9386838,60.18990650673567,32.99402877468901,31.833189890897632,1.1608388837913814,1539.1917245817817,1471.2441723632812,1637.700900048624,1423.521646338095,1530.6112731933595,-0.01313216821093699,0.7612359297579896,0.0,1575.0177001953125,1
2024-07-18,RELIANCE.NS,1564.4210812674708,1582.1895936713806,1546.379565062024,1575.0177001953125,12298374,62.18780056923,31.779973527369293,31.822546618191964,-0.042573090822671134,1542.6037222592608,1474.5626123046875,1638.621474777642,1435.3095188747016,1536.9654968261718,0.006613864970271832,0.31017217938564623,0.0,1543.7242431640625,0
2024-07-19,RELIANCE.NS,1574.3475621142547,1578.293333314245,1541.3915329908289,1543.7242431640625,13140390,53.45198480295744,27.970281550168693,31.052093604587313,-3.08181205441862,1542.7104385359085,1477.6135327148438,1636.8190999174494,1445.1970621919254,1541.0080810546874,-0.019868638319029297,0.06846563618897905,0.0,1489.6495361328125,0
2024-07-22,RELIANCE.NS,1525.9557698439748,1526.203933085127,1488.2597977476694,1489.6495361328125,19674376,42.37476269034789,20.353078653286047,28.912290614327063,-8.559211961041015,1537.6570192594231,1479.2439672851563,1631.5477623910947,1455.0817664174992,1543.314764404297,-0.03502873474372403,0.4972444501266706,0.0,1476.96826171875,0
2024-07-23,RELIANCE.NS,1489.9719903646578,1494.6870915999891,1452.2511804820083,1476.96826171875,18052044,40.26723981334414,13.141629095310009,25.758158310523655,-12.616529215213646,1531.8771375888828,1481.1056884765626,1623.8242920678904,1467.4136351782035,1545.618963623047,-0.008512924756103102,-0.08245913364672908,0.0,1484.7109375,1
2024-07-24,RELIANCE.NS,1474.0895996286229,1498.4095963901725,1465.552808673545,1484.7109375,11913362,42.15877893456859,7.959520198017572,22.198430688022437,-14.238910490004866,1527.3851185327987,1482.8582153320312,1616.6303556605228,1478.7320344761958,1547.6811950683593,0.005242276345356123,-0.340054677464779,0.0,1481.435302734375,0
2024-07-25,RELIANCE.NS,1470.119034748078,1489.4509269223795,1466.2228234080762,1481.435302734375,12519876,41.55918279932718,3.547452388943384,18.468235028206628,-14.920782639263244,1523.0089455996156,1484.6390356445313,1618.8992182988134,1474.3165653925928,1546.607891845703,-0.0022062441131743826,0.0509103979212584,0.0,1497.9381103515625,1
2024-07-26,RELIANCE.NS,1481.4352554076795,1501.3131545447015,1479.4002684339398,1497.9381103515625,9859940,45.74569225216228,1.3667405833309658,15.047936139231497,-13.681195555900532,1520.621247004563,1486.4049658203126,1620.0118949143139,1471.0671944411547,1545.5395446777343,0.011139742374659978,-0.21245705628394407,0.0,1508.931640625,1
2024-07-29,RELIANCE.NS,1500.8414953005092,1516.2772962786505,1500.6678537480493,1508.931640625,7538550,48.397665674334796,0.5196070755803248,12.142270326501265,-11.62266325092094,1519.5079511588904,1488.4662060546875,1619.317243449363,1467.2651173904806,1543.2911804199218,0.007339108470147293,-0.23543652395450687,0.0,1502.0328369140625,0
2024-07-30,RELIANCE.NS,1505.879367098864,1513.7957501477324,1498.9059558839842,1502.0328369140625,8228208,46.85003904809107,-0.7003548812288045,9.573745284955251,-10.274100166184056,1517.8436545641448,1490.209306640625,1619.0149768621127,1462.9019176691372,1540.958447265625,-0.004571978958622713,0.0914841713592136,0.0,1494.364501953125,0
2024-07-31,RELIANCE.NS,1492.9499231376883,1499.3524857083617,1490.1208866802615,1494.364501953125,10057346,45.12281018401657,-2.2599033071655867,7.207015566531084,-9.46691887369667,1515.607544791667,1491.5935595703124,1618.3638983438623,1457.621892671763,1537.9928955078126,-0.00510530447303148,0.22230089467840375,0.0,1504.1671142578125,1
2024-08-01,RELIANCE.NS,1500.8913109431162,1506.8472288436842,1493.2479314401046,1504.1671142578125,10764222,47.77348476596341,-2.6740430774582364,5.230803837733221,-7.904846915191458,1514.5179799789187,1493.1654272460937,1617.8382428724872,1454.4623308579817,1536.1502868652344,0.006559719728269409,0.07028454624112568,0.0,1488.309326171875,0
2024-08-02,RELIANCE.NS,1493.9426800961044,1498.2358556077295,1482.303848567256,1488.309326171875,10268248,44.065415121660685,-4.233046869272812,3.3380336963320145,-7.571080565604826,1512.0219177115812,1493.9332446289063,1617.6544442587642,1449.2163076943607,1533.4353759765625,-0.0105425706596185,-0.04607615859279013,0.0,1436.69140625,0
2024-08-05,RELIANCE.NS,1469.126390399314,1472.997761203301,1422.7198642160924,1436.69140625,17046704,34.6403253345391,-9.523917561820554,0.7656434447015008,-10.289561006522055,1504.8475832866689,1493.16443359375,1618.0150551415945,1434.8295127294991,1526.4222839355468,-0.03468225254936952,0.6601375424512537,0.0,1445.352294921875,1
2024-08-06,RELIANCE.NS,1444.4588830824964,1466.6446510309138,1440.6619130584993,1445.352294921875,10236186,37.07239210156008,-12.869754847834429,-1.9614362138056851,-10.908318634028744,1499.1813653471647,1492.6839892578125,1612.562021864591,1425.9039693463462,1519.2329956054687,0.0060283569834118644,-0.3995211039037224,0.0,1454.062744140625,1
2024-08-07,RELIANCE.NS,1458.207118491354,1461.6814036613468,1450.7622216985117,1454.062744140625,8174568,39.510259682307684,-14.649622814038366,-4.499073533852222,-10.150549280186144,1494.8843538036847,1492.6556958007814,1606.2802953067871,1419.732851665869,1513.006573486328,0.0060265232562009,-0.20140489826972663,0.0,1438.4781494140625,0
2024-08-08,RELIANCE.NS,1446.8164580997684,1454.2365143735713,1435.3017085687702,1438.4781494140625,12387192,36.76582530003176,-17.1203745285502,-7.023333732791818,-10.097040795758382,1489.5123343380064,1492.515234375,1600.7528036459403,1411.8496011392158,1506.301202392578,-0.010717965775110527,0.5153329203451484,0.0,1463.46826171875,1
2024-08-09,RELIANCE.NS,1449.2732763644294,1465.6520496932055,1445.3026646483625,1463.46826171875,6249776,43.53839613803381,-16.86753144833733,-8.992173275900921,-7.87535817243641,1487.0319464695058,1493.1808081054687,1592.6166429820141,1409.4289014515798,1501.022772216797,0.017372604731512142,-0.4954646702820139,0.0,1449.8936767578125,0
2024-08-12,RELIANCE.NS,1459.199797918004,1462.1777566892652,1447.0397996020206,1449.8936767578125,8184584,40.971398187178394,-17.560085311740067,-10.70575568306875,-6.854329628671318,1483.4949684017256,1493.8910522460938,1579.8220064830534,1408.7135281849155,1494.2677673339845,-0.009275626479931298,0.30958037536065297,0.0,1452.8717041015625,1
2024-08-13,RELIANCE.NS,1450.0178268110735,1459.2742672925806,1447.28803114191,1452.8717041015625,6265064,41.78234911918494,-17.665006125312402,-12.09760577151748,-5.5674003537949215,1480.5784670398052,1494.5506713867187,1563.9393696886125,1411.334324159044,1487.6368469238282,0.0020539625708344555,-0.23452871886952353,0.0,1451.109619140625,0
2024-08-14,RELIANCE.NS,1452.7972017764512,1461.1850703208015,1443.0194737625147,1451.109619140625,6267466,41.41975359515988,-17.686463612883244,-13.215377339790635,-4.4710862730926095,1477.7719100970262,1493.5882934570313,1551.0469899268098,1412.8707468895966,1481.9588684082032,-0.001212829017154804,0.0003833959238086493,0.0,1467.339599609375,1
2024-08-16,RELIANCE.NS,1457.8598362701878,1469.5235088888628,1447.337738823352,1467.339599609375,9416902,46.062709384488514,-16.207020597229075,-13.813705991278322,-2.393314605950753,1476.7783567172498,1495.19490234375,1531.0541169226049,1422.0958098352075,1476.5749633789062,0.011184530964905015,0.5025054782905882,0.0,1482.4791259765625,1
2024-08-19,RELIANCE.NS,1476.6025720306277,1492.3397678065596,1474.6105280885963,1482.4791259765625,13797742,50.040487219021585,-13.655505924935596,-13.782065978009777,0.12656005307418106,1477.3212871228986,1496.638251953125,1518.6307216503374,1428.394693388725,1473.5127075195312,0.01031767040923448,0.46521032076154123,0.0,1489.9990234375,1
2024-08-20,RELIANCE.NS,1491.268975771349,1497.942395948273,1484.0976661921163,1489.9990234375,8411808,51.93654133808379,-10.900959806740047,-13.205844743755833,2.3048849370157853,1478.5286905814323,1498.0165942382812,1518.673445531343,1428.3869182381882,1473.5301818847656,0.005072514903698089,-0.39034894260234754,0.0,1492.7132568359375,1
2024-08-21,RELIANCE.NS,1487.30978907883,1501.8766102174725,1484.072717714687,1492.7132568359375,7769996,52.63526841013162,-8.402092123301145,-12.245094219664896,3.843002096363751,1479.87960165329,1498.6878588867187,1520.2158978271927,1428.4189654540573,1474.317431640625,0.0018216343472330365,-0.07629893597190995,0.0,1492.1654052734375,0
2024-08-22,RELIANCE.NS,1497.0210123494212,1500.5070892244864,1484.720165407205,1492.1654052734375,10445782,52.469462668623294,-6.39224272817637,-11.074523921367192,4.682281193190821,1481.0496781885422,1499.3193774414062,1521.0390336255628,1428.341276433031,1474.6901550292969,-0.0003670172821144124,0.34437417985800756,0.0,1494.008056640625,1
2024-08-23,RELIANCE.NS,1497.768063961028,1505.3128818837536,1492.4642955105633,1494.008056640625,9249654,53.005670476480134,-4.597736195830521,-9.779166376259857,5.181430180429336,1482.2838094696929,1500.2800830078124,1522.3525536495436,1428.2850317996754,1475.3187927246095,0.001234884122548019,-0.11450822925464077,0.0,1506.5828857421875,1
2024-08-26,RELIANCE.NS,1500.9802618699923,1516.941539085057,1497.021098650585,1506.5828857421875,8816114,56.60363872712281,-2.1362676601549992,-8.250586633038886,6.114318972883886,1484.5980072099305,1501.3602661132813,1523.7571700785847,1427.7448929096963,1475.7510314941405,0.008416841559635069,-0.04687094241579204,0.0,1494.481201171875,0
2024-08-27,RELIANCE.NS,1504.4912711730517,1507.4544123852302,1493.485179145279,1494.481201171875,6251156,52.44239807594036,-1.1487982869848565,-6.8302289638280795,5.681430676843223,1485.5392637777347,1502.1601953125,1521.4232772928328,1428.633741750136,1475.0285095214845,-0.008032538192779826,-0.2909397496447982,0.0,1492.33984375,0
2024-08-28,RELIANCE.NS,1499.0131426615155,1501.4782728482842,1487.0608784010917,1492.33984375,9610286,51.71788330919682,-0.5328687628903026,-5.570756923640524,5.037888160750222,1486.1869380608077,1502.6731030273438,1519.9930034675533,1429.0947162590094,1474.5438598632813,-0.001432843330646083,0.5373614096336741,0.0,1514.874755859375,1
2024-08-29,RELIANCE.NS,1497.1205913811584,1530.885760314005,1488.0568158159556,1514.874755859375,38335358,58.25414521179105,1.7534264885059656,-4.105920241211226,5.859346729717192,1488.9191111844807,1503.5677197265625,1523.6127135436623,1427.5260315735254,1475.5693725585938,0.01510038896552457,2.9889924191642163,0.0,1503.6197509765625,0
2024-08-30,RELIANCE.NS,1527.89778785993,1533.599989641746,1497.3447635789732,1503.6197509765625,41620730,54.300298195112696,2.626866236258593,-2.7593629457172626,5.386229181975855,1490.31917211706,1504.6814501953124,1523.5207308966087,1427.5632778924537,1475.5420043945312,-0.007429660332829102,0.08570083002746443,0.0,1510.2183837890625,1
2024-09-02,RELIANCE.NS,1504.8647654458696,1520.7264647058682,1500.6316718721823,1510.2183837890625,11240852,56.17821375927498,3.8076359924891676,-1.4459631580759764,5.253599150565144,1492.2143351334412,1505.6283666992188,1526.6879066761092,1426.5870078746723,1476.6374572753907,0.004388498360848425,-0.7299217961818546,0.0,1503.1217041015625,0
2024-09-03,RELIANCE.NS,1515.1984708784903,1516.941509382377,1501.5031683479538,1503.1217041015625,10923800,53.62596085549264,4.123231741046084,-0.3321241782515645,4.455355919297649,1493.2531321780243,1506.8204833984375,1527.72991844259,1432.1880258933477,1479.9589721679688,-0.004699108263862328,-0.028205335325115932,0.0,1508.525146484375,1
2024-09-04,RELIANCE.NS,1494.7301447200666,1511.463362707152,1493.534966971581,1508.525146484375,11983304,55.29146687285251,4.754548808304435,0.6852104190596354,4.069338389244799,1494.70760973101,1508.37330078125,1529.6561585269149,1436.5790709652726,1483.1176147460938,0.003594813625582116,0.09699042457752793,0.0,1487.035888671875,0
2024-09-05,RELIANCE.NS,1513.0072347057646,1519.7054581926027,1481.1345314015284,1487.035888671875,16264168,47.92044501521396,3.480744761332744,1.2443172875142572,2.2364274738184866,1493.97696963014,1509.2446923828124,1529.3666895443341,1440.1658544009786,1484.7662719726563,-0.01424521020586289,0.35723570060477483,0.0,1458.997802734375,0
2024-09-06,RELIANCE.NS,1486.5627588054049,1491.0448575756725,1455.8105811316243,1458.997802734375,19394228,40.360219705400674,0.20642710260722197,1.03673925053285,-0.8303121479256281,1490.6456204019719,1508.36662109375,1526.8930019460038,1444.69150733134,1485.792254638672,-0.018855016312041895,0.19245128309053383,0.0,1456.63232421875,0
2024-09-09,RELIANCE.NS,1460.666261949736,1464.07768593117,1449.809597840599,1456.63232421875,9010298,39.78986932221843,-2.549973076872675,0.31939678505174507,-2.86936986192442,1487.4062588607126,1507.1131665039063,1527.3931842516733,1443.5077312756705,1485.450457763672,-0.00162130368612734,-0.5354134230039989,0.0,1455.7110595703125,0
2024-09-10,RELIANCE.NS,1454.6901127162012,1466.1942153054945,1451.7766997689328,1455.7110595703125,10768260,39.55542251347323,-4.753977541846325,-0.6952780803278691,-4.058699461518456,1484.387668452103,1505.1494091796876,1526.764287690914,1444.7183661176796,1485.7413269042968,-0.0006324620380312451,0.1951058666428125,0.0,1445.7259521484375,0
2024-09-11,RELIANCE.NS,1457.2300550346945,1462.9073318760024,1441.7917138302157,1445.7259521484375,9760202,37.01008754722181,-7.223118070372948,-2.0008460783368847,-5.222271992036063,1480.7056002327065,1503.0901782226563,1527.651477326021,1443.1166012872604,1485.3840393066407,-0.006859264657110176,-0.09361382433187904,0.0,1473.913330078125,1
2024-09-12,RELIANCE.NS,1451.2039809867947,1480.088617533546,1440.1232367942907,1473.913330078125,22349376,47.31635385651634,-6.826749383854349,-2.9660267394403776,-3.860722644413971,1480.0587173608415,1501.4949340820312,1526.181563176891,1446.8668865301402,1486.5242248535155,0.01949704083806436,1.2898476896277353,0.0,1466.766845703125,0
2024-09-13,RELIANCE.NS,1470.526852936648,1477.2500011980833,1463.6542770635715,1466.766845703125,8711328,45.29294623849885,-7.0084963245155905,-3.7745206564554206,-3.23397566806017,1478.7928248220114,1500.0098852539063,1526.2090866193578,1446.7820876970484,1486.495587158203,-0.004848646273265755,-0.6102205269623635,0.0,1465.4969482421875,0
2024-09-16,RELIANCE.NS,1471.6723576050656,1475.0090069946318,1458.9232273463058,1465.4969482421875,5481774,44.925305156829246,-7.172324108817747,-4.454081346927886,-2.7182427618898615,1477.5265508620282,1498.4676733398437,1526.3802513722592,1444.9127051707094,1485.6464782714843,-0.0008657800417685158,-0.3707303869168972,0.0,1466.4432373046875,1
2024-09-17,RELIANCE.NS,1468.1364260685732,1471.5975781970765,1460.790763828237,1466.4432373046875,5935328,45.281728127226266,-7.143455876617736,-4.991956252865856,-2.1514996237518798,1476.4709971899006,1496.2574731445313,1525.9856190447929,1442.9517588848946,1484.4686889648438,0.000645712066227766,0.0827385441282329,0.0,1457.6282958984375,0
2024-09-18,RELIANCE.NS,1464.1522884024148,1476.10455198121,1454.7399294679983,1457.6282958984375,8574714,42.521156938365465,-7.74261762024571,-5.542088526341828,-2.2005290939038824,1474.6764542097612,1493.6272778320313,1525.631019282735,1439.7978625532023,1482.7144409179687,-0.006011103043068844,0.444690841011651,0.0,1463.82861328125,1
2024-09-19,RELIANCE.NS,1460.4171894563085,1470.6264144806405,1449.7598031867433,1463.82861328125,16955902,45.05836851411276,-7.629199165254249,-5.959510654124312,-1.6696885111299373,1473.6433265022838,1491.3320263671876,1524.7403649550126,1437.854837681706,1481.2976013183593,0.00425370267595615,0.9774306175109748,0.0,1480.0140380859375,1
2024-09-20,RELIANCE.NS,1468.136427109257,1489.0528890965668,1465.5218693608433,1480.0140380859375,30897320,51.123542361315025,-6.162251113075172,-6.000058745914485,-0.16219236716068686,1474.2500609388221,1489.480595703125,1523.6482634419572,1437.5475373392928,1480.597900390625,0.011056912440321032,0.8222162406930638,0.0,1487.434326171875,1
2024-09-23,RELIANCE.NS,1485.0687739665293,1495.5270047691104,1483.026880271187,1487.434326171875,8832314,53.649783574909,-4.350775941542679,-5.670202185040123,1.3194262434974444,1475.5057052467318,1487.848544921875,1521.1611965900863,1438.1197482341324,1479.6404724121094,0.005013660610634352,-0.7141398024165202,0.0,1483.4501953125,0
2024-09-24,RELIANCE.NS,1482.5786761041754,1494.530939532627,1481.9561623839436,1483.4501953125,17137444,52.09291739379529,-3.199769924804741,-5.176115732993048,1.9763458081883067,1476.2623233482336,1485.8176733398439,1520.0963245856747,1438.0815196526064,1479.0889221191405,-0.002678525558589717,0.9403119046718673,0.0,1488.0069580078125,1
2024-09-25,RELIANCE.NS,1477.9970102640052,1490.546862638843,1474.3116560624171,1488.0069580078125,7069002,53.74616741056985,-1.8980175322949435,-4.520496092853428,2.622478560558484,1477.3808599824793,1483.8680102539063,1519.6424655440426,1438.1020901200197,1478.8722778320312,0.003071732849347697,-0.5875112998181059,0.0,1491.9910888671875,1
2024-09-26,RELIANCE.NS,1484.7202013028073,1498.017070530802,1482.1305684499498,1491.9910888671875,18818998,55.201830745491606,-0.5386738225176941,-3.724131638786281,3.185457816268587,1478.7723103524515,1482.4144482421875,1515.5719386277501,1439.8842503370938,1477.728094482422,0.0026774947777858937,1.6621859775962715,0.0,1520.1038818359375,1
2024-09-27,RELIANCE.NS,1493.0369361114394,1527.3747692811155,1486.06478230705,1520.1038818359375,20597478,63.847628841255194,2.7750937518521823,-2.4242865606585884,5.199380312510771,1482.7086504937358,1481.316171875,1519.2279100504313,1437.8766920003497,1478.5523010253905,0.018842467075386393,0.09450450018646062,0.0,1470.701171875,0
2024-09-30,RELIANCE.NS,1513.3558880158446,1518.9086621673466,1468.5348969230115,1470.701171875,27008814,46.76665600706637,1.3987684784565317,-1.6596755528355644,3.058444031292096,1481.5650811014752,1479.8557104492188,1514.6640887615472,1438.4887920978276,1476.5764404296874,-0.03249956174131363,0.31126801057877085,0.0,1458.997802734375,0
2024-10-01,RELIANCE.NS,1474.7599230273088,1482.0308103038055,1457.0057588364782,1458.997802734375,16431642,43.77869159298735,-0.6290915216436588,-1.4535587465971833,0.8244672249535245,1479.4158164950848,1479.24267578125,1511.140767042364,1437.5997236802925,1474.3702453613282,-0.007957679890677194,-0.39161926917635115,0.0,1401.3780517578125,0
2024-10-03,RELIANCE.NS,1430.8602791168494,1443.634334423912,1396.4975195620746,1401.3780517578125,37757294,32.70107575542397,-6.807148961201392,-2.524276789518025,-4.282872171683367,1471.9836484248683,1477.7308715820313,1514.5049435230349,1423.520837726965,1469.012890625,-0.03949269208533057,1.2978405931677433,0.0,1381.0093994140625,0
2024-10-04,RELIANCE.NS,1398.34020617394,1411.711728297617,1376.2782950115372,1381.0093994140625,37072876,29.82778166388232,-13.194782766496246,-4.6583779849136695,-8.536404781582576,1463.319434233363,1475.6568408203125,1522.3721825412213,1405.0509497829976,1463.7115661621094,-0.014534730523430572,-0.018126775716501342,0.0,1365.272216796875,0
2024-10-07,RELIANCE.NS,1387.9566419173104,1390.9447078848398,1355.9594355150189,1365.272216796875,22181340,27.79568312173184,-19.30435905900731,-7.587574199732398,-11.716784859274913,1453.9816040013163,1473.3335791015625,1531.7359480294929,1386.314625700976,1459.0252868652344,-0.011395420352580121,-0.4016827828518079,0.0,1391.791259765625,1
2024-10-08,RELIANCE.NS,1367.513224520688,1395.4267642320656,1359.669551595401,1391.791259765625,17020808,35.74038286442554,-21.75559222447623,-10.421177804681165,-11.334414419795067,1448.0587140741077,1471.2106420898438,1534.1907220382034,1377.3757452469529,1455.7832336425781,0.0194239966524532,-0.2326519497920324,0.0,1369.1318359375,0
2024-10-09,RELIANCE.NS,1391.9656892391697,1395.4019165531051,1367.040214025334,1369.1318359375,14310610,32.454411583329986,-25.23573643756322,-13.384089531257576,-11.851646906305643,1440.5418685372879,1468.4146459960937,1538.4856835714718,1364.4228613504033,1451.4542724609375,-0.01628076313106086,-0.15922851606104715,0.0,1365.595947265625,0
2024-10-10,RELIANCE.NS,1374.5352199766685,1380.4864268287754,1363.9774115920343,1365.595947265625,22358646,31.96060826679218,-27.956823604688907,-16.298636345943844,-11.658187258745063,1433.4041617495104,1465.685908203125,1542.200218166302,1352.6953262672919,1447.447772216797,-0.0025825772062730845,0.5623824560937654,0.0,1366.6417236328125,1
2024-10-11,RELIANCE.NS,1364.5501018082973,1377.7723178051706,1363.3797273571677,1366.6417236328125,7980122,32.288753421651535,-29.686709468676327,-18.97625097049034,-10.710458498185986,1427.0458343098248,1463.1314526367187,1542.2280503427125,1341.9403334463498,1442.0841918945312,0.0007658021900851519,-0.6430856322873935,0.0,1367.0650634765625,1
2024-10-14,RELIANCE.NS,1373.962442591221,1374.5849563155427,1362.8070452852592,1367.0650634765625,12221432,32.43081912087278,-30.669952372086073,-21.314991250809488,-9.354961121276585,1421.3333799447523,1460.3894116210938,1541.660640534946,1332.5375650314602,1437.099102783203,0.0003097665148292794,0.5314843557529572,0.0,1338.678466796875,0
2024-10-15,RELIANCE.NS,1353.1207855156183,1366.243302159234,1335.3666207605413,1338.678466796875,33762794,28.16376627978852,-33.35524210422432,-23.723041421492454,-9.632200682731863,1413.4614834544782,1457.3967944335936,1542.7774748027105,1318.7388826191645,1430.7581787109375,-0.02076462740368623,1.7625890321199678,0.0,1348.6884765625,1
2024-10-16,RELIANCE.NS,1334.6695151768993,1358.574043806933,1332.3039628645522,1348.6884765625,20034438,31.582334204827163,-34.28046556429149,-25.834526250052264,-8.445939314239226,1407.292625655242,1455.6367358398438,1541.0688200984162,1308.6720612492402,1424.8704406738282,0.007477531023245998,-0.4066119646377607,0.0,1351.0291748046875,1
2024-10-17,RELIANCE.NS,1360.2671814831224,1363.0062419523483,1346.6715786036464,1351.0291748046875,15543660,32.39253178656391,-34.42797279642855,-27.553215559327523,-6.874757237101026,1401.9342017647132,1453.7502734375,1538.9738164322027,1300.1071528060786,1419.5404846191407,0.0017355366215876522,-0.22415293106799405,0.0,1353.8927001953125,1
2024-10-18,RELIANCE.NS,1346.796043723323,1362.9814005892638,1335.98910817891,1353.8927001953125,12082452,33.43109843706539,-33.92277019447556,-28.827126486357134,-5.095643708118427,1397.3588206628656,1451.7468725585939,1534.9283461798175,1293.15903174987,1414.0436889648438,0.002119514103785969,-0.22267651248161635,0.0,1363.7532958984375,1
2024-10-21,RELIANCE.NS,1361.686598848784,1368.5342502099145,1352.3239675798943,1363.7532958984375,14067408,37.01896506552558,-32.3537716873459,-29.53245552655489,-2.8213161607910067,1394.158294494825,1450.2523754882814,1527.0302397443359,1289.4310639666016,1408.2306518554688,0.007283144152932186,0.16428420323954107,0.0,1338.006103515625,0
2024-10-22,RELIANCE.NS,1363.7532474009167,1370.5262455038624,1334.8935348258,1338.006103515625,15831960,32.1468773167648,-32.809702486516244,-30.18790491854716,-2.6217975679690824,1388.8104667825203,1447.7431323242188,1517.4713102706069,1284.0471711747055,1400.7592407226562,-0.018879655477459623,0.1254354746801969,0.0,1333.2003173828125,0
2024-10-23,RELIANCE.NS,1332.1793705575924,1352.0748848775756,1329.689315659354,1333.2003173828125,17214742,31.318346068723528,-33.17638103792501,-30.78560014242273,-2.3907808955022816,1383.5142620777863,1445.4092651367187,1507.0063167548533,1279.4871768974904,1393.2467468261718,-0.0035917520257832125,0.08734117569776578,0.0,1334.4703369140625,1
2024-10-24,RELIANCE.NS,1329.9633130042932,1338.3547254831988,1317.8616212723591,1334.4703369140625,22155934,31.818458395909417,-32.98427428752848,-31.225334971443882,-1.7589393160845965,1378.8434120621937,1443.0412377929688,1493.2757120778256,1277.8641194651432,1385.5699157714844,0.0009526096826493191,0.2870325910199525,0.0,1322.5677490234375,0
2024-10-25,RELIANCE.NS,1338.1555171764887,1339.002111534351,1316.7410448137834,1322.5677490234375,18597496,29.640133520933233,-33.407368325785455,-31.6617416423122,-1.7456266834732546,1373.4838251061217,1440.470400390625,1476.306899974254,1277.8905975843395,1377.0987487792968,-0.008919334931152934,-0.16060880123582244,0.0,1329.0418701171875,1
2024-10-28,RELIANCE.NS,1331.6813526124563,1347.6177038778262,1316.8406011796387,1329.0418701171875,10824350,32.35292638968245,-32.84168740439691,-31.897730794729146,-0.9439566096677616,1369.2512579643185,1437.7044458007813,1444.024465139888,1291.0668312468306,1367.5456481933593,0.004895114899429842,-0.41796734356066,0.0,1334.66943359375,1
2024-10-29,RELIANCE.NS,1322.8167478889227,1337.856655249044,1315.0478495098762,1334.66943359375,12008361,34.709420817147205,-31.575303414814925,-31.833245318746304,0.2579419039313784,1365.9577508814073,1434.748251953125,1421.9969778418215,1299.4911447167722,1360.7440612792968,0.004234301118042572,0.10938402767833644,0.0,1338.553955078125,1
2024-10-30,RELIANCE.NS,1329.6893351932274,1344.62966480214,1320.0776988278842,1338.553955078125,11984423,36.35745697846313,-29.913413351120425,-31.44927892522113,1.5358655741007041,1363.347865566809,1431.7193505859375,1396.8475523175605,1312.5961854754084,1354.7218688964845,0.0029104745988790537,-0.001993444400946953,0.0,1326.7510986328125,0
2024-10-31,RELIANCE.NS,1334.6694245700712,1337.6574904459744,1320.8745447599274,1326.7510986328125,9331650,33.583637286937034,-29.21200753786752,-31.00182464775041,1.7898171098828897,1359.8624591921428,1428.400107421875,1388.9377780627788,1313.04326441769,1350.9905212402343,-0.008817617250717169,-0.22135174968373528,0.0,1333.3248291015625,1
2024-11-01,RELIANCE.NS,1327.7471304089104,1336.6116286385318,1327.6972806767253,1333.3248291015625,2127335,36.489913479589816,-27.805172546639824,-30.362494227528295,2.557321680888471,1357.335065850183,1425.2232958984375,1384.6541060325187,1312.5584794167,1348.6062927246094,0.004954757886030059,-0.7720301340063118,0.0,1296.9700927734375,0
2024-11-04,RELIANCE.NS,1332.5280301195803,1334.6695017714562,1279.9878687625326,1296.9700927734375,19796890,28.946173005803416,-29.286176262917024,-30.147230634606043,0.8610543716890184,1351.5860207952549,1421.2825366210936,1386.790487801989,1303.5918852448858,1345.1911865234374,-0.02726622615482377,8.305957923881287,0.0,1300.1075439453125,1
2024-11-05,RELIANCE.NS,1287.8564249120311,1304.340637375998,1281.0336986406933,1300.1075439453125,16267479,30.285654505239776,-29.86248020625635,-30.090280548936107,0.2278003426797568,1346.683308714308,1417.1530297851561,1380.839281674278,1300.374719790566,1340.607000732422,0.002419062081197243,-0.17828108354393035,0.0,1320.0777587890625,1
2024-11-06,RELIANCE.NS,1304.7888451117578,1323.0160966964434,1295.0277806900112,1320.0777587890625,21625209,38.26343612921236,-28.380621653459457,-29.748348769840778,1.367727116381321,1344.1494468166654,1413.6649609375,1377.0918123991573,1299.2167813508427,1338.154296875,0.015360433017062691,0.32935220017803624,0.0,1300.4561767578125,0
2024-11-07,RELIANCE.NS,1318.7331565363688,1318.7331565363688,1297.4182609581876,1300.4561767578125,9611974,34.13067050393097,-28.46144988206902,-29.490968992286426,1.0295191102174073,1339.9881830015368,1409.8272875976563,1374.988691900412,1294.8059247988067,1334.8973083496094,-0.014863959263467397,-0.5555199489632678,0.0,1278.6431884765625,0
2024-11-08,RELIANCE.NS,1292.4879180085577,1296.4720058402277,1269.9279963447846,1278.6431884765625,19814406,30.22266318099659,-29.940497275842063,-29.580874648997554,-0.35962262684450863,1334.145802570587,1405.10265625,1374.7833300780246,1286.2114331055693,1330.497381591797,-0.01677333590404584,1.061429421261439,0.0,1267.6370849609375,0
2024-11-11,RELIANCE.NS,1273.8622221377802,1280.884225507143,1261.9598084895413,1267.6370849609375,9056552,28.45242023056784,-31.636072610946485,-29.99191424138734,-1.6441583695591433,1327.8116389887155,1400.3830029296876,1374.3648023797082,1276.687162952323,1325.5259826660156,-0.008607642550177097,-0.5429309362087362,0.0,1269.1810302734375,1
2024-11-12,RELIANCE.NS,1270.4759075040322,1284.1712099692156,1262.4578817905294,1269.1810302734375,10671091,29.07997556060522,-32.48082605242803,-30.489696603595483,-1.9911294488325453,1322.2277714920222,1395.562255859375,1376.2478315750977,1267.8543901045896,1322.0511108398437,0.0012179710824313794,0.1782730337108427,0.0,1247.0693359375,0
2024-11-13,RELIANCE.NS,1265.196886863478,1270.3761523895544,1244.5294313213271,1247.0693359375,14633633,25.614816910697073,-34.536413897453485,-31.299040062367084,-3.2373738350864016,1315.0698252487343,1390.4412084960939,1378.7484955151665,1255.191812102021,1316.9701538085938,-0.017422017670066903,0.3713342899990264,0.0,1262.5574951171875,1
2024-11-14,RELIANCE.NS,1248.613186761178,1267.537605244334,1246.1231316976048,1262.5574951171875,12612633,31.749568115842635,-34.51781715888069,-31.94279548166981,-2.5750216772108807,1310.068650950492,1385.52185546875,1376.5655921994298,1248.5275474490077,1312.5465698242188,0.012419645590951989,-0.13810651121290252,0.0,1255.7347412109375,0
2024-11-18,RELIANCE.NS,1262.55746761959,1267.8364328732807,1238.951794764919,1255.7347412109375,13620611,30.554135488276074,-34.6541468957239,-32.48506576448063,-2.169081131243267,1304.8939928800582,1380.8958325195313,1373.256517401215,1242.020826348785,1307.638671875,-0.005403915411881233,0.07991812653234254,0.0,1236.710693359375,0
2024-11-19,RELIANCE.NS,1255.734688515481,1276.4021442257297,1230.236550606767,1236.710693359375,14183746,27.450533774257437,-35.88362675296821,-33.16477796217815,-2.7188487907900623,1298.4003453066598,1376.4500903320313,1368.5226097793304,1234.0504737167632,1301.2865417480468,-0.01514973443612555,0.041344327358001864,0.0,1218.1348876953125,0
2024-11-21,RELIANCE.NS,1236.7107220331202,1239.0014996478671,1212.407761281373,1218.1348876953125,19433843,24.801412660588824,-37.91979487924755,-34.11578134559203,-3.804013533655514,1290.756016010341,1371.6801416015626,1369.3886760515875,1221.197285862475,1295.2929809570312,-0.015020332373453904,0.37014883092238104,0.0,1260.3662109375,1
2024-11-22,RELIANCE.NS,1224.509420421979,1263.8024380613526,1217.586994857739,1260.3662109375,20471957,39.173385273086495,-35.714068396138146,-34.435438755701256,-1.2786296404368898,1287.8617488605466,1367.7732446289062,1365.093134153927,1218.2094171156043,1291.6512756347656,0.03466883977199631,0.05341784432446017,0.0,1281.8802490234375,1
2024-11-25,RELIANCE.NS,1284.868314871977,1299.260783408558,1277.3483005192684,1281.8802490234375,28923341,44.945939021987165,-31.86271761879948,-33.9208945283209,2.0581769095214213,1287.2920822093934,1364.4963305664062,1359.8627876060718,1218.1807548743968,1289.0217712402343,0.017069672210535236,0.4128273618394176,0.0,1290.545654296875,1
2024-11-26,RELIANCE.NS,1289.7986377983043,1292.687125909721,1279.0914013187908,1290.545654296875,9247557,47.12262536438232,-27.790912257262107,-32.69489807410915,4.90398581684704,1287.601946217725,1360.8289770507813,1356.5841928242573,1218.257140183555,1287.4206665039062,0.0067599179252813,-0.6802735548427825,0.0,1288.0555419921875,0
2024-11-27,RELIANCE.NS,1288.3543972122054,1298.6632001168684,1280.8842325588682,1288.0555419921875,9572746,46.553026451919855,-24.482687246092382,-31.0524559085058,6.569768662413416,1287.6451458152928,1357.2547509765625,1351.8575161584818,1218.8851840368307,1285.3713500976562,-0.0019295034595612215,0.03516485489086474,0.0,1265.7447509765625,0
2024-11-28,RELIANCE.NS,1284.818474176107,1291.442044503892,1264.0017125526565,1265.7447509765625,15027412,41.69054495033908,-23.391546281367027,-29.520273983078045,6.128727701711018,1285.55939392589,1353.25970703125,1344.8845047032141,1218.9657272303798,1281.925115966797,-0.017321295773564005,0.5698120476611412,0.0,1287.0595703125,1
2024-11-29,RELIANCE.NS,1274.9081506356404,1294.3305794929802,1270.177046170391,1287.0595703125,13202307,47.34864903387055,-20.569765962759902,-27.73017237901442,7.160406416254517,1285.7022678674718,1349.6720336914063,1336.8071226525155,1221.8936708045155,1279.3503967285155,0.016839745390603067,-0.12145171770095875,0.0,1303.9422607421875,1
2024-12-02,RELIANCE.NS,1282.876370557777,1306.133460567327,1271.9699779978705,1303.9422607421875,11024152,51.373498645954285,-16.777788801793122,-25.53969566357016,8.761906861777039,1287.4394100460163,1346.5983129882814,1332.6861842370533,1223.7337254309152,1278.2099548339843,0.013117256434050262,-0.1649829079114733,0.0,1318.035888671875,1
2024-12-03,RELIANCE.NS,1311.760901783446,1321.5219654799555,1301.8006823317874,1318.035888671875,16869482,54.50039572166518,-12.491388640812374,-22.930034259018605,10.43864561820623,1290.353360391336,1343.6824584960937,1329.1660374026635,1225.7249782223364,1277.4455078125,0.010808475462453115,0.5302294453124377,0.0,1303.742919921875,0
2024-12-04,RELIANCE.NS,1320.7251432865569,1323.1156203515295,1298.8625094957515,1303.742919921875,19608540,50.92398590961494,-10.130925752399435,-20.37021255769477,10.239286805295336,1291.6285565371018,1340.1570361328124,1330.0968948669492,1225.4714034728945,1277.7841491699219,-0.010844142312697147,0.16236764116408553,0.0,1316.7908935546875,1
2024-12-05,RELIANCE.NS,1309.1214514378748,1324.6593698468237,1300.9541199209712,1316.7908935546875,16858723,53.89819091119406,-7.125244102707484,-17.721218866697317,10.595974763989833,1294.0249695863956,1336.7441674804688,1332.826050890627,1224.4105824101543,1278.6183166503906,0.010008087816572253,-0.14023568302382539,0.0,1306.3326416015625,0
2024-12-06,RELIANCE.NS,1318.6334884089777,1318.6334884089777,1304.7887589399247,1306.3326416015625,9037514,51.21882550437957,-5.523442463423407,-15.281663586042535,9.758221122619128,1295.1971288259354,1333.20181640625,1330.3374426734251,1225.5246789086061,1277.9310607910156,-0.007942226821521237,-0.463926538208143,0.0,1289.9979248046875,0
2024-12-09,RELIANCE.NS,1297.816673231309,1309.7689372979064,1287.9560310594236,1289.9979248046875,14650002,47.2665361987079,-5.508578787228998,-13.327046626279827,7.818467839050829,1294.7019665381974,1329.2416357421876,1329.1090261668248,1225.707270219894,1277.4081481933595,-0.01250425525373744,0.6210212233142876,0.0,1279.73876953125,0
2024-12-10,RELIANCE.NS,1284.121290398709,1289.7488386952923,1275.107243177966,1279.73876953125,16043729,44.92196957547127,-6.252551783108856,-11.912147657645633,5.659595874536777,1293.2769001565835,1324.9965893554688,1329.1712445123962,1225.7546099797914,1277.4629272460938,-0.00795284633887361,0.09513493581775623,0.0,1273.115234375,0
2024-12-11,RELIANCE.NS,1279.8882324099652,1284.8683422637005,1270.9738844056644,1273.115234375,11724373,43.4243381819501,-7.292555632423728,-10.988229252601252,3.6956736201775247,1291.3567415107184,1320.05681640625,1329.2918638084411,1226.1818056251527,1277.736834716797,-0.005175693128900094,-0.2692239441341847,0.0,1257.876220703125,0
2024-12-12,RELIANCE.NS,1264.9479526569407,1273.1152845047754,1255.5853214463157,1257.876220703125,20906813,40.1110312444361,-9.23991523027098,-10.6385664481352,1.3986512178642183,1288.168120481424,1315.8003173828124,1329.3337594283062,1225.0094290482562,1277.1715942382812,-0.0119698620049552,0.7831924146391454,0.0,1267.78662109375,1
2024-12-13,RELIANCE.NS,1254.9877622795104,1270.1272485556606,1234.6688884780408,1267.78662109375,28630222,43.149015222229544,-9.869752887107097,-10.48480373592958,0.6150508488224826,1286.2270253016454,1311.97609375,1328.7345380821173,1227.6803789100702,1278.2074584960938,0.007878676953671393,0.36942067640821197,0.0,1263.2547607421875,0
2024-12-16,RELIANCE.NS,1269.9280595585296,1275.904191603511,1261.511722229068,1263.2547607421875,9486781,42.097383331883734,-10.61225554786256,-10.510294098316177,-0.10196144954638342,1284.039190581697,1309.2136279296874,1328.7271043654716,1227.7575391892158,1278.2423217773437,-0.003574623896608675,-0.668644518369435,0.0,1240.34619140625,0
2024-12-17,RELIANCE.NS,1256.033537225462,1258.8721754853295,1237.8561365143116,1240.34619140625,17462791,37.166240075724915,-12.900515237100763,-10.988338326073094,-1.912176911027668,1279.8779525649877,1306.4003637695312,1329.7438259905862,1225.2019625836324,1277.4728942871093,-0.018134560064890004,0.8407498813348806,0.0,1248.2645263671875,1
2024-12-18,RELIANCE.NS,1235.714673937889,1254.9378248920182,1235.714673937889,1248.2645263671875,12670179,39.79149189634503,-13.914634823100187,-11.573597625478513,-2.3410371976216737,1276.867150069959,1304.0602099609375,1328.7381557844787,1227.3630160905213,1278.0505859375,0.006383971681293232,-0.2744470800801544,0.0,1225.55517578125,0
2024-12-19,RELIANCE.NS,1234.0712121990753,1239.947766097918,1224.1109925687356,1225.55517578125,14244653,35.243566798553175,-16.362173749777412,-12.531312850338294,-3.8308608994391182,1271.9802953757962,1300.73548828125,1327.430319653409,1229.4128810301847,1278.4216003417969,-0.018192738883663018,0.12426612126000736,0.0,1200.50537109375,0
2024-12-20,RELIANCE.NS,1219.1309339507775,1234.5692750261348,1196.7204388413884,1200.50537109375,20312896,31.030518602581935,-20.091572727233597,-14.043364825717354,-6.048207901516243,1265.173159729887,1297.362958984375,1334.716075634743,1216.1410410644758,1275.4285583496094,-0.02043955684943488,0.4260014617414689,0.0,1217.437744140625,1
2024-12-23,RELIANCE.NS,1210.166734877433,1222.3181546925216,1208.3738466363206,1217.437744140625,10052824,36.551731748859574,-21.433772107800678,-15.521446282134018,-5.9123258256666595,1260.6269296737669,1294.399794921875,1336.5317266181555,1207.881139592782,1272.2064331054687,0.014104370921263154,-0.5051013897772134,0.0,1217.8858642578125,1
2024-12-24,RELIANCE.NS,1217.4377030050357,1228.6429501715868,1216.1428258096823,1217.8858642578125,6734917,36.69616555834177,-22.205345834135187,-16.858226192534254,-5.3471196416009334,1256.5563520151045,1291.424677734375,1336.4544303952025,1200.6924568118288,1268.5734436035157,0.0003680846263756088,-0.3300472583624263,0.0,1211.7105712890625,0
2024-12-26,RELIANCE.NS,1219.3798917928575,1222.8161189414398,1209.419672133533,1211.7105712890625,10016178,35.49697487720306,-23.04941875302552,-18.096464704632506,-4.952954048393014,1252.285325279291,1288.317587890625,1336.3125339933022,1193.1998561434166,1264.7561950683594,-0.0050705022120551835,0.48720140129418077,0.0,1216.1927490234375,1
2024-12-27,RELIANCE.NS,1213.4536884394554,1223.0154756156849,1212.1588111658666,1216.1927490234375,7000397,37.10358190677229,-23.090505365903937,-19.095272836886792,-3.9952325290171444,1248.847937064448,1285.8678735351561,1336.8925470249972,1187.664642916409,1262.2785949707031,0.0036990497900886155,-0.30109099498830794,0.0,1205.8837890625,0
2024-12-30,RELIANCE.NS,1211.5611874241415,1218.3340640862093,1203.294156174512,1205.8837890625,8818766,34.947542549054745,-23.68192324620054,-20.012602918749543,-3.669320327450997,1244.7561134452149,1283.0117797851562,1335.7736726425678,1180.6659391738385,1258.2198059082032,-0.008476419522493672,0.2597522683356386,0.0,1210.6148681640625,1
2024-12-31,RELIANCE.NS,1203.1945530395503,1214.2503727116298,1201.3519366916562,1210.6148681640625,6405475,36.76363431341741,-23.497997346636566,-20.709681804326948,-2.7883155423096184,1241.5045662755813,1280.2034936523437,1330.7715667132354,1176.3353058453583,1253.5534362792969,0.003923329216690696,-0.27365404638245305,0.0,1216.391845703125,1
2025-01-01,RELIANCE.NS,1210.0172807004092,1221.4218053468785,1206.7802092584152,1216.391845703125,5892590,39.002913912082164,-22.625270899740826,-21.092799623409725,-1.5324712763311013,1239.112878602014,1277.4534765625,1321.2992780598317,1175.643190201887,1248.4712341308593,0.004771936716607028,-0.08006978405192433,0.0,1236.860107421875,1
2025-01-02,RELIANCE.NS,1216.3918076943417,1239.4994683243335,1215.1467802555553,1236.860107421875,15486276,46.26356015127193,-20.05087721136374,-20.88441514100053,0.8335379296367904,1238.8983289658102,1274.9156127929687,1313.5022547787623,1176.7519322329565,1245.1270935058594,0.016827029703506913,1.6280932493182116,0.0,1246.1729736328125,1
2025-01-03,RELIANCE.NS,1238.9518139936486,1257.0296379589822,1230.5852047154665,1246.1729736328125,15521102,49.22500187128596,-17.062495367901192,-20.120031186380665,3.0575358184794723,1239.5911522674294,1273.0789501953125,1301.5826334641947,1181.6097615553367,1241.5961975097657,0.007529441814037696,0.0022488298671674567,0.0,1213.15478515625,0
2025-01-06,RELIANCE.NS,1248.961727102304,1256.9797527645217,1210.1667191829588,1213.15478515625,14816766,40.667673621225084,-17.160655735194496,-19.52815609614343,2.3675003609489345,1237.0734030187457,1270.6780395507812,1290.1836446349535,1183.6909647400466,1236.9373046875,-0.026495670484899647,-0.0453792520659938,0.0,1235.913818359375,1
2025-01-07,RELIANCE.NS,1217.1388288273845,1239.5493228115215,1216.3918123612464,1235.913818359375,10070505,47.449055848423505,-15.226463565329595,-18.667817589980665,3.441354024651069,1236.9629663845199,1268.7069091796875,1281.5938999867246,1186.8722987437443,1234.2330993652345,0.018760205607393887,-0.32033042838093007,0.0,1260.4658203125,1
2025-01-08,RELIANCE.NS,1244.0314575822304,1265.9937909556584,1240.395953024955,1260.4658203125,19346579,53.60901991038628,-11.578985628971395,-17.250051197778813,5.671065568807418,1239.20133342528,1267.4648706054688,1277.5730510357491,1188.9658527728445,1233.2694519042968,0.01986546439436765,0.92111309214384,0.0,1249.758544921875,0
2025-01-09,RELIANCE.NS,1261.9598138402198,1264.698874209644,1243.0852464738894,1249.758544921875,12794704,50.81172447885955,-9.44346236949309,-15.68873343212167,6.245271062628579,1240.2067821392413,1265.8792041015624,1273.2622091201265,1190.9410257431546,1232.1016174316405,-0.008494697133453744,-0.3386580645601478,0.0,1236.959716796875,0
2025-01-10,RELIANCE.NS,1248.8621307808614,1251.750618829338,1231.0831628192257,1236.959716796875,8120332,47.61351690575078,-8.683702944038714,-14.28772733450508,5.604024390466366,1239.8975378209207,1263.925009765625,1270.5738070892742,1191.5377773833823,1231.0557922363282,-0.01024104070102605,-0.3653364704646548,0.0,1234.9178466796875,0
2025-01-13,RELIANCE.NS,1225.1070543419412,1240.2963897717905,1221.5213994754447,1234.9178466796875,13764861,47.10413404668492,-8.152374481090419,-13.060656763822148,4.908282282731729,1239.4232815217556,1261.8522875976562,1265.2456099933281,1193.5790970379219,1229.412353515625,-0.0016507167448225335,0.6951106186298788,0.0,1233.822265625,0
2025-01-14,RELIANCE.NS,1239.1509590647415,1248.3641626627486,1222.3680125031533,1233.822265625,13095266,46.81473458781178,-7.730583724099233,-11.994642155877566,4.2640584317783325,1238.8898514363502,1259.9937109375,1260.347322405093,1195.534135114438,1227.9407287597655,-0.0008871691810375948,-0.04864524240382817,0.0,1247.2186279296875,1
2025-01-15,RELIANCE.NS,1239.9974688456068,1251.999581888204,1236.90982514039,1247.2186279296875,9578856,50.79553377233614,-6.243367377659979,-10.84438720023405,4.60101982257407,1239.6830682452394,1258.2715869140625,1261.3488842503064,1195.2198169215687,1228.2843505859375,0.010857611082177643,-0.2685252823424893,0.0,1261.4119873046875,1
2025-01-16,RELIANCE.NS,1253.8920943102864,1269.9280238633037,1246.3223515830243,1261.4119873046875,14117603,54.6670075733779,-3.8747861033539266,-9.450466980858025,5.575680877504098,1241.752489108044,1257.5604248046875,1264.02991833153,1193.8535289340948,1228.9417236328125,0.01138000913164694,0.47382975587063836,0.0,1297.169189453125,1
2025-01-17,RELIANCE.NS,1316.9900509904955,1320.72513338128,1279.888232575373,1297.169189453125,29366277,62.64182071106683,0.8775234550616915,-7.384868893674082,8.262392348735773,1247.0302700932898,1257.5016577148438,1278.4419127157275,1186.6029359170848,1232.5224243164062,0.028346965549963965,1.0801177792009025,0.0,1300.2568359375,1
2025-01-20,RELIANCE.NS,1310.764916385877,1310.764916385877,1295.07757031211,1300.2568359375,14040244,63.24312381751885,4.8371506240259805,-4.940464990134069,9.77761561416005,1252.0994668403575,1257.1052392578124,1289.679602038496,1185.3403930786917,1237.5099975585938,0.002380295885440198,-0.5218922711925655,0.0,1268.6331787109375,0
2025-01-21,RELIANCE.NS,1305.2868371165837,1307.776892128252,1265.1471016946018,1268.6331787109375,14562976,53.708193991454245,5.3616134919045635,-2.8800492937263433,8.241662785630908,1253.674106066127,1256.468779296875,1293.0660834602131,1187.0734551140058,1240.0697692871095,-0.02432108515219722,0.037230976897552504,0.0,1272.0196533203125,1
2025-01-22,RELIANCE.NS,1273.2149526536994,1277.7966294698952,1263.6530443254642,1272.0196533203125,10273590,54.499314316743344,5.981562562449881,-1.1077269224910984,7.089289484940979,1255.421301042716,1256.33630859375,1296.4890134572554,1189.0639040232134,1242.7764587402344,0.0026693883355755066,-0.294540484032934,0.0,1258.6231689453125,0
2025-01-23,RELIANCE.NS,1264.947884048613,1272.2686211078578,1256.581275301743,1258.6231689453125,8720682,50.800725643722544,5.330446270855191,0.17990771617815948,5.1505385546770315,1255.7262408429633,1256.1560302734374,1297.2779740846072,1192.9662031614866,1245.122088623047,-0.010531664616998282,-0.1511553410248998,0.0,1241.34228515625,0
2025-01-24,RELIANCE.NS,1260.9638702056577,1267.9360243063209,1238.5533748820974,1241.34228515625,14235970,46.42401821488307,3.3810345575625433,0.8201330844550363,2.5609014731075073,1254.3563403013716,1255.5992553710937,1296.8710245244501,1195.888106334925,1246.3795654296875,-0.013729990211083898,0.6324376923731423,0.0,1224.4595947265625,0
2025-01-27,RELIANCE.NS,1234.1708090151494,1235.515414368934,1215.1468135462453,1224.4595947265625,9536019,42.56570221795607,0.4684200521010098,0.749790477984231,-0.28137042588322125,1251.5090311990089,1255.147060546875,1295.4129529814088,1199.2037584443726,1247.3083557128907,-0.013600350710330056,-0.3301461719854706,0.0,1229.4896240234375,1
2025-01-28,RELIANCE.NS,1233.0752790316255,1239.7984277662488,1213.652849353825,1229.4896240234375,10568025,44.05750173947119,-1.4176251014541776,0.31630736209654936,-1.733932463550727,1249.4119448013355,1254.485703125,1294.1291983445888,1202.37498866713,1248.2520935058594,0.004107958579064652,0.1082218900780294,0.0,1230.585205078125,1
2025-01-29,RELIANCE.NS,1231.0832160878692,1237.8063647194172,1223.1648896668228,1230.585205078125,5928156,44.39626925728647,-2.7917437547037025,-0.30530286126350104,-2.4864408934402014,1247.6189219705534,1253.9827124023439,1293.257392695008,1204.6661302542107,1248.9617614746094,0.0008910860517084007,-0.4390478826460006,0.0,1248.0654296875,1
2025-01-30,RELIANCE.NS,1230.635044492625,1251.9996679975989,1227.497550840604,1248.0654296875,9269259,49.636637449244894,-2.4420838275307233,-0.7326590545169455,-1.7094247730137777,1247.6614465150244,1254.2098071289063,1293.47334188809,1205.570713287691,1249.5220275878905,0.014204806410186954,0.5635990348432127,0.0,1260.0673828125,1
2025-01-31,RELIANCE.NS,1250.8541794958078,1261.9598488917904,1244.0314532484974,1260.0673828125,6584612,52.91763383310632,-1.1828829649020918,-0.8227038365939747,-0.36017912830811705,1248.8429642576411,1255.04845703125,1294.3731196543138,1206.0603764394361,1250.216748046875,0.00961644545190632,-0.2896290846981404,0.0,1259.5693359375,0
2025-02-01,RELIANCE.NS,1260.0673469134033,1265.495739501575,1236.06324219181,1259.5693359375,7118453,52.76401944981996,-0.22257966979509547,-0.702679003234199,0.4800993334391035,1249.8645234652467,1255.03251953125,1293.41556763634,1211.659383535535,1252.5374755859375,-0.0003952541600500403,0.08107402531842434,0.0,1240.94384765625,0
2025-02-03,RELIANCE.NS,1246.0235355947286,1251.003645649064,1232.6270881824537,1240.94384765625,9252345,47.24104434610476,-0.9534627097993962,-0.7528357445472385,-0.20062696525215773,1249.0149352929614,1254.2137915039064,1293.3152480799677,1212.262706021595,1252.7889770507813,-0.014787187771117871,0.29976906499207057,0.0,1280.08740234375,1
2025-02-04,RELIANCE.NS,1243.085282988569,1283.6731787459128,1241.6409781641655,1280.08740234375,16691069,57.345959461651105,1.607336566804861,-0.28080128227681855,1.8881378490816796,1251.974217869227,1254.0046264648438,1295.9100917351377,1211.63002056955,1253.7700561523438,0.031543373023227295,0.8039825579353126,0.0,1273.115234375,0
2025-02-05,RELIANCE.NS,1277.5476050956522,1285.366353249074,1271.6212014188793,1273.115234375,10112028,55.313779899728765,3.039159221146747,0.3831908184078946,2.655968402738852,1253.9876480126338,1253.7058203125,1297.8559053638003,1212.0198758861995,1254.937890625,-0.0054466343126137184,-0.39416534674921067,0.0,1276.4520263671875,1
2025-02-06,RELIANCE.NS,1268.6331564996678,1282.8763195509282,1265.2965071593935,1276.4520263671875,9956001,56.11530715647755,4.392506140920659,1.1850538829104476,3.2074522580102114,1256.1271126178294,1253.9199658203124,1299.9739531817984,1213.8510590252329,1256.9125061035156,0.002620966195432839,-0.015429842559771423,0.0,1261.6610107421875,0
2025-02-07,RELIANCE.NS,1271.073491533156,1278.5933846345008,1256.979756005846,1261.6610107421875,8764283,51.689424298546854,4.2228535508183995,1.792613816492038,2.4302397343263618,1256.654150534435,1253.4119946289063,1300.1411062352934,1216.3582223779879,1258.2496643066406,-0.011587600097353934,-0.11969846125969652,0.0,1248.6629638671875,0
2025-02-10,RELIANCE.NS,1259.469777897567,1261.461821832557,1240.5952102474196,1248.6629638671875,6970972,48.09920286010694,3.004929935486871,2.0350770402910046,0.9698528951958663,1255.8930851375542,1252.3064086914062,1299.6332032191106,1218.3501952183894,1258.99169921875,-0.010302329044276082,-0.20461582539039413,0.0,1229.937744140625,0
2025-02-11,RELIANCE.NS,1259.519670533727,1259.519670533727,1225.2066396338644,1229.937744140625,8859714,43.420282116658655,0.5227223391852931,1.7326061000698623,-1.2098837608845692,1253.4211478997515,1250.5444458007812,1300.434285450389,1215.8210246082047,1258.1276550292969,-0.014996216167547205,0.2709438511587767,0.0,1211.7105712890625,0
2025-02-12,RELIANCE.NS,1214.5989377224969,1222.0193743195214,1188.6027887286011,1211.7105712890625,21131654,39.40231295813852,-2.8820036385452568,0.8096841523468384,-3.6916877908920953,1249.4487120320669,1248.703798828125,1302.481675113564,1208.8034933434674,1255.6425842285157,-0.014819589803139244,1.3851395203050574,0.0,1211.2623291015625,0
2025-02-13,RELIANCE.NS,1212.2086229517822,1223.1150152108587,1207.1786632211406,1211.2623291015625,8511216,39.305985356772965,-5.552437856698361,-0.4627402494622015,-5.08969760723616,1245.8119136577332,1246.5932275390626,1297.921162767037,1204.773319654838,1251.3472412109375,-0.0003699251274362769,-0.5972290668775857,0.0,1212.40771484375,1
2025-02-14,RELIANCE.NS,1214.1507532507958,1219.1308629852126,1200.6546072366425,1212.40771484375,10298145,39.711574850452685,-7.490012950100208,-1.868194789589803,-5.621818160510405,1242.6305613897346,1244.7147290039063,1290.73586714175,1203.1737031707498,1246.95478515625,0.0009456132785348181,0.209949906100374,0.0,1220.02734375,1
2025-02-17,RELIANCE.NS,1206.2821918357026,1222.6169765728448,1199.7084711054922,1220.02734375,8166683,42.46600700138002,-8.314866196567664,-3.157529070985375,-5.157337125582289,1240.4778739954743,1243.3153173828125,1288.6174037069527,1200.4315831094536,1244.5244934082032,0.006284708364159508,-0.2069753339072231,0.0,1220.525390625,1
2025-02-18,RELIANCE.NS,1219.9775298877432,1225.0074896525716,1211.2623373341316,1220.525390625,6673250,42.65044452298424,-8.826632195121192,-4.291349695812539,-4.535282499308654,1238.5776374840004,1242.1310498046876,1285.3279172881764,1198.5716432586985,1241.9497802734375,0.0004082259939102162,-0.18286898120081307,0.0,1222.567138671875,1
2025-02-19,RELIANCE.NS,1214.6488125132394,1227.8461038341088,1212.706618273488,1222.567138671875,6217338,43.450772594617405,-8.964125572640341,-5.225904871178099,-3.738220701462242,1237.052828073322,1241.120087890625,1283.6003949523838,1196.6935625671476,1240.1469787597657,0.0016728435660231522,-0.06831933465702622,0.0,1228.0950927734375,1
2025-02-20,RELIANCE.NS,1219.0810452834291,1234.4198079853766,1217.1388510698623,1228.0950927734375,7795582,45.66178082057482,-8.528716631567704,-5.8864672232560205,-2.6422494083116836,1236.1997104257139,1240.5244653320312,1283.2477124663692,1195.7215258148808,1239.484619140625,0.004521595523635513,0.253845616886198,0.0,1223.264404296875,0
2025-02-21,RELIANCE.NS,1223.8121434284387,1235.0672403005465,1217.2882724889691,1223.264404296875,6904025,44.041266877347184,-8.47574498490826,-6.404322775586469,-2.071422209321791,1234.9677765086817,1239.6340209960938,1283.2730392258586,1195.5766800124225,1239.4248596191405,-0.003933480806973422,-0.11436695810524478,0.0,1209.718505859375,0
2025-02-24,RELIANCE.NS,1211.7105497558396,1218.3838481751116,1205.68456833515,1209.718505859375,7172498,39.77814347625723,-9.418237786842838,-7.007105777837744,-2.411132009005094,1232.5630840658905,1238.5632958984374,1283.9940208745538,1192.878586547321,1238.4363037109374,-0.011073565444983391,0.0388864466742227,0.0,1199.21044921875,0
2025-02-25,RELIANCE.NS,1206.1826029932777,1216.142822671174,1196.7203942992758,1199.21044921875,11552182,36.80209553842353,-10.887577260694798,-7.783200074409155,-3.1043771862856424,1229.386642651877,1237.7405810546875,1285.4583821519827,1188.2767496839547,1236.8675659179687,-0.008686365125215811,0.6106218502953922,0.0,1202.298095703125,1
2025-02-27,RELIANCE.NS,1207.975493883109,1210.166693583284,1195.8738026303336,1202.298095703125,11509215,38.263686846624715,-11.668386219965669,-8.56023730352046,-3.1081489164452094,1226.8067810377104,1236.8212524414062,1285.1168303194863,1184.0415681180139,1234.57919921875,0.0025747328055609753,-0.003719383922448638,0.0,1195.325927734375,0
2025-02-28,RELIANCE.NS,1197.218393771922,1212.5073065135475,1188.5530513693543,1195.325927734375,23007298,36.226305733856826,-12.7033424081269,-9.388858324441747,-3.3144840836851532,1223.8086045326309,1236.2166674804687,1283.2109221042374,1179.47333082545,1231.3421264648437,-0.0057990343606695305,0.9990327750415646,0.0,1166.5906982421875,0
2025-03-03,RELIANCE.NS,1199.2104168056296,1201.6506219268736,1151.4013636439431,1166.5906982421875,17944938,29.30150988983513,-15.661707102979108,-10.64342808014922,-5.018279022829887,1218.359280124017,1235.5383740234374,1283.9916772027138,1169.3947119574425,1226.6931945800782,-0.02403966050217987,-0.22003279133429754,0.0,1157.2779541015625,0
2025-03-04,RELIANCE.NS,1157.576687742468,1169.3297956512124,1154.9373267832575,1157.2779541015625,11377373,27.46889266936188,-18.543930175941796,-12.223528499307736,-6.320401676634059,1212.5420109790214,1234.3351782226562,1286.8231582005508,1158.1966416041366,1222.5098999023437,-0.007982871931567215,-0.36598426809833506,0.0,1170.9234619140625,1
2025-03-05,RELIANCE.NS,1156.38156474498,1178.294049175979,1152.3974766666165,1170.9234619140625,8664095,33.984083418387414,-19.502224778821983,-13.679267755210585,-5.822957023611398,1208.5783396395016,1233.3959301757814,1279.3913042063105,1154.7121015554085,1217.0517028808595,0.011791037549914618,-0.2384801834307445,0.0,1204.7882080078125,1
2025-03-06,RELIANCE.NS,1192.2383549047067,1209.1208794668382,1180.4355183146993,1204.7882080078125,14468014,46.7645465023793,-17.329316590935377,-14.409277522355545,-2.9200390685798325,1208.2173747221977,1233.2574829101563,1270.5650873486045,1156.7056157763957,1213.6353515625,0.02892140024113332,0.6698817360612968,0.0,1244.828369140625,1
2025-03-07,RELIANCE.NS,1211.1627762331514,1249.8084792402678,1207.178688153437,1244.828369140625,16474965,57.292321092864086,-12.235323628681044,-13.974486743620645,1.7391631149396005,1211.7041360953815,1233.8301953125,1263.4001344836367,1160.708202918707,1212.0541687011719,0.033234190762060356,0.13871641263272205,0.0,1233.4736328125,0
2025-03-10,RELIANCE.NS,1240.0473535020744,1252.9956391209716,1230.4855669004469,1233.4736328125,11931051,54.02922205893167,-9.010660546210602,-12.981721504138637,3.971060957928035,1213.7774214970118,1234.3819921875,1257.8470651369294,1163.4425344724455,1210.6447998046874,-0.00912152760140239,-0.2758072020183351,0.0,1242.3382568359375,1
2025-03-11,RELIANCE.NS,1235.0672477916655,1244.5294565449085,1224.858022557904,1242.3382568359375,10089838,56.12995048492494,-5.6743800262090645,-11.520253208552722,5.845873182343658,1216.4975010531,1235.0164599609375,1256.5829990220045,1164.0741298842454,1210.328564453125,0.007186715457569104,-0.15432110716817826,0.0,1252.0494384765625,1
2025-03-12,RELIANCE.NS,1252.995610693361,1257.9757204337957,1239.0513034201438,1252.0494384765625,11977555,58.374082092205214,-2.221138575944906,-9.66043028203116,7.439291706086253,1219.8833998553346,1235.7296118164063,1260.4831626898215,1162.3851356500224,1211.434149169922,0.007816857918678366,0.18709091265885536,0.0,1242.9359130859375,0
2025-03-13,RELIANCE.NS,1255.0376050433522,1259.1212710412997,1238.901975238559,1242.9359130859375,9505270,55.50457065886052,-0.21730027911030447,-7.771804281446989,7.554504002336684,1222.0788773058682,1235.8511279296874,1263.9317731347767,1162.0590593847544,1212.9954162597655,-0.007278886208929469,-0.20640982237192818,0.0,1233.9217529296875,0
2025-03-17,RELIANCE.NS,1237.208673957254,1252.398008503818,1228.1946267891797,1233.9217529296875,16640917,52.742878489216984,0.6360565538552692,-6.090232114386537,6.726288668241806,1223.2067702224224,1235.606103515625,1265.8619312296653,1162.3948436726785,1214.1283874511719,-0.007252312899922453,0.7507042935129671,0.0,1233.9217529296875,0
2025-03-18,RELIANCE.NS,1233.9217529296875,1233.9217529296875,1233.9217529296875,1233.9217529296875,0,52.742878489216984,1.297392459411185,-4.6127071996269935,5.9100996590381785,1224.2272447659714,1236.0214428710938,1267.6397102069711,1162.7684685039665,1215.2040893554688,0.0,-1.0,0.0,1242.1888427734375,1
2025-03-20,RELIANCE.NS,1246.8700894970418,1267.9359786597456,1245.0773228865291,1264.101318359375,15971477,60.74953597656712,5.091253726533296,-1.5402449060700731,6.631498632603369,1229.5724869773244,1236.2196533203125,1276.108557133526,1160.8733642531927,1218.4909606933593,0.017640212849612702,-0.011812726563674159,0.0,1271.2725830078125,1
2025-03-21,RELIANCE.NS,1269.927977701306,1275.9041093610767,1265.0474458622175,1271.2725830078125,21780769,62.411744244991695,7.66664304636447,0.3011326844168356,7.365510361947635,1233.5439246945136,1236.6499340820312,1282.973973416229,1158.8784924040833,1220.9262329101562,0.005673014136038379,0.36372916543660927,0.0,1296.920166015625,1
2025-03-24,RELIANCE.NS,1285.86434660882,1300.8046759652354,1279.141198398433,1296.920166015625,20299319,67.68292664420088,11.6429900976093,2.5695041670553285,9.073485930553971,1239.5797572012862,1237.8491430664062,1294.7044630374287,1154.0305101071024,1224.3674865722655,0.02017473148609139,-0.06801642311159906,0.0,1280.33642578125,0
2025-03-25,RELIANCE.NS,1302.497915186312,1302.497915186312,1277.4977874103538,1280.33642578125,13713899,61.66161011545632,13.302758622222655,4.716155058088794,8.58660356413386,1243.4613446850922,1238.7575146484376,1301.6588413406441,1152.7833339523247,1227.2210876464844,-0.012787017018420888,-0.3244158092200039,0.0,1267.98583984375,0
2025-03-26,RELIANCE.NS,1285.8643858858131,1288.65329608475,1263.7028966635362,1267.98583984375,12074747,57.554985235529074,13.466316751937256,6.466187396858487,7.000129355078769,1245.7970108906786,1239.4407861328125,1306.148356254722,1154.120552436684,1230.134454345703,-0.009646359885421396,-0.11952487035233383,0.0,1273.115234375,1
2025-03-27,RELIANCE.NS,1273.0655062272906,1279.8882324099652,1266.242780044616,1273.115234375,15028056,58.78274243956627,13.850180756321151,7.94298606875102,5.907194687570131,1248.398746460614,1239.9587182617188,1310.652247469624,1157.0071397374072,1233.8296936035156,0.004045309001149411,0.24458558013679288,0.0,1270.027587890625,0
2025-03-28,RELIANCE.NS,1274.9081198538831,1290.5954658598978,1263.9518781988888,1270.027587890625,18147129,57.70077645122287,13.746784108508564,9.10374567670253,4.643038431806033,1250.458636120615,1240.1310302734375,1314.151472971663,1160.2808634541182,1237.2161682128906,-0.0024252686646160093,0.20754999848283773,0.0,1247.6170654296875,0
2025-04-01,RELIANCE.NS,1259.5693287834792,1272.8164693011493,1244.330265958221,1247.6170654296875,12099648,50.44343565188568,11.721382845007838,9.627273110363593,2.0941097346442454,1250.1880103405265,1239.1399877929687,1314.4120550041673,1165.2493951911454,1239.8307250976563,-0.017645697364857216,-0.3332472591118959,0.0,1246.1729736328125,0
2025-04-02,RELIANCE.NS,1242.5873186806543,1250.5554948342144,1238.9518139936486,1246.1729736328125,10142590,50.00696618217126,9.885754784736491,9.678969445238174,0.20678533949831746,1249.8056258921727,1238.058310546875,1310.4001227049876,1177.2195550293873,1243.8098388671874,-0.001157479996779065,-0.1617450358886473,0.0,1243.732666015625,0
2025-04-03,RELIANCE.NS,1228.145018441354,1246.8204315907722,1228.145018441354,1243.732666015625,7434366,49.231739254966286,8.140258063953752,9.37122716898129,-1.2309691050275386,1249.2272487610728,1237.5603002929688,1301.6299529443543,1194.6351959814272,1248.1325744628907,-0.0019582414871938125,-0.2670150326494515,0.0,1199.9075927734375,0
2025-04-04,RELIANCE.NS,1236.162816017271,1240.4954871764826,1188.4036122186155,1199.9075927734375,17908652,37.87580293595106,3.1839199407277192,8.133765723330576,-4.949845782602857,1244.5301386670124,1236.1180590820313,1295.6952179374775,1203.468344074241,1249.5817810058593,-0.035236730882516665,1.4089010414606977,0.0,1161.062744140625,0
2025-04-07,RELIANCE.NS,1127.6960086529814,1166.590714623955,1110.415052053189,1161.062744140625,22156106,31.041220002118337,-3.834269305337557,5.74015871759695,-9.574428022934507,1236.5808629978326,1234.1668505859375,1304.6070542420955,1190.1839613829045,1247.3955078125,-0.03237320012537581,0.23717329478511284,0.0,1177.4971923828125,1
2025-04-08,RELIANCE.NS,1167.3378163352843,1191.8399338970503,1158.6724733291408,1177.4971923828125,19555040,36.280024007593845,-7.978145130594839,2.9964979479585923,-10.97464307855343,1230.953846748783,1232.8899487304689,1308.864610697301,1179.1932872519178,1244.0289489746094,0.014154659879601628,-0.11739725383151711,0.0,1180.6346435546875,1
2025-04-09,RELIANCE.NS,1164.8477193030517,1185.0670143686195,1163.3536863154889,1180.6346435546875,10223104,37.259951545153434,-10.88357145142345,0.2204840680821838,-11.104055519505634,1226.1615416826787,1232.0134497070312,1311.7945850067479,1170.9794140166898,1241.3869995117188,0.0026645084100167526,-0.47721385381978254,0.0,1214.1009521484375,1
2025-04-11,RELIANCE.NS,1190.3957018139645,1217.786306450343,1190.3957018139645,1214.1009521484375,11224242,46.67946325571776,-10.366196271358376,-1.8968519998059283,-8.469344271552448,1225.012914107989,1231.7056762695313,1311.3752697080454,1168.5749988466423,1239.9751342773438,0.02834603302253491,0.0979289656057496,0.0,1235.1668701171875,1
2025-04-15,RELIANCE.NS,1246.0235343416643,1246.0235343416643,1232.1788040875913,1235.1668701171875,13378535,51.60487371993743,-8.162239967289224,-3.1499295933025877,-5.012310373986637,1225.9799575374366,1231.7973095703126,1310.3391180717213,1167.9228936470286,1239.131005859375,0.017351043116696552,0.19193215898231708,0.0,1234.3701171875,0
2025-04-16,RELIANCE.NS,1229.1907298200806,1235.9637280756608,1224.111041920754,1234.3701171875,8248464,51.41143846273269,-6.406035233793773,-3.801150721400825,-2.604884512392948,1226.7790203612522,1231.5234033203126,1309.9171757242793,1167.488256404627,1238.7027160644532,-0.0006450569141414064,-0.38345536338620034,0.0,1269.4300537109375,1
2025-04-17,RELIANCE.NS,1235.266450081142,1275.1073305428426,1222.7165970526498,1269.4300537109375,15398401,58.74039464339012,-2.160284050595237,-3.472977387239708,1.3126933366444709,1230.8410235374129,1231.7106567382812,1312.8877520420783,1168.0685101649528,1240.4781311035156,0.028403098904663304,0.8668204165042122,0.0,1290.346435546875,1
2025-04-21,RELIANCE.NS,1264.947875835223,1295.7249783909904,1261.9598099867933,1290.346435546875,10429964,62.38560261142086,2.859321086123373,-2.2065176925670924,5.065838778690465,1236.508205633552,1232.3261987304688,1318.7982930084922,1167.8004374602579,1243.299365234375,0.016476986482864886,-0.322659281311092,0.0,1286.0635986328125,0
2025-04-22,RELIANCE.NS,1294.8286411452225,1298.713151385602,1281.1831879455033,1286.0635986328125,13051707,61.19345004101109,6.417824489711393,-0.4816492561113954,6.899473745822788,1241.2277668715767,1233.22859375,1323.2513658206196,1167.7348402340679,1245.4931030273438,-0.003319137245686554,0.2513664476694262,0.0,1294.82861328125,1
2025-04-23,RELIANCE.NS,1291.840547250601,1300.804745342548,1280.286716249035,1294.82861328125,10480888,62.76179639818687,9.831891578555087,1.581058910821901,8.250832667733185,1246.3326093867836,1233.52341796875,1327.369066633091,1166.689868913784,1247.0294677734375,0.006815381959146771,-0.19697185969620679,0.0,1296.4222412109375,1
2025-04-24,RELIANCE.NS,1287.2588872304611,1299.3107293954529,1285.167265298474,1296.4222412109375,10468940,63.0541587687697,12.521813131686258,3.7692097549947725,8.752603376691486,1251.1030505128936,1233.9895581054689,1330.8612177295017,1165.7126836376856,1248.2869506835937,0.0012307636032609093,-0.0011399797421745017,0.0,1295.22705078125,0
2025-04-25,RELIANCE.NS,1298.3146947064158,1319.928323767296,1282.9759313802824,1295.22705078125,14431012,62.656842711422755,14.391259976566971,5.893619799309213,8.497640177257757,1255.305336252737,1234.36505859375,1330.5801899211174,1165.8243999226324,1248.202294921875,-0.00092191447484824,0.3784597103431675,0.0,1363.35498046875,1
2025-04-28,RELIANCE.NS,1334.669497851195,1369.1318351951852,1314.9482133535364,1363.35498046875,31104496,73.07257785869008,21.1266299870681,8.94022183686099,12.186408150207109,1265.595778559024,1236.3989379882812,1348.0752394799476,1156.6312058325523,1252.35322265625,0.05259921775599641,1.155392567063211,0.0,1394.1319580078125,1
2025-04-29,RELIANCE.NS,1365.5461749701867,1405.2874774645995,1364.5501529607263,1394.1319580078125,32538970,76.289920818403,28.618013474342433,12.87578016435728,15.742233309985153,1277.8373194589085,1239.3083178710938,1372.5681327402467,1144.7529243886597,1258.6605285644532,0.022574441711784132,0.04611789884009054,0.0,1399.410888671875,1
2025-04-30,RELIANCE.NS,1396.4228227174156,1406.781475676485,1363.5540972183608,1399.410888671875,25480745,76.80190849745313,34.5823110917122,17.217086349828264,17.365224741883935,1289.415754622048,1242.6977807617188,1394.342159568132,1135.6084629904617,1264.9753112792969,0.0037865358682445116,-0.21691605481058562,0.0,1414.152099609375,1
2025-05-02,RELIANCE.NS,1408.3751233126775,1421.024554216323,1403.4945911426703,1414.152099609375,13007841,78.21648472803025,40.03703048390571,21.781075176643753,18.255955307261956,1301.295406525603,1246.746611328125,1417.0045337369636,1127.3585399935052,1272.1815368652344,0.0105338689707426,-0.4895031130369226,0.0,1425.6063232421875,1
2025-05-05,RELIANCE.NS,1425.3074680112338,1433.773654928142,1421.2238021682567,1425.6063232421875,12685649,79.27404662845731,44.76813581905185,26.378487305125375,18.389648513926474,1313.134541450992,1251.0334912109374,1439.9647592390859,1122.197240272633,1281.0809997558595,0.008099711223408246,-0.024769060445926416,0.0,1415.2476806640625,0
2025-05-06,RELIANCE.NS,1425.3074785225756,1426.3035005201457,1404.9886054552055,1415.2476806640625,14084117,75.69500360105908,47.138333630166926,30.530456570133687,16.60787706003324,1322.8596023284272,1255.0902905273438,1457.8041977486573,1121.2652724661866,1289.534735107422,-0.007266131195719505,0.11024016193416664,0.0,1400.4068603515625,0
2025-05-07,RELIANCE.NS,1415.2476117092149,1418.733688530858,1397.1199392858432,1400.4068603515625,13440169,70.76556340099414,47.274254128132725,33.879216081733496,13.395038046399229,1330.2450554734876,1258.697880859375,1470.8853136020832,1123.8515760463545,1297.3684448242188,-0.010486376706539735,-0.0457215741675534,0.0,1401.4029541015625,1
2025-05-08,RELIANCE.NS,1398.51446598441,1415.1481063364454,1392.438756100913,1401.4029541015625,16106175,70.9025293525072,46.921467078070236,36.48766628100085,10.433800797069388,1337.021998199971,1262.3154321289062,1480.5530399708055,1134.3333858104447,1307.443212890625,0.0007112888248419491,0.19836104739456784,0.0,1371.721435546875,0
2025-05-09,RELIANCE.NS,1379.988466695066,1389.251519832932,1369.032224808638,1371.721435546875,13668904,61.63589212771188,43.742592928182376,37.938651610437155,5.80394131774522,1340.3267065187238,1265.2985180664064,1479.420041877405,1156.5322530444698,1317.9761474609375,-0.021179860130747574,-0.15132525258169616,0.0,1430.7855224609375,1
2025-05-12,RELIANCE.NS,1394.430721507353,1433.275577320772,1394.430721507353,1430.7855224609375,10674081,70.02991984568219,45.46519597850079,39.44396048404988,6.021235494450906,1348.9418318465537,1269.3523266601562,1485.627353454877,1175.6537744748105,1330.6405639648438,0.04305836840007893,-0.21909752237633684,0.0,1410.0682373046875,0
2025-05-13,RELIANCE.NS,1427.7974767909468,1441.9409399606418,1406.7814377941193,1410.0682373046875,11407896,64.68384362098088,44.64403093732858,40.48397457470562,4.16005636262296,1354.763394271138,1273.0884033203124,1484.435477889886,1199.7890094148015,1342.1122436523438,-0.014479658083635383,0.0687473703825181,0.0,1418.7337646484375,1
2025-05-14,RELIANCE.NS,1414.3512435205853,1424.2118856620737,1409.8691445094285,1418.7337646484375,5570160,65.85789903683778,44.18317126654051,41.223813913072604,2.959357353467908,1360.8558104975473,1277.2687084960937,1485.5127637866692,1219.1750047680182,1352.3438842773437,0.006145466662176524,-0.511727666521504,0.0,1448.4151611328125,1
2025-05-15,RELIANCE.NS,1419.3313670179805,1455.5865925696291,1407.0802476372012,1448.4151611328125,20177211,69.58733886617647,45.686333679730296,42.116317866404145,3.570015813326151,1369.1947962723345,1282.252802734375,1490.986960067973,1235.0256375882768,1363.006298828125,0.020921047503038803,2.622375479339911,0.0,1450.6064453125,1
2025-05-16,RELIANCE.NS,1447.419102005185,1455.1881221330052,1441.542669553187,1450.6064453125,9036695,69.84918817326655,46.51818634622464,42.99669156236825,3.52149478385639,1376.9482866571122,1287.2189697265626,1492.7162726750182,1254.9199577937318,1373.818115234375,0.0015128840393894283,-0.5521335926952442,0.0,1435.0684814453125,0
2025-05-19,RELIANCE.NS,1446.3234565863577,1448.81351147394,1432.4787270944578,1435.0684814453125,6195791,65.54011105809914,45.40030529101023,43.47741430809665,1.9228909829135787,1382.4835433036073,1292.0138208007813,1493.6050093793865,1270.595063862801,1382.1000366210938,-0.010711357251580567,-0.31437422641795476,0.0,1418.932861328125,0
2025-05-20,RELIANCE.NS,1432.4787356808251,1439.2517336495314,1416.1440727881434,1418.932861328125,11270560,61.31019419142409,42.719918183804566,43.325915083238236,-0.60599689943367,1385.95490692499,1297.0606640625,1492.7195733530573,1284.3391424672552,1388.5293579101562,-0.011243797996968508,0.8190671699545709,0.0,1423.5145263671875,1
2025-05-21,RELIANCE.NS,1418.235682967954,1430.486680037078,1412.458707007589,1423.5145263671875,6136364,62.05897731894168,40.49855206949405,42.7604424804894,-2.261890410995349,1389.5320135385325,1302.3853955078125,1489.2721309729875,1301.5316776207626,1395.401904296875,0.0032289512519809715,-0.45554045229340867,0.0,1403.79345703125,0
2025-05-22,RELIANCE.NS,1415.5464438973825,1418.1361984129633,1391.3431818014155,1403.79345703125,12134466,56.94988058189122,36.723452835535,41.55304455149852,-4.829591715963524,1390.8902462521246,1307.0427954101563,1482.6057110827942,1319.094581885956,1400.850146484375,-0.0138537886130784,0.9774684161500198,0.0,1421.124267578125,1
2025-05-23,RELIANCE.NS,1401.004549811851,1428.0964217220903,1401.004549811851,1421.124267578125,6474883,60.06161888949918,34.72976791995529,40.18838922518988,-5.458621305234587,1393.769676854601,1311.3695166015625,1473.6407652770263,1340.5297303284424,1407.0852478027343,0.012345698336225563,-0.46640560861928326,0.0,1429.0924072265625,1
2025-05-26,RELIANCE.NS,1426.3034970063509,1435.2676949623965,1419.430920923106,1429.0924072265625,4842944,61.44159175995678,33.40761830939141,38.832235042030185,-5.424616732638775,1397.1337464138353,1315.0547973632813,1456.7302249589754,1370.8268062910245,1413.778515625,0.005606926734152973,-0.25204146545968475,0.0,1416.44287109375,0
2025-05-27,RELIANCE.NS,1420.426959119657,1431.2836233071982,1408.275539274527,1416.44287109375,12640414,58.01455022798114,30.981952702948774,37.262178574213905,-6.280225871265131,1398.9727106690655,1318.7141821289063,1452.6210196935317,1380.2448006189684,1416.43291015625,-0.008851447302390625,1.6100681734085711,0.0,1407.279541015625,0
2025-05-28,RELIANCE.NS,1414.4508509493858,1416.9409060075968,1405.0882196135674,1407.279541015625,5944611,55.5954195150312,27.997453857447,35.40923363086053,-7.411779773413528,1399.7638373687378,1322.0130078125,1452.0923038554115,1382.0882747578698,1417.0902893066407,-0.0064692549661740095,-0.5297139001934589,0.0,1412.1600341796875,1
2025-05-29,RELIANCE.NS,1406.4826358531975,1414.3512339364067,1402.996558868143,1412.1600341796875,13771917,56.63266184800665,25.72943907297713,33.47327471928385,-7.743835646306721,1400.9444275412093,1325.2152197265625,1451.8725098279967,1383.5829833360656,1417.7277465820312,0.003468033906426582,1.3167061730363856,0.0,1415.2476806640625,1
2025-05-30,RELIANCE.NS,1412.3591925541664,1424.9090454066045,1404.0921613404494,1415.2476806640625,13788484,57.312032041763494,23.90559941355059,31.5597396581372,-7.6541402445866105,1402.3066421243382,1328.661455078125,1451.9076769059534,1383.6573743635777,1417.7825256347655,0.0021864706617111818,0.0012029552603316507,0.0,1408.0762939453125,0
2025-06-02,RELIANCE.NS,1406.4826830156508,1411.8612262898896,1390.0483195350275,1408.0762939453125,8098668,55.15101837165348,21.632160290697357,29.57422378464923,-7.942063493951874,1402.8561327739549,1332.1445458984374,1451.082810954689,1382.7292373851549,1416.906024169922,-0.005067230857700444,-0.4126498605648018,0.0,1399.908935546875,0
2025-06-03,RELIANCE.NS,1416.6421539546416,1420.825397764224,1397.8173136420835,1399.908935546875,11252626,52.713238107212185,18.952928281855066,27.4499646840904,-8.497036402235334,1402.5754473237569,1335.4642895507814,1451.1095053789447,1381.1686684491804,1416.1390869140625,-0.005800366381819577,0.3894415723672091,0.0,1417.8372802734375,1
2025-06-04,RELIANCE.NS,1409.0722382665938,1420.0284799827916,1400.506473605418,1417.8372802734375,8126827,57.18687949737725,18.068008443635108,25.573573435999343,-7.505564992364235,1404.0289552237264,1338.9772583007812,1451.2300198547948,1382.7911959655178,1417.0106079101563,0.012806793550152351,-0.27778395905098063,0.0,1436.662109375,1
2025-06-05,RELIANCE.NS,1422.3193687346825,1448.913106617055,1417.9368477633757,1436.662109375,13716817,61.324348576797696,18.670487718730783,24.19295629254563,-5.522468573814848,1407.136874666705,1342.4284741210938,1453.2271954392636,1384.3199359083928,1418.7735656738282,0.013277143550585846,0.687844099548323,0.0,1437.7576904296875,1
2025-06-06,RELIANCE.NS,1435.2676355449807,1445.7258660607492,1431.28354772945,1437.7576904296875,8182161,61.55719581556531,19.01714332929396,23.157793699895297,-4.140650370601339,1410.053142834608,1345.7581762695313,1449.8736435270857,1394.2771133088518,1422.0753784179688,0.0007625878399228903,-0.4034941925666866,0.0,1443.0367431640625,1
2025-06-09,RELIANCE.NS,1451.204075048637,1451.70208605586,1439.5506661134996,1443.0367431640625,7885125,62.721816155531485,19.493141039123657,22.42486316774097,-2.931722128617313,1413.1944381040798,1348.6805078125,1451.7386719661529,1393.637206940097,1422.687939453125,0.003671726306536005,-0.03630287890937367,0.0,1432.777587890625,0
2025-06-10,RELIANCE.NS,1444.2318404180787,1448.1163503747662,1430.2875329933524,1432.777587890625,7913181,58.98217135632357,18.825535507472523,21.70499763568728,-2.879462128214758,1415.0594999885127,1351.7293310546875,1452.5861735071946,1395.060640457649,1423.8234069824218,-0.007109420686643664,0.0035580919769819808,0.0,1443.13623046875,1
2025-06-11,RELIANCE.NS,1440.048586734708,1462.7578142878924,1437.3592545136698,1443.13623046875,8195700,61.47952092262059,18.914277185402852,21.146853545630396,-2.2325763602275437,1417.733474319964,1355.2323388671875,1454.8891006845174,1395.1979598623575,1425.0435302734375,0.007229763129792621,0.03570233007434043,0.0,1435.865234375,0
2025-06-12,RELIANCE.NS,1447.7179200254843,1451.2039968882907,1428.6939248911117,1435.865234375,8828114,58.7744956431484,18.188234342280793,20.555129704960475,-2.3668953626796814,1419.4603086109198,1358.4873388671874,1452.7596098686122,1396.0724580024817,1424.416033935547,-0.0050383296741072225,0.0771641226496822,0.0,1422.2198486328125,0
2025-06-13,RELIANCE.NS,1418.335338487147,1429.7895915718395,1408.673973649598,1422.2198486328125,9757276,53.97485292091884,16.32360323114449,19.70882441019728,-3.3852211790527917,1419.723121946338,1361.5311840820314,1448.6692073749255,1397.3242008281995,1422.9967041015625,-0.009503249619472132,0.10525033999334399,0.0,1432.0804443359375,1
2025-06-16,RELIANCE.NS,1421.223780491138,1436.6621211041454,1418.7337255535565,1432.0804443359375,8458093,56.72501889723303,15.463286169037474,18.85971676196532,-3.396430592927846,1420.9000097929668,1365.2204516601562,1448.2706270944464,1397.423977397741,1422.8473022460937,0.006933242924857197,-0.1331501742904475,0.0,1425.506591796875,0
2025-06-17,RELIANCE.NS,1442.2398094911548,1442.2398094911548,1420.12817043809,1425.506591796875,10366599,54.391577680091586,14.088618910207288,17.905497191613716,-3.816878281406428,1421.338731888577,1368.8071240234376,1448.558327150087,1397.7936503889753,1423.1759887695312,-0.004590421274910161,0.22564258870173215,0.0,1424.4110107421875,0
2025-06-18,RELIANCE.NS,1424.3114328610282,1437.0605628519918,1420.028489708749,1424.4110107421875,6681735,53.99294903509963,12.7636495616307,16.877127665617113,-4.113478103986413,1421.6313298746352,1372.4206909179688,1448.608550168587,1397.8330758079755,1423.2208129882813,-0.000768555586478592,-0.3554554391464356,0.0,1427.598388671875,1
2025-06-19,RELIANCE.NS,1424.4110453044384,1434.1721095891817,1420.0285241646616,1427.598388671875,10007230,55.02565207040257,11.834377233785062,15.868577579250703,-4.03420034546564,1422.199621188658,1376.9745068359375,1448.2274122152712,1400.5947069253539,1424.4110595703125,0.002237681333301822,0.4976993251004418,0.0,1460.367431640625,1
2025-06-20,RELIANCE.NS,1425.3075053013415,1465.148385952672,1422.4190171371763,1460.367431640625,29010635,63.97794728079229,13.585504880600865,15.411963039520737,-1.8264581589198716,1425.834650755512,1382.9606005859375,1454.8026027865624,1397.9438327603127,1426.3732177734375,0.022953964664555127,1.8989675464639064,0.0,1451.0048828125,0
2025-06-23,RELIANCE.NS,1447.2199506188397,1457.9770367383994,1436.2637087352834,1451.0048828125,5989078,60.28563535346125,14.055780425228932,15.140726516662376,-1.0849460914334443,1428.2318157133204,1388.4307543945313,1457.8545841407374,1397.0830989647313,1427.4688415527344,-0.006411091226272259,-0.7935557770452112,0.0,1445.0286865234375,0
2025-06-24,RELIANCE.NS,1459.1721495093714,1469.1323689599471,1437.359244595668,1445.0286865234375,16402744,57.98524764197914,13.787316484995472,14.870044510328997,-1.082728025333525,1429.8315176952365,1393.7186352539063,1459.7603598905037,1398.0359047579338,1428.8981323242188,-0.0041186603572820335,1.7387761521890348,0.0,1461.463134765625,1
2025-06-25,RELIANCE.NS,1458.1762135192969,1466.5428226679085,1454.690136506102,1461.463134765625,7525851,62.251105603726025,14.730871189488653,14.842209846160928,-0.1113386566722756,1432.844052654321,1398.66587890625,1463.883334858481,1399.3312891649564,1431.6073120117187,0.0113730948011328,-0.5411834141897234,0.0,1489.3516845703125,1
2025-06-26,RELIANCE.NS,1463.2558362824063,1492.8377614283193,1459.2717484446844,1489.3516845703125,14657893,68.1591611590408,17.52697789464196,15.379163455857135,2.147814438784824,1438.2257318844156,1403.7495751953124,1475.1329925410926,1395.8007965214076,1435.46689453125,0.019082622846425812,0.9476724957748963,0.0,1509.3717041015625,1
2025-06-27,RELIANCE.NS,1493.4353527246628,1515.9454247275912,1490.9452978220222,1509.3717041015625,11117052,71.59588647722586,21.114960741404502,16.52632291296661,4.588637828437893,1445.0015387622393,1409.2496069335937,1490.1273434413235,1390.2188479649265,1440.173095703125,0.013442103526425164,-0.2415654828425886,0.0,1494.630615234375,0
2025-06-30,RELIANCE.NS,1507.7781788170053,1518.734421010171,1490.0489382705405,1494.630615234375,8409527,65.95128440944589,22.509504763093446,17.72295928299198,4.786545480101466,1449.7281174738712,1413.7536181640626,1497.4875432372069,1391.5140802979495,1444.5008117675782,-0.00976637419870141,-0.24354703027385316,0.0,1522.320068359375,1
2025-07-01,RELIANCE.NS,1494.630607775488,1525.3081343971446,1494.132596769193,1522.320068359375,10368523,70.63457446024391,25.55442292381167,19.28925201115592,6.265170912655751,1456.641636605824,1418.3930908203124,1509.5385060830238,1391.7042307333825,1450.6213684082031,0.018525950721715922,0.232949605845846,0.0,1512.75830078125,0
2025-07-02,RELIANCE.NS,1522.3200879079554,1523.9136988316195,1502.6983810571346,1512.75830078125,6361002,67.1973269392923,26.88606198453772,20.808614005832283,6.077447978705436,1461.9860808130074,1422.9269848632812,1518.1238493546173,1392.6109895125703,1455.3674194335938,-0.006281049417176665,-0.38650837732625953,0.0,1511.76220703125,0
2025-07-03,RELIANCE.NS,1514.7502729656237,1525.806092605863,1506.9812529023668,1511.76220703125,11283291,66.83246574583481,27.54351460209159,22.155594125084146,5.3879204770074445,1466.7266642623638,1427.2656567382812,1525.8162466578492,1392.4286019749634,1459.1224243164063,-0.0006584619297647087,0.7738228977132848,0.0,1521.2244873046875,1
2025-07-04,RELIANCE.NS,1517.9375659885409,1523.913698138102,1511.1645675851505,1521.2244873046875,6603501,68.57785303322831,28.49955237723475,23.424385775514267,5.075166601720483,1471.9169331235373,1431.7617016601562,1534.4184873319832,1392.1730409883294,1463.2957641601563,0.0062591062466228475,-0.4147539933163117,0.0,1535.367919921875,1
2025-07-07,RELIANCE.NS,1520.5271677380254,1538.65484117058,1518.933556847784,1535.367919921875,7251074,71.03168884387941,30.052054633464422,24.749919547104298,5.302135086360124,1477.9598842471887,1436.5645190429686,1544.9187177341066,1390.9059282619871,1467.9123229980469,0.009297400045306103,0.09806510213294439,0.0,1531.4833984375,0
2025-07-08,RELIANCE.NS,1529.8897875590692,1538.7544076502809,1524.1128113419518,1531.4833984375,7171261,69.42803040128274,30.6160526402075,25.92314616572494,4.692906474482559,1483.057361789123,1439.9270874023437,1552.8096224057383,1392.885604645043,1472.8476135253907,-0.0025300264737670997,-0.011007059092211668,0.0,1512.9573974609375,0
2025-07-09,RELIANCE.NS,1530.586937987722,1544.8301010282516,1504.0927774643353,1512.9573974609375,8870660,62.21401891386974,29.231172907870587,26.58475151415407,2.6464213937165155,1485.9049842340578,1442.3035961914063,1556.9015579170414,1395.7757858329587,1476.338671875,-0.012096769051145873,0.23697352529771254,0.0,1511.16455078125,0
2025-07-10,RELIANCE.NS,1513.654605815878,1518.6347158851345,1501.5031858807802,1511.16455078125,10047129,61.54752114066222,27.670015286630132,26.801804268649285,0.8682110179808475,1488.3106572385523,1444.5386694335937,1559.78191124975,1400.425364140875,1480.1036376953125,-0.0011849948205391314,0.13262474269107383,0.0,1489.2520751953125,0
2025-07-11,RELIANCE.NS,1505.9852937598653,1508.9733598189127,1484.371664566644,1489.2520751953125,7234991,53.9413631739444,24.383554536220117,26.318154322163455,-1.9345997859433375,1488.400316091577,1446.0406689453125,1558.6239011141095,1408.2865969327656,1483.4552490234375,-0.014500390162414223,-0.2798946843421638,0.0,1477.7977294921875,0
2025-07-14,RELIANCE.NS,1486.263916129696,1494.0329360309418,1473.2160528053016,1477.7977294921875,10311846,50.43278429668752,20.617079880393476,25.177939433809463,-4.5608595534159875,1487.3905459392543,1447.0844970703124,1557.2110576608384,1414.2711689016614,1485.74111328125,-0.007691341105986238,0.42527419868248617,0.0,1479.4910888671875,1
2025-07-15,RELIANCE.NS,1480.2878335086834,1490.5469086437597,1476.503022895967,1479.4910888671875,8132454,50.940818739168286,17.566268520354015,23.655605251118374,-6.089336730764359,1486.6382166942954,1448.369365234375,1554.478075344085,1422.4026009254462,1488.4403381347656,0.001145866813303309,-0.21134838514849819,0.0,1479.690185546875,1
2025-07-16,RELIANCE.NS,1467.1403332858122,1485.068728397248,1465.6463003598592,1479.690185546875,10409983,51.004403822235865,14.99172865978153,21.922829932851005,-6.931101273069476,1485.97649944216,1449.9550317382811,1550.5826342115186,1431.8259595384814,1491.204296875,0.000134571057024635,0.28005433538265323,0.0,1470.52685546875,0
2025-07-17,RELIANCE.NS,1481.4830970988437,1483.674296790977,1468.0368005528198,1470.52685546875,11854613,47.92563673433836,12.07281521680693,19.95282698964219,-7.88001177283526,1484.5051047780257,1451.337509765625,1546.1117609284902,1440.5896795011972,1493.3507202148437,-0.006192735592645882,0.1387735215321677,0.0,1470.12841796875,0
2025-07-18,RELIANCE.NS,1478.8934598804974,1478.8934598804974,1463.2558421043927,1470.12841796875,10296318,47.790553087907945,9.616551092347436,17.88557181018324,-8.269020717835804,1483.1358965104757,1453.3056494140626,1545.5403192946162,1442.1372197678836,1493.83876953125,-0.0002709488089376322,-0.13145051635173577,0.0,1422.9169921875,0
2025-07-21,RELIANCE.NS,1459.1722169809668,1470.128458883213,1417.4388712363768,1422.9169921875,22442744,35.14859284924371,3.816383683598815,15.071734184866356,-11.255350501267541,1477.4007627654305,1453.1482788085937,1549.9164790148022,1434.9522709851979,1492.434375,-0.032113810742112725,1.1796863694380844,0.0,1407.179931640625,0
2025-07-22,RELIANCE.NS,1421.721828538219,1426.2039275426996,1405.0881881707603,1407.179931640625,20396320,32.10039006209254,-2.026776622534271,11.652032023386232,-13.678808645920503,1470.713064563068,1453.0905126953126,1556.071099939528,1425.012774572191,1490.5419372558595,-0.011059717912765832,-0.09118421526351683,0.0,1418.932861328125,1
2025-07-23,RELIANCE.NS,1420.327316390472,1420.327316390472,1408.773485959778,1418.932861328125,8354596,36.527580196301955,-5.644098407282172,8.192805937252551,-13.836904344534723,1465.7816166359305,1453.0944946289062,1560.0564699235485,1416.7743772444203,1488.4154235839844,0.008352115762336965,-0.5903870894357414,0.0,1397.3192138671875,0
2025-07-24,RELIANCE.NS,1413.554298653669,1417.3392306864348,1390.4466381154343,1397.3192138671875,14740507,32.350195997483894,-10.138027826321604,4.5266391845377205,-14.664667010859326,1459.261387800812,1452.0725756835936,1565.7117141371411,1401.9158859605152,1483.8138000488282,-0.015232325679389147,0.7643590426155855,0.0,1386.1636962890625,0
2025-07-25,RELIANCE.NS,1393.3351272649268,1395.4267490386208,1378.593953801798,1386.1636962890625,11854722,30.416705531631095,-14.433278456287098,0.7346556563727566,-15.167934112659855,1452.299702894931,1450.783720703125,1568.93282483754,1386.3739744788663,1477.6533996582032,-0.007983514051346452,-0.1957724384921089,0.0,1382.080078125,0
2025-07-28,RELIANCE.NS,1386.7614543919697,1402.199795115413,1379.490445288333,1382.080078125,7748361,29.71653571806931,-17.959780216996933,-3.0042315183011814,-14.95554869869575,1445.612119583509,1449.7239526367186,1571.898111263018,1372.1536343424505,1472.0258728027343,-0.002945985510221405,-0.3463903244631127,0.0,1411.4627685546875,1
2025-07-29,RELIANCE.NS,1377.498442270458,1414.550412474214,1377.498442270458,1411.4627685546875,10750072,40.35536231826385,-18.17412076200003,-6.038209367040951,-12.135911394959079,1442.3598004379069,1449.57455078125,1566.8784624096174,1366.0875532153827,1466.4830078125,0.02125975975975969,0.3873994771281306,0.0,1404.4906005859375,0
2025-07-30,RELIANCE.NS,1412.458776601272,1417.6381639620697,1395.7256799199,1404.4906005859375,7209849,38.85249563698421,-18.691123240497973,-8.568792141732356,-10.122331098765617,1438.7532099758146,1449.194072265625,1562.5701622967981,1359.5690833086705,1461.0696228027343,-0.004939675437482083,-0.329320864083515,0.0,1384.669677734375,0
2025-07-31,RELIANCE.NS,1382.5780559389789,1397.0203743336986,1376.7015020683227,1384.669677734375,17065827,34.876114430632455,-20.464334147816317,-10.94790054294915,-9.516433604867167,1433.6023973813917,1448.8115966796875,1558.6105068746394,1350.8194858011418,1454.7149963378906,-0.014112535066659326,1.367015869541789,0.0,1388.15576171875,1
2025-08-01,RELIANCE.NS,1381.3828853186424,1400.3073026227253,1378.7932525308158,1388.15576171875,10321171,36.114539625414075,-21.342297997841342,-13.026780033927588,-8.315517963913754,1429.274146365902,1448.1522265625,1551.1078026746427,1345.015317442545,1448.0615600585938,0.0025176286015586857,-0.39521413172651987,0.0,1405.885009765625,1
2025-08-04,RELIANCE.NS,1389.550225151016,1410.466686507784,1386.1637261382157,1405.885009765625,6312820,42.14068891530247,-20.372645352408426,-14.495953097623758,-5.876692254784668,1427.046609546828,1447.6880786132813,1537.931392367082,1345.2434367344804,1441.5874145507812,0.012771800208446038,-0.3883620376021286,0.0,1386.1636962890625,0
2025-08-05,RELIANCE.NS,1405.38696851784,1405.38696851784,1382.5780415934858,1386.1636962890625,9315972,37.862346085904,-20.95398927958786,-15.787560334016579,-5.16642894557128,1423.1529987603742,1447.0824951171876,1524.1495098444302,1344.4933490422886,1434.3214294433594,-0.014027686005308682,0.47572273563953993,0.0,1387.259521484375,1
2025-08-06,RELIANCE.NS,1386.3630773472378,1390.3471654369864,1377.797312271222,1387.259521484375,5834312,38.23756823510575,-21.08325001288472,-16.846698269790206,-4.2365517430945125,1419.7345723531362,1446.6820947265626,1512.4007816924075,1343.6722895966552,1428.0365356445313,0.0007905453001302298,-0.3737301915463035,0.0,1383.8729248046875,0
2025-08-07,RELIANCE.NS,1382.1796145349972,1388.1557462486337,1360.5659868045632,1383.8729248046875,9976705,37.484231566813285,-21.214413570253555,-17.720241329882878,-3.494172240370677,1416.3191773485219,1446.1163525390625,1498.894528475017,1344.4493802163893,1421.6719543457032,-0.0024412135056487427,0.71000539566619,0.0,1362.35888671875,0
2025-08-08,RELIANCE.NS,1379.4904158119157,1391.6418351007062,1359.569976594415,1362.35888671875,8793606,33.03200807986788,-22.79163690473115,-18.734520444852535,-4.057116459878614,1411.1801020504483,1445.0585766601562,1490.110318354965,1340.5442714887847,1415.327294921875,-0.015546252622128498,-0.11858614642810428,0.0,1380.6856689453125,1
2025-08-11,RELIANCE.NS,1364.5501609316866,1382.4785572067017,1355.7851185633474,1380.6856689453125,9997486,39.61203551881331,-22.305653904784094,-19.448747136838847,-2.8569067679452473,1408.2758703261497,1444.5107641601562,1480.8825609541918,1340.0608228348706,1410.4716918945312,0.01345224258102995,0.13690401866992907,0.0,1374.9088134765625,0
2025-08-12,RELIANCE.NS,1376.402846498686,1396.3232867936674,1369.7294260490362,1374.9088134765625,12244664,38.3334542155131,-22.131534282335224,-19.985304565938122,-2.1462297163971016,1405.0980553880938,1444.01076171875,1469.6516162412317,1340.833540008768,1405.242578125,-0.004184048258546014,0.2247743082610969,0.0,1377.0999755859375,1
2025-08-13,RELIANCE.NS,1382.4785186353236,1386.2634508216695,1372.0202877666843,1377.0999755859375,7457021,39.135926233398905,-21.568110999243345,-20.301865852599168,-1.2662451466441773,1402.4315715974124,1443.196015625,1455.7295098416957,1344.4966254122105,1400.1130676269531,0.001593678131886156,-0.39099831567448484,0.0,1373.800048828125,0
2025-08-14,RELIANCE.NS,1377.300048828125,1380.699951171875,1370.0999755859375,1373.800048828125,7126128,38.3270170426285,-21.14413408292262,-20.470319498663862,-0.6738145842587571,1399.7047599050993,1441.9387744140624,1441.6068749464494,1348.9465796433942,1395.2767272949218,-0.0023962869917331098,-0.04437334962580897,0.0,1381.699951171875,1
2025-08-18,RELIANCE.NS,1390.0,1394.9000244140625,1377.0,1381.699951171875,11785109,41.44715815972157,-19.940808003307666,-20.364417199592626,0.42360919628496063,1397.9900162162207,1440.8176196289062,1422.233597322385,1359.4770105877712,1390.8553039550782,0.005750401851047249,0.6537885651226023,0.0,1420.0999755859375,1
2025-08-19,RELIANCE.NS,1390.0,1421.0,1389.0999755859375,1420.0999755859375,14384719,53.70709377504556,-15.70753567424481,-19.433040894523064,3.7255052202782544,1400.0957266323842,1440.3588842773438,1421.5361619049525,1359.8927443450477,1390.714453125,0.027791869270527236,0.22058429837178428,0.0,1413.0,0
2025-08-20,RELIANCE.NS,1413.0,1424.9000244140625,1410.0,1413.0,8725641,51.557567926112554,-12.77824588284011,-18.102081892186472,5.323836009346362,1401.3247050483474,1439.9633325195311,1422.5450463233224,1359.465866762615,1391.0054565429687,-0.0049996308062804085,-0.3934090057650761,0.0,1424.800048828125,1
2025-08-21,RELIANCE.NS,1425.0,1431.9000244140625,1420.300048828125,1424.800048828125,11021323,54.79575456474982,-9.396282796358264,-16.36092207302083,6.964639276662567,1403.560452074993,1439.5966088867187,1423.9611549425792,1358.6364768933583,1391.2988159179688,0.00835106074177272,0.2630960865797711,0.0,1409.199951171875,0
2025-08-22,RELIANCE.NS,1420.0,1423.4000244140625,1407.9000244140625,1409.199951171875,5818868,50.0339764634275,-7.883968706349833,-14.665531399686632,6.781562693336799,1404.097547227077,1439.0633032226563,1425.3929716151104,1358.392733951296,1391.8928527832031,-0.010948973274587437,-0.4720354353102617,0.0,1412.5999755859375,1
2025-08-25,RELIANCE.NS,1414.699951171875,1419.5,1405.699951171875,1412.5999755859375,5979407,51.032750747068974,-6.338034423810086,-13.000032004511324,6.661997580701238,1404.907302308873,1438.8709057617189,1427.775649564627,1358.653683931467,1393.214666748047,0.0024127338432242684,0.027589386801694094,0.0,1384.9000244140625,0
2025-08-26,RELIANCE.NS,1408.0,1410.0,1381.5999755859375,1384.9000244140625,12145259,43.418173980943116,-7.264286752638782,-11.852882954136815,4.588596201498033,1403.001847271272,1437.9272973632812,1427.7564322943974,1358.9548958306025,1393.3556640625,-0.01960919697764063,1.0311811856928288,0.0,1385.9000244140625,1
2025-08-28,RELIANCE.NS,1389.9000244140625,1392.199951171875,1366.5,1385.9000244140625,13161813,43.74451177180966,-7.827427047275023,-11.047791772764459,3.2203647254894356,1401.3731022372522,1437.135166015625,1425.5800966369047,1358.5749570740327,1392.0775268554687,0.0007220737832127622,0.08369965597275453,0.0,1357.199951171875,0
2025-08-29,RELIANCE.NS,1381.0999755859375,1403.5,1350.0,1357.199951171875,18758842,37.12631152841484,-10.468896915130244,-10.932012801237617,0.46311588610737253,1397.166135469121,1435.7909448242187,1425.94185448228,1353.4841342872512,1389.7129943847656,-0.02070861731481788,0.4252475703765126,0.0,1353.9000244140625,0
2025-09-01,RELIANCE.NS,1356.0,1363.199951171875,1340.5999755859375,1353.9000244140625,11232238,36.4435902116282,-12.682362941393421,-11.282082829268779,-1.4002801121246424,1393.0455534638772,1434.3169775390625,1427.6015245826227,1348.7474988548772,1388.17451171875,-0.002431422691227758,-0.4012296707867149,0.0,1366.5,1
2025-09-02,RELIANCE.NS,1354.800048828125,1384.5,1354.5,1366.5,11517006,40.91159865356768,-13.266905360340843,-11.679047335483194,-1.587858024857649,1390.5174055149366,1432.43962890625,1427.634989960879,1346.548457304746,1387.0917236328125,0.009306429838784158,0.025352739142457725,0.0,1372.5999755859375,1
2025-09-03,RELIANCE.NS,1369.699951171875,1376.5,1360.5,1372.5999755859375,7847563,43.000735815076936,-13.087082646275121,-11.96065439764158,-1.126428248633541,1388.8109836169367,1430.8715307617188,1425.4779668159258,1345.3769770317303,1385.427471923828,0.004463941153265649,-0.31861084382520943,0.0,1359.300048828125,0
2025-09-04,RELIANCE.NS,1371.800048828125,1374.0,1357.0999755859375,1359.300048828125,13223177,39.7045560115909,-13.858018179795181,-12.340127154072302,-1.5178910257228786,1386.0004183989545,1429.1569580078126,1425.7165562175633,1342.4520228839992,1384.0842895507812,-0.009689586911244885,0.6850042490898129,0.0,1375.0,1
2025-09-05,RELIANCE.NS,1363.0,1381.0,1359.300048828125,1375.0,5777575,45.05844868095978,-13.051683610525288,-12.482438445362899,-0.5692451651623891,1384.952759503816,1427.4276953125,1425.2592437065446,1341.6833832465804,1383.4713134765625,0.011550026195769059,-0.5630720968190928,0.0,1378.5,1
2025-09-08,RELIANCE.NS,1380.0,1386.0,1372.4000244140625,1378.5,6986720,46.20522750349,-11.992000587758184,-12.384350873841957,0.3923502860837722,1384.338210979643,1425.2106616210938,1425.0458621776916,1341.3594722949647,1383.2026672363281,0.0025454545454546285,0.20928244116259842,0.0,1376.199951171875,0
2025-09-09,RELIANCE.NS,1376.5999755859375,1381.199951171875,1368.699951171875,1376.199951171875,9754452,45.532630112280415,-11.208583304497779,-12.149197359973122,0.9406140554753435,1383.5631386169985,1422.5472265625,1424.7830095091745,1343.0064314087945,1383.8947204589845,-0.0016685156533369216,0.3961418233448599,0.0,1377.0,1
2025-09-10,RELIANCE.NS,1383.9000244140625,1388.5,1374.0999755859375,1377.0,7790815,45.82802491949327,-10.403240132696965,-11.800005914517891,1.3967657818209265,1382.938077796332,1420.1946142578124,1424.6880427447793,1342.7328312786583,1383.7104370117188,0.0005813463570054633,-0.2013067469090012,0.0,1383.300048828125,1
2025-09-11,RELIANCE.NS,1376.0,1385.5,1375.0,1383.300048828125,9766072,48.209933169869416,-9.15114981941042,-11.270234695496399,2.119084876085978,1382.9725512279315,1417.4142138671875,1424.9098959300773,1343.3501016285163,1384.1299987792968,0.0045751988584785686,0.2535366325602648,0.0,1395.0,1
2025-09-12,RELIANCE.NS,1383.300048828125,1396.300048828125,1380.5,1395.0,7403368,52.39611043666937,-7.132551334384971,-10.442698023274113,3.3101466888891427,1384.1180225395572,1415.0590478515626,1425.9339604240415,1344.1160395759587,1385.025,0.008457999536533478,-0.24192981579492756,0.0,1399.300048828125,1
2025-09-15,RELIANCE.NS,1393.0,1400.800048828125,1388.5999755859375,1399.300048828125,5396697,53.871854878066785,-5.126721830376255,-9.379502784694541,4.252780954318286,1385.563929805135,1412.8098046875,1427.3194592970542,1345.2805407029457,1386.3,0.0030824722782258895,-0.2710483931097306,0.0,1405.300048828125,1
2025-09-16,RELIANCE.NS,1404.699951171875,1408.0,1398.199951171875,1405.300048828125,8686961,55.92501778433657,-3.0181463291685304,-8.107231493589339,5.089085164420808,1387.443560188277,1410.4913159179687,1429.2531383082433,1345.7068714573816,1387.4800048828124,0.004287858065198158,0.6096810697358033,0.0,1413.800048828125,1
2025-09-17,RELIANCE.NS,1407.0,1416.199951171875,1406.9000244140625,1413.800048828125,7519417,58.727667311566634,-0.6536709783172228,-6.616519390534917,5.962848412217694,1389.9537019635006,1408.0599584960937,1428.0347312052165,1346.2952858846272,1387.1650085449219,0.006048530352708692,-0.13440189267570102,0.0,1415.0,1
2025-09-18,RELIANCE.NS,1420.4000244140625,1422.0,1410.699951171875,1415.0,9332642,59.1228397944392,1.3020100422236283,-5.032813503983208,6.334823546206836,1392.3390636812626,1405.7302905273436,1428.3960457734365,1346.133971316407,1387.2650085449218,0.0008487417813216602,0.24113904043358692,0.0,1407.4000244140625,0
2025-09-19,RELIANCE.NS,1414.9000244140625,1417.0,1403.5999755859375,1407.4000244140625,13461373,55.49839562084467,2.213135182034648,-3.5836237667796365,5.7967589488142846,1393.7734408939102,1403.6191430664062,1424.9701617373269,1347.8198529111107,1386.3950073242188,-0.005371007481227874,0.44239680467760367,0.0,1390.5999755859375,0
2025-09-22,RELIANCE.NS,1403.9000244140625,1410.699951171875,1388.0,1390.5999755859375,7757970,48.43052862241122,1.561583915745132,-2.554582230274683,4.116166146019815,1393.4712061026746,1401.2078515625,1422.6685864093504,1348.2614306804933,1385.4650085449218,-0.011936939417859782,-0.4236865734275397,0.0,1389.800048828125,0
2025-09-23,RELIANCE.NS,1391.0,1395.0,1376.800048828125,1389.800048828125,14014702,48.116315249004735,0.9695016276784827,-1.8497654586840497,2.819267086362532,1393.121572076527,1399.2188110351562,1419.4733417107357,1349.1766827033268,1384.3250122070312,-0.0005752385818038608,0.8064908732567926,0.0,1383.0,0
2025-09-24,RELIANCE.NS,1385.300048828125,1396.0,1380.4000244140625,1383.0,5922759,45.4186610814331,-0.04788299601545987,-1.489388966150332,1.441505970134872,1392.1576128311435,1397.3228564453125,1419.3818810594173,1349.078140913239,1384.2300109863281,-0.0048928252908457814,-0.57738958702083,0.0,1372.4000244140625,0
2025-09-25,RELIANCE.NS,1381.300048828125,1384.5,1369.0,1372.4000244140625,11411143,41.5116764596395,-1.6900156340152535,-1.5295142997233164,-0.16050133429193703,1390.2759377438026,1395.18103515625,1419.0692813170779,1348.0407406555785,1383.5550109863282,-0.007664479816296144,0.926660024491964,0.0,1377.5999755859375,1
2025-09-26,RELIANCE.NS,1372.0,1382.699951171875,1366.0,1377.5999755859375,9879109,44.05413820220894,-2.542516432025195,-1.7321147261836924,-0.8104017058415027,1389.0687032525773,1393.1392309570313,1418.120152554389,1351.0298718596734,1384.5750122070312,0.0037889471578049783,-0.1342577163391958,0.0,1372.800048828125,0
2025-09-29,RELIANCE.NS,1381.5999755859375,1389.0,1368.0,1372.800048828125,14231999,42.22932094412983,-3.564355756650002,-2.0985629322769546,-1.4657928243730476,1387.5193075931056,1391.1846948242187,1416.5239375179294,1354.5160893375391,1385.5200134277343,-0.003484267452727674,0.44061564661347496,0.0,1364.0,0
2025-09-30,RELIANCE.NS,1377.0999755859375,1377.0999755859375,1362.800048828125,1364.0,14604684,39.03674374110556,-5.026320880389903,-2.6841145218995446,-2.3422063584903587,1385.2793735366195,1389.0621264648437,1416.7231289538606,1354.066897901608,1385.3950134277343,-0.00641029175052632,0.026186412744970022,0.0,1368.699951171875,1
2025-10-01,RELIANCE.NS,1367.0,1378.5999755859375,1362.699951171875,1368.699951171875,12045916,41.57714900635922,-5.7395302612856085,-3.2951976697767575,-2.444332591508851,1383.7003809304533,1387.9777856445312,1416.890722874115,1353.5093015399475,1385.2000122070312,0.0034457120028408283,-0.17520187359069184,0.0,1363.4000244140625,0
2025-10-03,RELIANCE.NS,1363.199951171875,1371.5999755859375,1356.9000244140625,1363.4000244140625,12842347,39.57447081034006,-6.655690967610553,-3.967296329343517,-2.6883946382670363,1381.767013643178,1387.1021875,1416.4697710455293,1354.3402509271268,1385.405010986328,-0.003872234198061264,0.06611626712323071,0.0,1375.0,1
2025-10-06,RELIANCE.NS,1360.0,1377.4000244140625,1359.0,1375.0,12396580,45.735383985841345,-6.372278186876883,-4.448292700850191,-1.9239854860266927,1381.1225361533516,1386.2235302734375,1416.4697710455293,1354.3402509271268,1385.405010986328,0.008508123352075403,-0.03471071136763393,0.0,1384.800048828125,1
2025-10-07,RELIANCE.NS,1376.0,1395.9000244140625,1375.9000244140625,1384.800048828125,11244040,50.341880461386694,-5.295842304721191,-4.617802621624391,-0.6780396830967996,1381.472775455711,1385.9731469726562,1416.6256726486874,1354.8143542067812,1385.7200134277343,0.007127308238636276,-0.09297241658586486,0.0,1367.4000244140625,0
2025-10-08,RELIANCE.NS,1384.800048828125,1389.0,1364.5,1367.4000244140625,8525081,43.311712987458776,-5.780165514926466,-4.850275200284806,-0.9298903146416597,1380.1325134517444,1385.5978735351562,1416.956245829916,1353.6037883497715,1385.2800170898438,-0.012565008521473686,-0.24181335178458985,0.0,1377.800048828125,1
2025-10-09,RELIANCE.NS,1374.0,1380.0,1369.0999755859375,1377.800048828125,8826633,47.987089372233314,-5.264118612228458,-4.9330438826735366,-0.33107472955492145,1379.9103739637806,1385.5122729492186,1416.95631695762,1353.68372210488,1385.32001953125,0.00760569272222944,0.03537233253267624,0.0,1381.699951171875,1
2025-10-10,RELIANCE.NS,1377.800048828125,1388.0,1375.0999755859375,1381.699951171875,6373084,49.6636117419087,-4.488715084263049,-4.84417812299144,0.3554630387283906,1380.0808098883608,1384.9170166015624,1416.9044210755546,1353.5756082213202,1385.2400146484374,0.002830528527754783,-0.27797111310734224,0.0,1375.0,0
2025-10-13,RELIANCE.NS,1376.9000244140625,1377.699951171875,1367.800048828125,1375.0,7600682,46.868605294327566,-4.364520788778464,-4.748246656148845,0.38372586737038095,1379.5969232323264,1384.3272045898439,1415.8715614264431,1352.6084678704317,1384.2400146484374,-0.00484906376828953,0.19262228459565267,0.0,1375.9000244140625,1
2025-10-14,RELIANCE.NS,1380.0,1388.0,1370.0999755859375,1375.9000244140625,9768174,47.29768849709771,-4.145682617818011,-4.627733848482678,0.48205123066466715,1379.244837630587,1384.1518115234376,1414.1123925515483,1352.0276343039206,1383.0700134277345,0.0006545632102272769,0.28517072546910915,0.0,1374.300048828125,0
2025-10-15,RELIANCE.NS,1383.0,1384.0,1372.699951171875,1374.300048828125,10882743,46.57755872163379,-4.0546173440882285,-4.513110547603788,0.4584932035155598,1378.7739053636858,1383.874697265625,1411.0253834932282,1352.0146433622403,1381.5200134277343,-0.0011628574442528183,0.11410208294815383,0.0,1398.300048828125,1
2025-10-16,RELIANCE.NS,1375.0999755859375,1400.5,1375.0,1398.300048828125,12315932,57.12325441344163,-2.0225335274155896,-4.014995143566149,1.9924616161505595,1380.6335380745847,1383.722998046875,1407.504649883025,1353.9853769724439,1380.7450134277344,0.017463435310553166,0.13169372831831083,0.0,1416.800048828125,1
2025-10-17,RELIANCE.NS,1401.0,1423.300048828125,1399.0999755859375,1416.800048828125,19335561,63.16016031448813,1.0683872238510048,-2.9983186700827185,4.066705893933723,1384.07796767016,1384.3357250976562,1408.062906642995,1353.6071250952862,1380.8350158691405,0.013230350678671732,0.5699632800830663,0.0,1466.800048828125,1
2025-10-20,RELIANCE.NS,1440.0,1473.800048828125,1433.300048828125,1466.800048828125,24721978,73.86881048155388,7.46647741673678,-0.9053594527188189,8.3718368694556,1391.9562611137758,1385.9265356445312,1429.0038207191271,1338.6062134605602,1383.8050170898437,0.035290794944111026,0.2785756772198127,0.0,1465.199951171875,0
2025-10-21,RELIANCE.NS,1468.0,1474.0,1460.0,1465.199951171875,2066169,73.13613748074053,12.26649496375012,1.7290114305749689,10.53748353317515,1398.9318506431187,1387.553076171875,1445.0073836000356,1330.0626481382455,1387.5350158691406,-0.0010908764678105864,-0.9164237990989232,0.0,1448.4000244140625,0
2025-10-23,RELIANCE.NS,1475.0,1482.9000244140625,1444.5999755859375,1448.4000244140625,18707090,65.76110759835692,14.547238258208381,4.292656796101651,10.25458146210673,1403.6431052879705,1389.2738989257812,1453.7786566174645,1327.1513726794105,1390.4650146484375,-0.011465961860274265,8.053998003067512,0.0,1451.5999755859375,1
2025-10-24,RELIANCE.NS,1450.0,1459.800048828125,1441.0,1451.5999755859375,9700837,66.45498133304423,16.42363166491964,6.71885176986525,9.70477989505439,1408.2104262687292,1390.6921850585939,1462.4363082353455,1325.3537186201231,1393.8950134277343,0.0022093006889927214,-0.48143527400573793,0.0,1484.0999755859375,1
2025-10-27,RELIANCE.NS,1463.0,1485.0,1458.0,1484.0999755859375,14113867,72.54142296389213,20.299169158327004,9.434915247557601,10.864253910769403,1415.4380023941776,1392.8760083007812,1477.6344761949065,1321.3255457777498,1399.4800109863281,0.022389088279559433,0.4549122926196987,0.0,1486.9000244140625,1
2025-10-28,RELIANCE.NS,1484.0999755859375,1492.0,1477.5999755859375,1486.9000244140625,17631577,72.99602363236274,23.32759508778895,12.213451215603872,11.114143872185078,1422.2439092532143,1395.0720092773438,1491.092329027335,1318.797697828134,1404.9450134277345,0.0018866982509178065,0.2492378594753657,0.0,1504.199951171875,1
2025-10-29,RELIANCE.NS,1490.0,1508.300048828125,1488.0999755859375,1504.199951171875,11884745,75.67555211118126,26.814503063485972,15.133661585180292,11.68084147830568,1430.0492465788009,1397.6800073242186,1506.448403223266,1316.5816138665775,1411.5150085449218,0.011634895738622308,-0.3259397613724513,0.0,1488.5,0
2025-10-30,RELIANCE.NS,1500.0,1503.0999755859375,1484.0,1488.5,9318663,68.98553237800675,27.98841488186258,17.704612244516753,10.28380263734583,1435.6159849998676,1399.8160083007813,1515.6744228210955,1319.8055942687483,1417.740008544922,-0.01043740970716267,-0.2159139300001809,0.0,1486.4000244140625,0
2025-10-31,RELIANCE.NS,1490.4000244140625,1497.5,1482.300048828125,1486.4000244140625,8758053,68.11810133107791,28.421670648586087,19.848023925330622,8.573646723255465,1440.452560182172,1401.1420092773437,1523.1964465524538,1324.0535778616086,1423.6250122070312,-0.0014107998561890822,-0.06015991779078178,0.0,1484.699951171875,0
2025-11-03,RELIANCE.NS,1486.0,1495.0,1479.300048828125,1484.699951171875,8452085,67.37944497213819,28.301603988966235,21.538739938057745,6.76286405090849,1444.6665974192865,1402.5760083007813,1528.6240957862237,1330.7559213036202,1429.690008544922,-0.0011437521624487745,-0.034935618681458114,0.0,1473.0999755859375,0
2025-11-04,RELIANCE.NS,1483.9000244140625,1492.800048828125,1470.0999755859375,1473.0999755859375,10007806,62.40681597171062,26.959655089372063,22.62292296832061,4.336732121051455,1447.3745381970627,1403.5420068359374,1531.9110039894206,1337.279010659017,1434.5950073242188,-0.007813010013761779,0.18406357721201339,0.0,1473.0999755859375,0
2025-11-05,RELIANCE.NS,1473.0999755859375,1473.0999755859375,1473.0999755859375,1473.0999755859375,0,62.40681597171062,25.601038087246934,23.218545992105877,2.382492095141057,1449.824579853146,1404.8200073242188,1534.8904154996105,1343.129591824608,1439.0100036621093,0.0,-1.0,0.0,1496.0999755859375,1
2025-11-07,RELIANCE.NS,1494.5999755859375,1498.4000244140625,1475.9000244140625,1478.0,7821765,60.43059195889,24.713470303643817,23.9752999244812,0.738170379162618,1456.495402265876,1408.3520068359376,1539.0556145965736,1361.85438296202,1450.4549987792968,-0.012098105662256109,-0.533660337365327,-0.20813068553542052,1489.300048828125,1
2023-01-18,TCS.NS,3164.9930488338864,3192.1014494915976,3157.736038144992,3174.35693359375,2421189,66.73456178347729,30.372683432764916,10.158445213928815,20.2142382188361,3056.8517271244127,3044.4830615234373,3155.9169255632764,2902.3772638898486,3029.1470947265625,0.003433563505798709,0.433950162128548,0.0,3158.5322265625,0
2023-01-19,TCS.NS,3164.993215943756,3171.5479356217456,3147.20183396064,3158.5322265625,1585044,64.0597328800797,34.46985151300123,15.020726473743299,19.449125039257932,3066.535584213754,3048.9533056640626,3174.659510856146,2901.037266487604,3037.848388671875,-0.004985169394083999,-0.34534478720992046,0.0,3149.168701171875,0
2023-01-20,TCS.NS,3150.947748129291,3178.711579636659,3142.145786428645,3149.168701171875,1529349,62.464346813811595,36.54011676962773,19.324604532920187,17.215512236707543,3074.4054048764324,3051.2165234375,3187.0714803629153,2907.9618204183344,3047.516650390625,-0.0029645179212927086,-0.03513782582691716,0.0,3197.6728515625,1
2023-01-23,TCS.NS,3172.4840935039533,3201.512135681823,3142.145198929978,3197.6728515625,1067916,67.04313688282677,41.61498483068499,23.78268059247315,17.83230423821184,3086.1451617036773,3054.0918310546876,3208.6357702725445,2908.33673949308,3058.4862548828123,0.015402207691374459,-0.30171857437380223,0.0,3217.7119140625,1
2023-01-24,TCS.NS,3207.130678074058,3232.366302942939,3199.9205321987315,3217.7119140625,1387863,68.73974837835385,46.71533391179037,28.36921125633659,18.346122655453776,3098.675328594994,3057.421015625,3231.310008192924,2909.0013199320756,3070.1556640625,0.006266764434706973,0.2995994066949086,0.0,3211.57861328125,0
2023-01-25,TCS.NS,3207.411729976712,3216.494653144134,3188.4029967847964,3211.57861328125,874110,67.59281389448788,49.689699267294145,32.6333088585281,17.056390408766042,3109.4280223746377,3060.210947265625,3248.6447264778044,2914.6118409050077,3081.628283691406,-0.0019061062472515156,-0.3701755864952089,0.0,3194.068359375,0
2023-01-27,TCS.NS,3208.067323133592,3226.7950950141144,3167.147187296748,3194.068359375,1785879,64.29453341062671,50.056948743987505,36.11803683561999,13.938911908367515,3117.4890068508626,3062.766962890625,3260.3324406723377,2923.051690187037,3091.6920654296873,-0.005452226463907084,1.0430826783814395,0.0,3215.23046875,1
2023-01-30,TCS.NS,3202.4488564251296,3238.4529506239523,3170.190316444348,3215.23046875,1953798,66.42675147437748,51.46237573434246,39.18690461536448,12.275471118977975,3126.797717507923,3065.8478515625,3272.2733143846913,2934.4578867871837,3103.3656005859375,0.006625440345660261,0.09402596704479982,0.0,3145.0478515625,0
2023-01-31,TCS.NS,3229.603774595694,3229.603774595694,3137.8377061960487,3145.0478515625,2820375,54.749683535525065,46.37841458950015,40.62520661019162,5.7532079793085344,3128.535825513121,3068.6228564453127,3272.1691758447755,2950.455921811474,3111.312548828125,-0.02182817619751698,0.443534592624212,0.0,3191.5400390625,1
2023-02-01,TCS.NS,3149.074726433717,3201.5124857796245,3141.58361795573,3191.5400390625,2205161,59.79208531059409,45.57550369722185,41.61526602759767,3.9602376696241777,3134.536226803538,3071.751806640625,3279.4321625930816,2959.167324711606,3119.2997436523438,0.01478266458709121,-0.21813198599477024,0.0,3240.279052734375,1
2023-02-02,TCS.NS,3209.00376462258,3248.332086219939,3202.5427746615,3240.279052734375,1813847,64.28518146584688,48.315075983965926,42.955228018871324,5.359847965094602,3144.6069721302842,3075.9773046875,3293.0353347895452,2966.11031950733,3129.5728271484377,0.015271315125406248,-0.17745370972913088,0.0,3260.785888671875,1
2023-02-03,TCS.NS,3281.105474455395,3281.105474455395,3233.255928175393,3260.785888671875,1804469,66.00640721665806,51.54673832347771,44.673530079792606,6.873208243685106,3155.671630848531,3079.297265625,3307.51782637798,2974.5496540907698,3141.033740234375,0.00632872527450834,-0.005170226595738181,0.0,3239.857666015625,0
2023-02-06,TCS.NS,3252.2179497187885,3252.2179497187885,3218.227226687713,3239.857666015625,1138714,62.686094609541335,51.821752442272555,46.1031745522886,5.718577889983955,3163.6893484834927,3082.0247021484374,3299.9656806534017,3012.045403330973,3156.0055419921873,-0.006418152976236713,-0.3689478733078817,0.0,3251.656005859375,1
2023-02-07,TCS.NS,3248.2380505898204,3270.805105400791,3241.215136678997,3251.656005859375,1455647,63.79188307852105,52.387836170261835,47.36010687588325,5.027729294378588,3172.067125376434,3084.8855615234374,3305.882110908119,3027.327557060631,3166.604833984375,0.0036416228921130056,0.2783253740623195,0.0,3296.181396484375,1
2023-02-08,TCS.NS,3256.806212590937,3314.7217067182846,3256.806212590937,3296.181396484375,1986946,67.68403673009504,55.78621969737287,49.04532944018118,6.740890257191694,3183.887532148619,3088.5984765625,3311.198000344672,3050.734592428765,3180.9662963867186,0.013693142984610551,0.3649916497612402,0.0,3315.611083984375,1
2023-02-09,TCS.NS,3291.4053514774064,3321.9317059253344,3282.32242937323,3315.611083984375,1655427,69.23800210090636,59.36297707961239,51.10885896806742,8.254118111544969,3196.4326323234527,3092.8199267578125,3322.094156697317,3066.63140482612,3194.3627807617186,0.005894605048351709,-0.16684852029194552,0.0,3312.521240234375,0
2023-02-10,TCS.NS,3296.087576057787,3317.015950832913,3284.991280699878,3312.521240234375,1187821,68.6724635119138,61.24229544655691,53.13554626376532,8.106749182791589,3207.488690219731,3095.4258349609377,3327.4644494645827,3087.22776244948,3207.3461059570313,-0.0009319077755908234,-0.2824685111454628,0.0,3260.879638671875,0
2023-02-13,TCS.NS,3323.243212204788,3323.243212204788,3252.4521410923194,3260.879638671875,1087939,59.87051934177579,57.89722002027065,54.087881015066394,3.809339005204258,3212.5735424532686,3097.6672998046874,3325.1702757623148,3106.6438355658106,3215.9070556640627,-0.015589817488640856,-0.08408842746508105,0.0,3277.4541015625,1
2023-02-14,TCS.NS,3282.042314638044,3300.629721330629,3272.6784278630425,3277.4541015625,1579818,61.57290510815511,55.93881642661745,54.45806809737661,1.4807483292408392,3218.7526433208145,3100.4828759765624,3327.070621285399,3120.292269339601,3223.6814453125,0.005082819584649068,0.45212001775834865,0.0,3296.696044921875,1
2023-02-15,TCS.NS,3265.186663686666,3301.705814786116,3240.044541293242,3296.696044921875,1429449,63.508355427908114,55.30194508787463,54.626843495476216,0.6751015923984127,3226.1758244256775,3104.425810546875,3334.5222979206583,3126.160709891842,3230.34150390625,0.005871003151562526,-0.09518121707690375,0.0,3331.71728515625,1
2023-02-16,TCS.NS,3302.8296072991216,3347.589025161844,3302.642375313517,3331.71728515625,1618931,66.78717532346786,56.96646739003063,55.09476827438711,1.8716991156435228,3236.2273921143033,3109.1561572265623,3347.911711167298,3128.5073318014515,3238.209521484375,0.010623132905540622,0.13255597086709625,0.0,3278.436767578125,0
2023-02-17,TCS.NS,3301.846481950705,3313.7854362807207,3267.996126412151,3278.436767578125,1061369,58.21689959194105,53.371092094717824,54.75003303845325,-1.3789409437354294,3240.247332634667,3113.3711572265624,3348.82191458409,3139.587582486223,3244.2047485351563,-0.015991908381754016,-0.3444013364374393,0.0,3265.467529296875,0
2023-02-20,TCS.NS,3279.23239396636,3297.960163206602,3253.9967706372267,3265.467529296875,1296082,56.322319503889105,48.91140193384945,53.5823068175325,-4.6709048836830505,3242.649256126306,3118.3851806640623,3345.3797883439065,3154.659591538906,3250.0196899414063,-0.003955921434724119,0.22114175183183238,0.0,3231.4765625,0
2023-02-21,TCS.NS,3271.7412661185163,3285.6933626723758,3225.624134648472,3231.4765625,1139541,51.584116902321924,42.14841768232009,51.29552899049002,-9.147111308169933,3241.585190066658,3122.83474609375,3344.461439766256,3158.958311210307,3251.7098754882813,-0.01040921904502723,-0.12078016668698432,0.0,3185.17236328125,0
2023-02-22,TCS.NS,3197.719877797664,3227.731175089711,3179.0389728545315,3185.17236328125,1218430,45.91716292653663,32.675677175127475,47.57155862741752,-14.895881452290041,3236.212539896619,3125.5223046875,3346.2418303594695,3153.9239655389683,3250.082897949219,-0.014329114979849122,0.0692287508742555,0.0,3196.643310546875,1
2023-02-23,TCS.NS,3203.385262454029,3232.7877717818465,3191.212211178992,3196.643310546875,1441570,47.45712872600469,25.796703315466402,43.2165875650273,-17.419884249560894,3232.4440418633103,3127.8304296875,3346.901247286833,3151.7710183381673,3249.3361328125,0.0036013584061769244,0.18313731605426664,0.0,3184.142333984375,0
2023-02-24,TCS.NS,3204.7897468115684,3215.5113497676293,3167.14697359376,3184.142333984375,977592,45.92248922644108,19.115985456723593,38.39646714336656,-19.280481686642965,3227.8438792081733,3130.991796875,3347.617902123284,3150.0617609626534,3248.8398315429686,-0.003910657320213007,-0.3218560319651491,0.0,3119.90625,0
2023-02-27,TCS.NS,3174.357152183977,3174.357152183977,3105.0644001894007,3119.90625,1128022,38.95211960693737,8.53971279420648,32.42511627353454,-23.885403479328062,3217.564104997871,3134.055947265625,3357.056344936211,3131.0908962747267,3244.073620605469,-0.020173747667867392,0.15387810047545392,0.0,3102.114990234375,0
2023-02-28,TCS.NS,3116.769380027199,3176.230054694985,3089.988575268062,3102.114990234375,4116217,37.265007555488495,-1.2631051739035684,25.687471984046923,-26.95057715795049,3206.568951210871,3137.46376953125,3363.6475331237107,3120.2064219544145,3241.9269775390626,-0.0057024981970612565,2.6490573765405285,0.0,3170.330322265625,1
2023-03-01,TCS.NS,3111.618812305634,3173.420449865722,3104.127704722593,3170.330322265625,1669307,46.782588130742866,-3.487302392307356,19.852517108776066,-23.339819501083422,3203.1176532160857,3141.468642578125,3364.676194979818,3117.05678841862,3240.866491699219,0.021989943069807394,-0.5944560260064035,0.0,3110.167724609375,0
2023-03-02,TCS.NS,3147.201937733242,3155.535704440141,3106.9372298122285,3110.167724609375,1556538,40.890509905082645,-9.989461252326691,13.884121436555514,-23.873582688882205,3194.265279063066,3143.8198095703124,3370.6544232164542,3098.067427369483,3234.3609252929687,-0.01897676000312032,-0.06755438035064854,0.0,3129.551025390625,1
2023-03-03,TCS.NS,3140.647321593584,3144.392875942533,3119.20411439005,3129.551025390625,1043190,43.365378260399794,-13.423659029024293,8.422565343439553,-21.846224372463844,3188.102016808548,3146.720703125,3370.8413401397784,3084.7570241180338,3227.799182128906,0.006232236489331022,-0.329801135597075,0.0,3157.362060546875,1
2023-03-06,TCS.NS,3148.044810887243,3188.3563867099915,3145.329375332794,3157.362060546875,1334132,46.80670482248599,-13.742749536434076,3.9895023674648273,-17.732251903898902,3185.174401926484,3150.751875,3369.81200800739,3077.5367957035473,3223.6744018554687,0.008886589459834227,0.2788964618142429,0.0,3174.731201171875,1
2023-03-08,TCS.NS,3150.0106383790744,3179.9750677572342,3118.969453764318,3174.731201171875,1844590,48.89528297568142,-12.450564219887383,0.7014890499943855,-13.152053269881769,3184.179811378426,3154.6808837890626,3366.863936254877,3072.7923869873107,3219.828161621094,0.005501155804092939,0.3826143140258984,0.0,3124.588134765625,0
2023-03-09,TCS.NS,3169.675150708917,3169.675150708917,3118.9698036269974,3124.588134765625,1648500,43.575941655062984,-15.29629823824871,-2.498068407654234,-12.798229830594476,3178.5044136057786,3157.486171875,3359.482252436731,3063.0147446335814,3211.248498535156,-0.015794428954407524,-0.10630546625537385,0.0,3119.110107421875,0
2023-03-10,TCS.NS,3102.1613840520363,3124.962535572997,3080.718178750516,3119.110107421875,1024404,43.02524525307953,-17.788538773067557,-5.556162480736899,-12.23237629233066,3172.8478130168355,3160.225849609375,3346.704922142137,3056.141977271925,3201.423449707031,-0.0017531998162569895,-0.37858416742493173,0.0,3073.179931640625,0
2023-03-13,TCS.NS,3120.982606240172,3155.4417458445423,3063.8629125766106,3073.179931640625,1901233,38.61848625509105,-23.202376134486713,-9.085405211486862,-14.116970922999851,3163.3556338381486,3161.83359375,3335.588515535727,3043.3242530189605,3189.4563842773437,-0.014725410196953281,0.8559406249877979,0.0,3010.442138671875,0
2023-03-14,TCS.NS,3071.3542558398167,3094.2020436159,3005.245136815661,3010.442138671875,2670334,33.56189112405758,-32.184296285418895,-13.705183426273269,-18.479112859145626,3148.7924438223126,3162.4072412109376,3338.540122250201,3015.3288963044865,3176.9345092773438,-0.020414617550641556,0.4045274829544827,0.0,2995.4130859375,0
2023-03-15,TCS.NS,3043.2626298072746,3052.9543422417737,2988.952096721483,2995.4130859375,1780522,32.46523970641557,-40.053539399171314,-18.97485462085288,-21.078684778318433,3134.184885928521,3162.5933251953124,3335.719908992118,2989.9450080000697,3162.8324584960938,-0.004992307455876088,-0.3332212374931376,0.0,2982.397216796875,0
2023-03-16,TCS.NS,3003.9341511724883,3014.9835806177216,2970.224166932398,2982.397216796875,1901060,31.505111025119348,-46.80075317302544,-24.540034331287394,-22.260718841738047,3119.728917439793,3161.6053466796875,3325.5263631167845,2968.708671062903,3147.1175170898437,-0.004345266835392492,0.0676981244825956,0.0,2977.059814453125,0
2023-03-17,TCS.NS,2950.091781645998,3016.4816306299053,2944.005256783056,2977.059814453125,6739966,31.09895022083954,-51.9794655398141,-30.027920572992738,-21.951544966821363,3106.1413838220146,3160.4501953125,3301.257872117461,2957.511414991914,3129.3846435546875,-0.0017896349666938205,2.5453725816123636,0.0,2943.350341796875,0
2023-03-20,TCS.NS,2968.0240443218463,2968.0240443218463,2898.16959169806,2943.350341796875,2289468,28.591880477669477,-58.133577428938224,-35.649051944181835,-22.48452548475639,3090.637475057716,3158.685849609375,3288.4029672365846,2936.857677294666,3112.630322265625,-0.011323075368723234,-0.6603146069282841,0.0,2908.516357421875,0
2023-03-21,TCS.NS,2943.349963254583,2955.944342624212,2900.416459880619,2908.516357421875,1815297,26.237985652449865,-65.07146353233793,-41.53353426181306,-23.53792927052487,3073.2926067114454,3158.047744140625,3277.217796182855,2912.3477311608945,3094.782763671875,-0.011834807389505042,-0.207109686617153,0.0,2931.644775390625,1
2023-03-22,TCS.NS,2930.942484108125,2943.536862052205,2908.516028209043,2931.644775390625,1123939,30.338734326750625,-67.92057213968974,-46.8109418373884,-21.10963030230134,3059.8023370618434,3155.887236328125,3264.0988296054597,2895.483519027353,3079.7911743164063,0.007951964206675877,-0.38085117752081343,0.0,2925.886474609375,0
2023-03-23,TCS.NS,2916.756685986962,2946.2062896112416,2903.7409762156167,2925.886474609375,1372218,29.893144680019432,-69.83810775318852,-51.41637502054843,-18.421732732640095,3047.0484453997037,3154.2259228515627,3256.070935003069,2877.5828247625564,3066.8268798828126,-0.001964187758894731,0.22090077842302835,0.0,2922.00048828125,0
2023-03-24,TCS.NS,2948.593831820932,2968.35172179188,2908.422854222581,2922.00048828125,1329577,29.577433670385417,-70.85456780984669,-55.30401357840808,-15.550554231438603,3035.139116150327,3151.7123046875,3242.5241483313334,2863.6653292077294,3053.0947387695314,-0.0013281398174014303,-0.031074508569338133,0.0,2923.68603515625,1
2023-03-27,TCS.NS,2935.578124099564,2952.19902097445,2908.422855965948,2923.68603515625,1524217,29.92314766403976,-70.70902060711614,-58.3850149841497,-12.324005622966446,3024.524537008034,3149.1289306640624,3227.474577071872,2852.669270584378,3040.071923828125,0.0005768468834141949,0.14639242405667363,0.0,2917.693115234375,0
2023-03-28,TCS.NS,2928.0871200243587,2949.2027284444266,2912.3088808435405,2917.693115234375,1303530,29.371061232788662,-70.2672547798602,-60.761462943291804,-9.505791836568392,3014.350115886733,3145.689580078125,3220.831546482893,2839.0909876967944,3029.9612670898437,-0.0020497823124002723,-0.1447871267673828,0.0,2939.22998046875,1
2023-03-29,TCS.NS,2929.9598251029365,2949.6239850029565,2906.643841237109,2939.22998046875,1740616,34.07820559166974,-67.40233498448288,-62.08963735153002,-5.312697632952855,3007.1958172754967,3142.034853515625,3213.5755877611787,2830.0584454419463,3021.8170166015625,0.007381470354755004,0.33530950572675744,0.0,3001.968017578125,1
2023-03-31,TCS.NS,2987.03266564624,3008.616467852621,2951.4967652261007,3001.968017578125,2382581,45.47762476616655,-59.384878224571366,-61.54868552613829,2.1638073015669264,3006.697931590033,3138.80431640625,3192.7183010911826,2834.0795016431925,3013.3989013671876,0.021345058918924575,0.36881483336933596,0.0,2996.443115234375,0
2023-04-03,TCS.NS,3019.8059619263745,3019.8059619263745,2971.862917804718,2996.443115234375,1521830,44.74384560569827,-52.867377209616734,-59.81242386283399,6.945046653217254,3005.7212824133035,3135.2460400390623,3181.5251358022524,2833.9002059946224,3007.7126708984374,-0.0018404267838293409,-0.36126830525384024,0.0,3033.71142578125,1
2023-04-05,TCS.NS,2982.865485887537,3056.699808555153,2982.865485887537,3033.71142578125,2655065,50.540974273699916,-44.185625120546774,-56.68706411437655,12.501438993829773,3008.387010353108,3132.7496240234377,3168.1029865595588,2837.738395276379,3002.920690917969,0.01243751645322333,0.7446528193030759,0.0,3015.826416015625,0
2023-04-06,TCS.NS,3019.852932314139,3050.145191932085,3010.4890472526995,3015.826416015625,1703464,47.941542372089266,-38.30686713895466,-53.01102471929217,14.704157580337515,3009.0955251781097,3130.0827783203126,3145.3355526859314,2846.3522646968813,2995.8439086914063,-0.005895422225605795,-0.358409681118918,0.0,3055.809814453125,1
2023-04-10,TCS.NS,3015.17064931952,3063.862846140829,3010.488707317471,3055.809814453125,2203187,53.67745413087103,-30.074898279286117,-48.423799431290966,18.34890115200485,3013.5445051090633,3127.245517578125,3118.448910726193,2861.346767984745,2989.897839355469,0.013257858020331303,0.29335694796015654,0.0,3009.365478515625,0
2023-04-11,TCS.NS,3056.372136610268,3064.7527681622723,2989.0925298427164,3009.365478515625,2348779,47.17521694999308,-26.987577415251963,-44.136555028083166,17.148977612831203,3013.1465025763546,3123.0785888671876,3097.450951034943,2870.822462050994,2984.1367065429686,-0.015198699774387592,0.0660824523746737,0.0,3035.444091796875,1
2023-04-12,TCS.NS,3022.615613369113,3053.516437963673,2995.507208424168,3035.444091796875,2417727,50.780539822380504,-22.1808403236696,-39.74541208720046,17.564571763530857,3015.2700825021184,3119.5558984375,3078.2033103440463,2881.7035011793914,2979.953405761719,0.008665817916577279,0.029354826486442498,0.0,2986.0029296875,0
2023-04-13,TCS.NS,3005.80745747244,3024.535229793141,2977.7157989913894,2986.0029296875,4174070,44.56989225507694,-22.106129433591832,-36.217555556478736,14.111426122886904,3012.482734615012,3115.39458984375,3064.172926478821,2887.0161848493044,2975.5945556640627,-0.01628795016946194,0.7264438871717114,0.0,2939.79150390625,0
2023-04-17,TCS.NS,2934.735097780408,2962.171096151622,2874.9466045128725,2939.79150390625,5505048,39.68443563179482,-25.48205510131038,-34.070455465445065,8.588400364134685,3005.5597602617963,3109.885810546875,3060.4346076212146,2883.6894402303483,2972.0620239257814,-0.015476014883242684,0.31886815506208577,0.0,2931.598388671875,0
2023-04-18,TCS.NS,2954.258945363213,2956.038220735515,2912.73025124703,2931.598388671875,2617302,38.87090738927388,-28.49019916051202,-32.954404204458456,4.464205043946436,2998.515820110375,3105.6168212890625,3058.243528204823,2879.499049920177,2968.8712890625,-0.0027869715330112177,-0.5245632735627374,0.0,2893.06591796875,0
2023-04-19,TCS.NS,2931.5982121930915,2940.2598055693707,2876.117195161249,2893.06591796875,3298034,35.214638419464606,-33.59614787654027,-33.08275293887482,-0.5133949376654527,2988.472972287363,3099.6473388671875,3059.379968437319,2869.4294798048686,2964.4047241210938,-0.013143843594682014,0.2600892063659448,0.0,2907.298828125,1
2023-04-20,TCS.NS,2893.440233710702,2914.9771674891317,2882.203572608913,2907.298828125,2419999,37.551261499509245,-36.07828411878154,-33.681859174856164,-2.396424943925375,2980.742101414757,3092.987734375,3058.8544994182294,2862.9788501911453,2960.9166748046873,0.004919663277580311,-0.2662298205536996,0.0,2959.783935546875,1
2023-04-21,TCS.NS,2912.1684847934343,2963.154797269729,2903.553755576594,2959.783935546875,1929184,45.375251574045734,-33.42498304279525,-33.63048394844398,0.20550090564873358,2978.746085617816,3086.9676953125,3059.3480787443054,2864.12863024007,2961.7383544921877,0.018052876750796143,-0.2028161995108262,0.0,2972.8466796875,1
2023-04-24,TCS.NS,2950.6543147931907,2978.605378339961,2927.2912354963705,2972.8466796875,1640676,47.14998349871038,-29.92323214819362,-32.88903358839391,2.9658014402002877,2978.1842374339763,3081.6274755859376,3059.529905092615,2870.3798361183226,2964.954870605469,0.004413411392548694,-0.14954923947119614,0.0,2973.969482421875,1
2023-04-25,TCS.NS,2980.524201054417,2988.202540016163,2947.2824137036687,2973.969482421875,2024090,47.30845019684678,-26.749121318647212,-31.66105113444457,4.911929815797357,2977.7828321947286,3076.0737451171876,3060.456669598248,2873.6855423158145,2967.0711059570312,0.0003776860549340455,0.23369269740033993,0.0,2994.711181640625,1
2023-04-26,TCS.NS,2978.652208208756,3004.309165021367,2978.652208208756,2994.711181640625,2000029,50.274623460995464,-22.302840573562662,-29.78940902226819,7.48656844870553,2979.3950559514806,3070.0443408203123,3062.637555438705,2878.387127178483,2970.512341308594,0.006974415622402086,-0.011887317263560404,0.0,2985.159423828125,0
2023-04-27,TCS.NS,2982.397123705653,2995.693793574338,2968.959858407413,2985.159423828125,2434446,48.90919267323119,-19.327087444096833,-27.69694470663392,8.369857262537089,2979.944043368304,3063.4353076171874,3063.2213461230267,2884.1192300488483,2973.6702880859375,-0.0031895422406867935,0.2172053505224174,0.0,3014.46875,1
2023-04-28,TCS.NS,2996.817734912879,3021.9598581773703,2992.93181399006,3014.46875,2931312,53.116890005080386,-14.437339315344161,-25.04502362837597,10.607684313031807,2983.232110666561,3057.4742578125,3066.358132117815,2890.0607155384355,2978.209423828125,0.009818345358014069,0.20409818085921816,0.0,3014.609130859375,1
2023-05-02,TCS.NS,3029.2168833174005,3029.2168833174005,3005.807170154206,3014.609130859375,2321159,53.136797675189115,-10.430613512692616,-22.1221416052393,11.691528092546683,2986.2203983039717,3052.54884765625,3067.959939705321,2898.1505095134285,2983.055224609375,4.6569021282749645e-05,-0.2081501389139061,0.0,2977.62158203125,0
2023-05-03,TCS.NS,3011.4252969895283,3011.4252969895283,2971.3009599060388,2977.62158203125,2468285,47.42299381455856,-10.123147180520391,-19.72234272029552,9.599195539775128,2985.401463420855,3046.552197265625,3067.5329416841328,2902.4166676908676,2984.9748046875,-0.012269434352035202,0.06338471427420522,0.0,3015.826416015625,1
2023-05-04,TCS.NS,2977.855816369394,3019.337872913665,2975.8426725253744,3015.826416015625,1953253,53.04000675985622,-6.719212190116195,-17.121716614259654,10.402504424143459,2988.2990779536904,3040.9348046875,3069.013606089634,2902.321843129116,2985.667724609375,0.012830654578448009,-0.2086598589709049,0.0,3025.190185546875,1
2023-05-05,TCS.NS,3015.1708746358613,3037.644197925073,3005.853855077636,3025.190185546875,1710027,54.32789357231542,-3.2287719679034126,-14.343127684988406,11.114355717084994,2991.8125167720887,3034.8042626953124,3072.1195192176333,2902.090637032367,2987.105078125,0.003104876819674862,-0.12452355122454695,0.0,3043.824462890625,1
2023-05-08,TCS.NS,3038.580595995721,3047.80411390233,3025.7521196330254,3043.824462890625,928235,56.86327531990051,1.0291936007720324,-11.26866342783632,12.297857028608352,2996.7660354500445,3030.1120166015626,3073.839610596908,2901.3818493640297,2987.610729980469,0.006159704415536149,-0.4571810854448497,0.0,3074.397705078125,1
2023-05-09,TCS.NS,3045.697487480777,3088.209436182946,3039.517231610019,3074.397705078125,1107375,60.716433615061355,6.792368923372123,-7.6564569575946315,14.448825880966755,3004.159527795576,3026.2906201171877,3084.071560069432,2897.007028797755,2990.5392944335936,0.010044351295628084,0.19298992173318186,0.0,3077.721923828125,1
2023-05-10,TCS.NS,3080.7183214582064,3096.1687324928757,3058.2918614663445,3077.721923828125,1559987,61.12305905938009,11.495451154203238,-3.826075335235058,15.321526489438295,3011.1654702748665,3023.21552734375,3088.6482872594775,2894.6215125452104,2991.634899902344,0.0010812585322026447,0.40872513827745793,0.0,3073.3671875,0
2023-05-11,TCS.NS,3098.509308235851,3099.1647344133567,3063.862936400032,3073.3671875,1719623,60.24332874798581,14.701813523644887,-0.12049756345906859,14.822311087103955,3017.089443343927,3020.979423828125,3098.003749144548,2891.666221558577,2994.8349853515624,-0.0014149219571820693,0.1023316219942858,0.0,3066.0166015625,0
2023-05-12,TCS.NS,3070.5579481624777,3080.7178538053777,3052.6262016430187,3066.0166015625,1027479,58.707361982657375,16.460007230915835,3.195603395415912,13.264403835499923,3021.749172698077,3018.3668896484373,3102.7496608232036,2889.9775608564837,2996.3636108398437,-0.0023917044365528994,-0.4024975241666342,0.0,3047.9912109375,0
2023-05-15,TCS.NS,3075.099610318552,3082.590717773652,3041.717454165945,3047.9912109375,1150390,55.00385318175371,16.2120080943796,5.798884335208649,10.413123759170949,3024.2484144351647,3015.6438671875,3108.050221369143,2890.875828435545,2999.463024902344,-0.005879091005513093,0.11962385605934522,0.0,3050.894287109375,1
2023-05-16,TCS.NS,3049.068375144386,3076.036411321909,3043.684140938876,3050.894287109375,986306,55.49085268598982,16.064538971552338,7.852015262477387,8.21252370907495,3026.7861165946133,3014.2636279296876,3112.1845665168535,2897.8517616081467,3005.0181640625,0.0009524555587487882,-0.1426333678143934,0.0,3004.58984375,0
2023-05-17,TCS.NS,3048.8342019877773,3071.3543919557687,2994.804629290408,3004.58984375,1588815,46.79180160716008,12.072127066348912,8.696037623251692,3.3760894430972197,3024.672185847507,3012.313125,3110.418925005244,2906.916548627569,3008.6677368164064,-0.015177334578592383,0.6108743128400314,0.0,2996.302734375,0
2023-05-18,TCS.NS,3020.7423362528925,3023.5515016602685,2991.7611588555555,2996.302734375,1369364,45.4194744011731,8.145514973196896,8.585933093240733,-0.4404181200438373,3021.970333326316,3008.8325732421877,3101.0336397446335,2926.6255155288036,3013.8295776367186,-0.002758149965872536,-0.13812243716228767,0.0,3017.83984375,1
2023-05-19,TCS.NS,3005.8071597814496,3028.7486786022114,2999.299305266636,3017.83984375,1152449,49.559793273669996,6.694343112771094,8.207615097146807,-1.513271984375713,3021.576953366667,3006.986015625,3091.5772045394665,2947.136052296471,3019.3566284179688,0.007187894977338516,-0.15840565401164342,0.0,3088.86474609375,1
2023-05-22,TCS.NS,3024.5349008897992,3097.994534107272,3012.408715352909,3088.86474609375,1333243,60.26465340593732,11.146900467633714,8.795472171244189,2.3514282963895248,3027.9853145787706,3006.1722900390623,3098.650819934927,2952.970517955698,3025.8106689453125,0.0235350137916841,0.15687809178540646,0.0,3087.319580078125,0
2023-05-23,TCS.NS,3095.70021097073,3116.253891694738,3080.81172608266,3087.319580078125,1687418,59.96648479868942,14.385080018287226,9.913393740652797,4.471686277634429,3033.6361970072803,3004.7714404296876,3104.8165051512415,2958.2521227784464,3031.534313964844,-0.0005002375120435332,0.2656492477365342,0.0,3093.21923828125,1
2023-05-24,TCS.NS,3067.60891974456,3106.1880826590545,3067.60891974456,3093.21923828125,1016555,60.764686713762664,17.228810747757052,11.376477142073648,5.852333605683404,3039.310772366706,3003.141201171875,3110.4785701237847,2964.5150333918405,3037.4968017578126,0.0019109321371180155,-0.3975677632927941,0.0,3083.995849609375,0
2023-05-25,TCS.NS,3084.4640439086934,3095.7007070923314,3059.27528204957,3083.995849609375,1374917,58.791131854237626,18.524696288499854,12.80612097135889,5.718575317140964,3043.566494008865,3002.32935546875,3114.85089334612,2969.0711769663803,3041.96103515625,-0.0029818089056629082,0.3525259331762669,0.0,3117.1435546875,1
2023-05-26,TCS.NS,3083.995493566859,3126.273342470186,3081.6545223405287,3117.1435546875,1791115,63.39276983802002,21.973144951570248,14.639525767401164,7.333619184169084,3050.573833121116,3002.2900244140624,3123.553114411705,2973.5673689867326,3048.5602416992188,0.010748297564123988,0.3027077270846168,0.0,3109.13818359375,0
2023-05-29,TCS.NS,3147.015059228567,3157.502566515056,3101.319246826176,3109.13818359375,1210372,61.60364414559466,23.785909657875436,16.46880254549602,7.317107112379418,3056.151390308986,3003.009189453125,3130.9841206933315,2975.6033060644813,3053.2937133789064,-0.0025681753032232857,-0.3242354622679169,0.0,3105.251708984375,0
2023-05-30,TCS.NS,3104.128088430118,3115.317886043387,3091.346475980778,3105.251708984375,1344224,60.70785649136375,24.625070246307587,18.100056085658334,6.525014160649253,3060.8276111352134,3004.905380859375,3136.529501002621,2979.1221835676915,3057.8258422851563,-0.0012500166862583484,0.11058748880509461,0.0,3080.250244140625,0
2023-05-31,TCS.NS,3098.509821511272,3116.020242293331,3057.4490906976966,3080.250244140625,5815424,55.15196258361022,23.007485816703138,19.081542031867297,3.925943784835841,3062.6773857071576,3006.6021240234377,3132.978454756523,2992.936096024727,3062.957275390625,-0.008051348871788266,3.3262313423953147,0.0,3112.555419921875,1
2023-06-01,TCS.NS,3103.1915347837225,3127.537636142919,3087.741124305772,3112.555419921875,1177314,60.21819248672803,24.055005077293117,20.076234640952464,3.9787704363406533,3067.427674679988,3009.2052880859374,3137.4868541204455,2998.1005970514293,3067.7937255859374,0.010487841318315594,-0.7975531964651245,0.0,3095.325927734375,0
2023-06-02,TCS.NS,3114.662258881967,3123.6983164939847,3087.6942242667337,3095.325927734375,2030661,56.54915123664558,23.227147513483487,20.706417215458668,2.5207302980248194,3070.084651161358,3011.5706103515627,3139.0982563735647,3003.5027690170605,3071.3005126953126,-0.005535481256726538,0.7248253227261376,0.0,3079.68798828125,0
2023-06-05,TCS.NS,3104.127819115761,3115.364480904416,3076.0830297903385,3079.68798828125,1861468,53.37067266009132,21.066373368785662,20.778408446124068,0.2879649226615939,3070.999254696586,3014.29736328125,3139.7776856214214,3006.409692308266,3073.0936889648438,-0.005052113999694741,-0.08331917538180922,0.0,3026.688720703125,0
2023-06-06,TCS.NS,3071.3544082968083,3079.641538312168,3015.7330205175776,3026.688720703125,2022849,44.28555921292094,14.905524720766607,19.603831701052577,-4.69830698028597,3066.7792038400657,3016.660810546875,3140.381319644022,3001.035159848165,3070.7082397460936,-0.017209297753472574,0.08669555426147535,0.0,3066.57861328125,1
2023-06-07,TCS.NS,3046.071796534812,3070.2775307519573,3034.83513451255,3066.57861328125,1567196,51.04078413678264,13.090885162645463,18.301242393371155,-5.210357230725691,3066.7600999773213,3019.3594873046877,3139.7690944350056,3000.5330540024947,3070.15107421875,0.013179383894111885,-0.22525309600469434,0.0,3030.574462890625,0
2023-06-08,TCS.NS,3053.5628458916644,3061.9903422464718,3027.3439683433767,3030.574462890625,1759366,45.65959256073073,8.64784917953557,16.37056375060404,-7.722714571068469,3063.313848826207,3021.4532470703125,3139.7020895542423,2996.32078642232,3068.011437988281,-0.011740820937931384,0.12262027212933169,0.0,3005.1513671875,0
2023-06-09,TCS.NS,3038.580387671845,3043.262329717565,3001.452678693472,3005.1513671875,1775689,42.27067613331439,3.04023387537336,13.704497775557904,-10.664263900184544,3057.774564860616,3023.1162646484377,3141.7274465900573,2988.2089059490054,3064.9681762695313,-0.008388870167828189,0.009277773925379984,0.0,3040.359619140625,1
2023-06-12,TCS.NS,3010.488918516175,3047.3825326363863,3006.7433646517693,3040.359619140625,2324605,48.02416189546059,1.4207920250642019,11.247756625459164,-9.826964600394962,3056.115998601569,3025.449736328125,3141.754439170082,2987.4187541892925,3064.5865966796873,0.01171596623636173,0.3091284566159953,0.0,3037.36328125,0
2023-06-13,TCS.NS,3052.626459268436,3057.308401690627,3032.9623010952346,3037.36328125,1371928,47.58947505557005,-0.10321691474428007,8.977561917418475,-9.080778832162755,3054.3300255204676,3027.8431396484375,3141.7802649927416,2986.039827780696,3063.910046386719,-0.0009855208810699567,-0.40982317425971293,0.0,3044.245849609375,1
2023-06-14,TCS.NS,3037.363302755835,3048.7405600885963,3020.6489053565506,3044.245849609375,1658544,48.737266256376415,-0.7470279595477223,7.032643942025236,-7.779671901572958,3053.3696278146494,3029.94345703125,3139.524387452306,2992.2613059070686,3065.8928466796874,0.002265968118420947,0.20891475354391775,0.0,3034.104736328125,0
2023-06-15,TCS.NS,3061.461959229506,3063.490075009995,3028.161569428794,3034.104736328125,2273810,47.10048900182197,-2.0519028807948416,5.2157345774612205,-7.267637458256062,3051.534876244504,3030.58619140625,3135.9067600063604,2999.6591335483267,3067.7829467773436,-0.003331239913672346,0.3709675474391996,0.0,2995.0498046875,0
2023-06-16,TCS.NS,3015.897987371957,3018.1619412813734,2977.2205342964958,2995.0498046875,4156189,41.3421595807344,-6.166350395772497,2.939317582814477,-9.105667978586974,3046.1553456200277,3030.5583251953126,3138.7185400632097,2994.568349585228,3066.643444824219,-0.012871978733301481,0.8278523711303936,0.0,3028.538818359375,1
2023-06-19,TCS.NS,3009.2945192009797,3032.783904671728,2995.144231493138,3028.538818359375,1468186,47.29265824341437,-6.648160316636222,1.0218220029243374,-7.669982319560559,3044.477581119013,3030.454873046875,3136.771269484392,2990.483027390608,3063.6271484375,0.01118145468548204,-0.6467470560169424,0.0,3044.85888671875,1
2023-06-20,TCS.NS,3031.935003240005,3049.387024882799,3019.718634152184,3044.85888671875,1528452,49.956912619432,-5.6479984160910135,-0.31214208087873274,-5.335856335212281,3044.5138959380356,3031.0355224609375,3134.2379889935037,2988.7702385455586,3061.504113769531,0.005388759840369461,0.0410479326188915,0.0,3073.63134765625,1
2023-06-21,TCS.NS,3065.895902518188,3076.6500298673604,3041.321521606635,3073.63134765625,1645987,54.339079899027276,-2.5047920839988365,-0.7506720815027534,-1.754120002496083,3047.2869865778657,3031.391953125,3132.041317915057,2989.0081205615056,3060.5247192382812,0.00944952196734028,0.07689806418520173,0.0,3055.04736328125,0
2023-06-22,TCS.NS,3075.3294439700094,3082.545999160571,3047.123293648058,3055.04736328125,1529603,51.21929292074584,-1.4961044852489067,-0.8997585622519841,-0.5963459229969226,3048.026070073426,3032.3055908203123,3129.8025749224853,2988.3520149212645,3059.077294921875,-0.006046263286965448,-0.07070772733928032,0.0,3034.15185546875,0
2023-06-23,TCS.NS,3053.9150439557384,3065.329470831123,3027.359533332214,3034.15185546875,1119505,47.88996937874388,-2.3556506708687266,-1.1909369839753328,-1.1647136868933938,3046.7047163015523,3032.27974609375,3121.132743089282,2988.722676832593,3054.9277099609376,-0.006839667385731607,-0.2681074762536423,0.0,3008.96435546875,0
2023-06-26,TCS.NS,3023.444909170484,3031.840654703504,2993.2576277060675,3008.96435546875,1978803,44.163459112256945,-5.011498529449909,-1.955049293070248,-3.0564492363796614,3043.110396222238,3032.738974609375,3114.086996191896,2985.7510409174793,3049.9190185546877,-0.008301331376872945,0.7675695954908643,0.0,3016.228271484375,1
2023-06-27,TCS.NS,3020.614768577434,3027.8313232300598,3002.0307699984146,3016.228271484375,863542,45.48103547670314,-6.455722229035928,-2.855183880263384,-3.6005383487725435,3040.550193866251,3034.2677099609373,3105.9074826100928,2985.0282107492826,3045.4678466796877,0.0024140917463588707,-0.5636038554621152,0.0,3033.302734375,1
2023-06-28,TCS.NS,3026.274804348481,3047.9246980493767,3012.5017657954463,3033.302734375,1575872,48.5540819738338,-6.151601623715578,-3.5144674289538234,-2.637134194761755,3039.8599596289887,3036.301796875,3101.5887862134678,2984.6521561693444,3043.120471191406,0.005660865608895671,0.824893288340347,0.0,3115.185791015625,1
2023-06-30,TCS.NS,3037.595047943164,3122.4967728856745,3032.0293603212,3115.185791015625,2672406,60.153648769478956,0.6887549543343994,-2.673822952296179,3.3625779066305785,3047.0338483324776,3040.7441943359377,3102.3528722795295,2984.151107212658,3043.251989746094,0.026994686587884065,0.6958268184218008,0.0,3086.932861328125,0
2023-07-03,TCS.NS,3126.5536718409667,3130.798758681628,3083.583913425018,3086.932861328125,1687264,55.503514844294564,3.7863646634409633,-1.3817854291487506,5.168150092589714,3050.833754332063,3044.336875,3100.5512638716864,2985.113408979876,3042.8323364257812,-0.009069420440021014,-0.3686348556319661,0.0,3121.411865234375,1
2023-07-04,TCS.NS,3103.629579319784,3127.213390712792,3091.649049194268,3121.411865234375,1656681,59.607279913679456,8.920579252402604,0.6786875071615204,8.241891745241084,3057.5554791799022,3047.56943359375,3110.3199554967723,2979.517105050103,3044.9185302734377,0.011169340395506877,-0.018125794185142374,0.0,3131.88330078125,1
2023-07-05,TCS.NS,3131.930514471617,3140.420687553016,3117.7802260026187,3131.88330078125,1453008,60.790020752641524,13.676781218975975,3.2783062495244115,10.398474969451563,3064.6343193324115,3050.750166015625,3125.0968584031048,2975.259660151583,3050.178259277344,0.003354711264957899,-0.12294038502282578,0.0,3134.666015625,1
2023-07-06,TCS.NS,3119.2423400157145,3139.9016682049382,3114.9500399615063,3134.666015625,1848238,61.11586205443214,17.469272476972947,6.11649949501412,11.352772981958827,3071.3040046936103,3053.9640966796874,3136.890968854808,2970.2742899342543,3053.582629394531,0.000888511664229652,0.2720081376014447,0.0,3140.65625,1
2023-07-07,TCS.NS,3114.949894871217,3166.739853997233,3114.949894871217,3140.65625,1789326,61.85080676982539,20.719370962845915,9.037073788580479,11.682297174265436,3077.908980437076,3056.882998046875,3149.8037919004896,2968.36964559951,3059.08671875,0.0019109641490164808,-0.03187468280600225,0.0,3086.60205078125,0
2023-07-10,TCS.NS,3136.411106979029,3136.411106979029,3080.2344216445904,3086.60205078125,1407431,52.25315440197779,18.7176103407337,10.973181099011123,7.744429241722576,3078.7368918984257,3058.9118505859374,3151.0959318079363,2975.222574051439,3063.1592529296877,-0.01721111605854664,-0.21342952597793807,0.0,3087.026611328125,1
2023-07-11,TCS.NS,3108.346469831204,3108.346469831204,3076.083860576728,3087.026611328125,1110172,52.315742182878836,16.969841346057365,12.172513148420373,4.7973281976369915,3079.5263889869684,3060.3630078125,3153.362090472808,2977.6231146053165,3065.4926025390623,0.00013754949290190055,-0.21120680161229932,0.0,3075.23486328125,0
2023-07-12,TCS.NS,3095.0924803766343,3102.827925168305,3065.990192606951,3075.23486328125,1515240,50.34196435245481,14.466465892402539,12.631303697216808,1.835162195185731,3079.1176722530904,3061.5755224609375,3154.377186509636,2980.3951767716144,3067.386181640625,-0.0038197753150569502,0.36486958777558787,0.0,3151.316650390625,1
2023-07-13,TCS.NS,3097.970013505185,3176.6927438215494,3087.357296497897,3151.316650390625,4585146,60.65605563420299,18.409474227838018,13.78693780334105,4.6225364244969676,3085.9937654090463,3065.049423828125,3166.305543900926,2979.1738994584493,3072.7397216796876,0.02474015497736537,2.0260196404529975,0.0,3315.553955078125,1
2023-07-14,TCS.NS,3174.38133778216,3325.1763353579863,3162.117754604993,3315.553955078125,6306101,73.4674462852742,34.390482565682305,17.907646755809303,16.482835809873002,3107.856640615625,3071.043974609375,3226.2956742215247,2947.32869101285,3086.8121826171873,0.0521170427818296,0.37533265025802875,0.0,3293.904296875,0
2023-07-17,TCS.NS,3311.1676958814787,3348.807373291578,3280.0842731176085,3293.904296875,2743228,70.22142092576436,44.79226300145774,23.284570004938992,21.50769299651875,3125.57546502128,3076.4182568359374,3261.303853672543,2942.205960780582,3101.7549072265624,-0.006529725800410002,-0.5649882550247768,0.0,3298.762451171875,1
2023-07-18,TCS.NS,3279.093458412419,3324.374380738022,3268.7165803794683,3298.762451171875,2600090,70.53601704577642,52.81889801041734,29.191435606034666,23.627462404382676,3142.069463702289,3081.5170166015623,3292.511493702375,2938.020684032,3115.2660888671876,0.001474892364506264,-0.05217867417509592,0.0,3273.48046875,0
2023-07-19,TCS.NS,3301.733830753888,3317.62941289193,3250.4625290006256,3273.48046875,2405370,66.59322438887874,56.48885108053082,34.6509187009339,21.83793237959692,3154.584797516357,3085.498671875,3313.5344726885273,2939.8598632489725,3126.69716796875,-0.007664080938260209,-0.07488971535600686,0.0,3275.608642578125,1
2023-07-20,TCS.NS,3265.961471457686,3290.3630716712737,3249.8354394909547,3275.608642578125,1715404,66.76165192447075,58.89019169918174,39.49877330058347,19.39141839859827,3166.11087799843,3089.45640625,3332.683651913432,2940.9084135162557,3136.796032714844,0.0006501257143403105,-0.2868440198389437,0.0,3185.757080078125,0
2023-07-21,TCS.NS,3219.569630611566,3248.747595113561,3177.0083781918497,3185.757080078125,3770223,54.31152565739317,52.93282461465833,42.185583563398446,10.747241051259884,3167.981944863163,3091.7042041015625,3336.5774160417727,2950.0856210676025,3143.3315185546876,-0.0274304937812353,1.1978630106960226,0.0,3210.773681640625,1
2023-07-24,TCS.NS,3197.7688541503653,3228.460200845462,3189.351276356865,3210.773681640625,1680132,56.730946608762345,49.65777503359641,43.680021857438035,5.977753176158373,3172.0573483657786,3094.599345703125,3340.730034162433,2963.5951855641297,3152.1626098632814,0.007852639398948202,-0.5543680042268057,0.0,3214.935302734375,1
2023-07-25,TCS.NS,3213.3748157175096,3222.170854772474,3197.012331180356,3214.935302734375,1272980,57.13757753105677,46.85793359684067,44.315604205318564,2.5423293915221024,3176.14096306755,3097.9382275390626,3340.843800377096,2984.078514076029,3162.4611572265626,0.00129614277005774,-0.24233334047562927,0.0,3204.673095703125,0
2023-07-26,TCS.NS,3216.0700991340213,3235.459113541005,3201.551891104478,3204.673095703125,1066803,55.746336872001194,43.3116944903727,44.1148222623294,-0.8031277719566958,3178.858309032843,3101.0138037109373,3337.849693314244,3005.917103560756,3171.8833984375,-0.003192041538914281,-0.16196405285236215,0.0,3212.806640625,1
2023-07-27,TCS.NS,3210.9623660646657,3226.7572718804345,3201.5989838909395,3212.806640625,1701769,56.64732713493854,40.688551258384905,43.42956806154051,-2.7410168031556026,3182.091483470191,3105.1781396484375,3334.8605962413662,3026.856591258634,3180.85859375,0.002538026400502602,0.5952045504183996,0.0,3173.55615234375,0
2023-07-28,TCS.NS,3201.552091653801,3209.7805545405377,3150.4785870897526,3173.55615234375,2599831,51.22706575314532,35.03860178344166,41.75137480592074,-6.712773022479077,3181.2785947914826,3108.7232080078124,3334.875184295295,3032.6790393375177,3183.7771118164064,-0.012216884696682029,0.5277226227531469,0.0,3236.026611328125,1
2023-07-31,TCS.NS,3182.068354209049,3240.9447543990277,3178.758034519653,3236.026611328125,2743678,58.099007016736465,35.19610132423759,40.44032010958411,-5.2442187853465185,3186.492691604496,3113.086943359375,3337.1035865587046,3045.3600120741075,3191.231799316406,0.01968468682624036,0.05532936563953572,0.0,3264.96826171875,1
2023-08-01,TCS.NS,3229.9261181206225,3272.487370043149,3229.9261181206225,3264.96826171875,1956167,60.851042540190235,37.22713887227019,39.797683862121325,-2.570544989851136,3193.966555424901,3116.609013671875,3343.9600999437644,3052.859138337486,3198.409619140625,0.008943576140354015,-0.2870274864616037,0.0,3254.185791015625,0
2023-08-02,TCS.NS,3248.794745533095,3259.624172957825,3228.6019354760515,3254.185791015625,1914899,59.28868223883967,37.53402659458425,39.344952408613906,-1.810925814029659,3199.7017207192557,3119.946337890625,3348.651110198389,3060.3983771062985,3204.5247436523437,-0.0033024733592506017,-0.021096358337503895,0.0,3215.69189453125,0
2023-08-03,TCS.NS,3234.655344119481,3247.187269063804,3185.473449998366,3215.69189453125,2026351,53.96196996659506,34.27598931736384,38.3311597903639,-4.055170473000061,3201.224594415636,3122.395791015625,3349.130832174968,3068.021243020344,3208.576037597656,-0.011829040797440515,0.05820254749728315,0.0,3256.928955078125,1
2023-08-04,TCS.NS,3216.921331586077,3282.89127289534,3216.921331586077,3256.928955078125,2248493,58.28564895342102,34.62235252764094,37.58939833781931,-2.9670458101783694,3206.5297716215873,3125.854453125,3352.8289674016314,3075.9503783014934,3214.3896728515624,0.012823697636270559,0.10962661454012657,0.0,3295.234375,1
2023-08-07,TCS.NS,3266.765531241256,3298.970261310104,3254.753845107052,3295.234375,1853889,61.86811584768395,37.55486600492941,37.58249187124133,-0.02762586631192221,3214.977829086198,3129.41626953125,3354.325735745416,3095.316842379584,3224.8212890625,0.0117612083193126,-0.1754970996129408,0.0,3282.51318359375,0
2023-08-08,TCS.NS,3295.2342234134017,3300.8143843885464,3269.271904484311,3282.51318359375,1634225,60.02447094119124,38.40964772247844,37.747923041488754,0.6617246809896855,3221.4097676107267,3132.88376953125,3349.7366095415077,3119.454625810055,3234.5956176757813,-0.003860481519239456,-0.11848821585326841,0.0,3274.851806640625,0
2023-08-09,TCS.NS,3277.12164765902,3279.107931732288,3239.4314340041437,3274.851806640625,1794589,58.88634913484673,38.0304677417048,37.80443198153196,0.22603576017283444,3226.499485613574,3136.275771484375,3334.5982450350875,3154.554684652412,3244.57646484375,-0.0023339973138316594,0.09812847068182173,0.0,3255.55712890625,0
2023-08-10,TCS.NS,3263.028899820283,3277.121309081778,3244.160126711926,3255.55712890625,1096701,56.006219451644704,35.760817194006904,37.39570902402696,-1.6348918300200523,3229.266880212877,3139.7819091796873,3329.034286976693,3170.54269056237,3249.7884887695313,-0.005891771253664024,-0.3888845858299589,0.0,3261.894287109375,1
2023-08-11,TCS.NS,3251.7742137198647,3278.7767779421333,3228.9802071811523,3261.894287109375,1679974,56.75435703982085,34.08059856236741,36.73268693169505,-2.652088369327636,3232.374252298258,3142.7686865234373,3320.694863927591,3173.5161468145966,3247.105505371094,0.00194656642540747,0.5318432280083634,0.0,3262.88720703125,1
2023-08-14,TCS.NS,3254.232948132693,3267.7580130080946,3226.142570874272,3262.88720703125,1190425,56.87809202715806,32.455012351148525,35.87715201558575,-3.422139664437225,3235.2802479871143,3146.119912109375,3316.3893890964346,3174.7199126613777,3245.554650878906,0.0003043997856702063,-0.29140272408977763,0.0,3270.97412109375,1
2023-08-16,TCS.NS,3263.02944611053,3278.1623362953906,3249.031476507618,3270.97412109375,1328445,57.933783229099596,31.456657183799052,34.993053049228415,-3.5363958654293626,3238.679664473461,3149.945634765625,3311.788115977738,3176.5423527722623,3244.165234375,0.002478453452228857,0.11594178549677636,0.0,3249.5517578125,0
2023-08-17,TCS.NS,3267.758516551608,3273.2442354964764,3228.2237942504853,3249.5517578125,1843241,54.151788055529074,28.607083190546746,33.715859077492084,-5.108775886945338,3239.7151019343214,3154.4028955078124,3309.309243640041,3176.6283540162085,3242.968798828125,-0.006549230439673037,0.38751773690292035,0.0,3184.62255859375,0
2023-08-18,TCS.NS,3225.197531954498,3225.197531954498,3174.596925514743,3184.62255859375,2526749,44.63984740454409,20.868967067950052,31.146480675583682,-10.27751360763363,3234.468193044743,3156.7637744140625,3307.6008130100095,3169.238176247803,3238.4194946289062,-0.019980970933190623,0.3708185744566228,0.0,3217.2998046875,1
2023-08-21,TCS.NS,3192.094175634842,3224.96092307286,3189.256758589833,3217.2998046875,1375579,49.45211131430134,17.17524937176495,28.35223441481994,-11.17698504305499,3232.8331084392917,3160.49828125,3305.6521535331776,3174.341108185572,3239.996630859375,0.010260947880799787,-0.4555933335681541,0.0,3198.856689453125,0
2023-08-22,TCS.NS,3215.7394137390943,3226.14327654825,3182.683550359196,3198.856689453125,1222012,46.97040721730759,12.614336008515693,25.204654733559092,-12.5903187250434,3229.5972590120377,3164.3723876953127,3306.310648340855,3172.4909141591447,3239.40078125,-0.005732482626426005,-0.11163808112801954,0.0,3214.083984375,1
2023-08-23,TCS.NS,3204.389476660781,3217.630755489958,3193.039809092915,3214.083984375,1330046,49.23556210645497,10.111930706193561,22.186109928085987,-12.074179221892425,3228.1198042847004,3167.846875,3306.331338147745,3172.3850925163174,3239.3582153320312,0.0047602304198499645,0.08840666049105894,0.0,3204.153076171875,0
2023-08-24,TCS.NS,3223.305640497011,3228.0820051896408,3195.02614405484,3204.153076171875,1152881,47.80148695788064,7.2439118724305445,19.1976703169549,-11.953758444524354,3225.8372587501453,3171.1826708984377,3306.35956202348,3172.3048666874574,3239.3322143554688,-0.0030898098031673094,-0.13320215992529583,0.0,3198.052490234375,0
2023-08-25,TCS.NS,3192.093868830644,3202.308615392816,3168.68518045922,3198.052490234375,1158046,46.8978107579829,4.427680439312098,16.24367234142634,-11.815991902114241,3223.1910903200724,3174.2588037109376,3307.0822458716775,3170.1067678001973,3238.5945068359374,-0.0019039620743677155,0.004480080771562811,0.0,3192.61376953125,0
2023-08-28,TCS.NS,3210.0638346484766,3210.0638346484766,3178.001120885428,3192.61376953125,1037485,46.0617803969342,1.7369153522686247,13.342320943594798,-11.605405591326173,3220.2789645306607,3177.428984375,3304.8450645307494,3174.2497108598754,3239.5473876953124,-0.001700635220882929,-0.10410726344203947,0.0,3193.181396484375,1
2023-08-29,TCS.NS,3197.8159823429864,3205.85532972246,3182.63575669748,3193.181396484375,944517,46.16963724430854,-0.34574705701515995,10.604707343472807,-10.950454400487967,3217.698243764348,3181.3916162109376,3305.763823040047,3169.046430866203,3237.405126953125,0.00017779380598503813,-0.08960900639527314,0.0,3207.1796875,1
2023-08-30,TCS.NS,3213.847663649171,3223.4003932710566,3199.707915077835,3207.1796875,1188200,48.88421829750478,-0.8568496948710163,8.312395935804043,-9.169245630675059,3216.6964765010766,3184.96443359375,3302.8551911873888,3166.1762052969866,3234.5156982421877,0.00438380701799046,0.25799747384112726,0.0,3174.880615234375,0
2023-08-31,TCS.NS,3216.6851809304703,3232.196302023633,3162.44313175206,3174.880615234375,3417652,43.44078522639563,-3.82408573495195,5.885099601652844,-9.709185336604794,3212.7140135232958,3187.5648681640623,3302.9471196399745,3158.1537592662753,3230.550439453125,-0.01007086456412487,1.876327217640128,0.0,3196.066650390625,1
2023-09-01,TCS.NS,3183.5820610390588,3205.3355926504364,3174.8806945764272,3196.066650390625,1277950,47.56525122809357,-4.415209905058873,3.825037700310501,-8.240247605369374,3211.128550367803,3190.01357421875,3303.2651667583023,3155.873187733885,3229.5691772460937,0.006673017893835453,-0.6260736903581757,0.0,3233.236572265625,1
2023-09-04,TCS.NS,3194.9314439412847,3246.8089755295628,3187.412335303978,3233.236572265625,1828332,53.91492352494616,-1.862903622036356,2.68744943584113,-4.550353057877485,3213.2340762628337,3193.5773583984374,3301.03759691867,3155.731519292268,3228.384558105469,0.011629895725252526,0.4306756915372276,0.0,3243.49853515625,1
2023-09-05,TCS.NS,3234.6551604094307,3260.191911675821,3220.609854849088,3243.49853515625,1501842,55.516524437359664,0.9766143359602211,2.3452824158649483,-1.3686680799047273,3216.1164056812545,3197.7642919921873,3292.157429571146,3159.4381026554165,3225.7977661132813,0.003173897938261394,-0.178572600599891,0.0,3244.018798828125,1
2023-09-06,TCS.NS,3247.8966944672416,3257.2600783046946,3213.942363030444,3244.018798828125,1314818,55.600770027802284,3.2316808998284614,2.522562112657651,0.7091187871708104,3218.773776457147,3202.465380859375,3285.6133112759453,3162.1327824740547,3223.873046875,0.00016040200611655564,-0.12452974414086171,0.0,3267.994873046875,1
2023-09-07,TCS.NS,3244.869971787651,3272.4874497481187,3236.8306240064776,3267.994873046875,1885092,59.41537250545325,6.874263975581471,3.392902485242415,3.4813614903390557,3223.461499941883,3207.500712890625,3284.201201443153,3162.8591989474717,3223.5302001953123,0.007390855511506533,0.433728470404269,0.0,3255.3681640625,0
2023-09-08,TCS.NS,3267.9947610381087,3277.21636552986,3248.8895343242925,3255.3681640625,1518917,56.654750412604,8.642541577767588,4.442830303747449,4.199711274020139,3226.5002298581326,3211.942021484375,3284.171855747277,3162.869648158973,3223.520751953125,-0.0038637481008660934,-0.19424781389979906,0.0,3292.018310546875,1
2023-09-11,TCS.NS,3274.379127713751,3296.7946752137577,3258.3004318237645,3292.018310546875,1783604,62.151732994531635,12.853112164242702,6.124886675846501,6.728225488396202,3232.740047066584,3215.478671875,3290.7031230053417,3159.3507832446585,3225.026953125,0.01125837221392434,0.1742603447061295,0.0,3386.74072265625,1
2023-09-12,TCS.NS,3302.7531395912592,3395.3474150298325,3294.240889231488,3386.74072265625,4476016,72.02590378030067,23.561721855655833,9.612253711808368,13.949468143847465,3247.406778075124,3221.4748291015626,3326.6321608025196,3135.80709700998,3231.21962890625,0.02877335518028734,1.5095346276415618,0.0,3374.49267578125,0
2023-09-13,TCS.NS,3377.5665440481635,3394.3545938136126,3352.880924986968,3374.49267578125,1754929,69.5010020705705,30.70609640043085,13.831022249532865,16.875074150897987,3259.510196904279,3226.5364453125,3349.469601379294,3123.3215119019555,3236.395556640625,-0.0036164701930279097,-0.607926111077351,0.0,3367.114990234375,0
2023-09-14,TCS.NS,3376.573045441612,3402.7244757258027,3353.4481466418274,3367.114990234375,2604721,67.95567826228503,35.36508049985832,18.137833899597958,17.227246600260365,3269.7582724595263,3231.2410791015627,3368.8850344832426,3115.662402040195,3242.273718261719,-0.0021863095450834757,0.4842315558065311,0.0,3403.292724609375,1
2023-09-15,TCS.NS,3374.492986988356,3411.852312447012,3369.385497620401,3403.292724609375,2952897,71.3228850967451,41.498233969496596,22.809913913577688,18.688320055918908,3282.4758393309403,3236.61361328125,3394.8862716578083,3111.528181467192,3253.2072265625,0.01074443090893129,0.13367113022853494,0.0,3410.717041015625,1
2023-09-18,TCS.NS,3386.031651454892,3423.1545241820786,3381.4917380350003,3410.717041015625,1395753,71.97373921806087,46.422750002680004,27.532481131398153,18.89026887128185,3294.689287110434,3242.0148291015626,3419.092201975276,3106.6639747825366,3262.8780883789063,0.002181509792726466,-0.5273275701793865,0.0,3410.62255859375,0
2023-09-20,TCS.NS,3385.9842748809256,3428.545529732781,3385.9842748809256,3410.62255859375,1649396,71.95135889086444,49.74441781265887,31.974868467650296,17.76954934500857,3305.7305510612264,3248.4952392578125,3439.2986442130173,3107.634119458858,3273.4663818359377,-2.77016301084565e-05,0.1817248467314776,0.0,3390.9970703125,0
2023-09-21,TCS.NS,3394.070938699643,3409.6293955849587,3336.802359951105,3390.9970703125,2004073,67.27205553937578,50.21441013350932,35.6227768008221,14.591633332687216,3313.8511719423,3254.5746484375,3453.32313392022,3111.300938345405,3282.3120361328124,-0.0057542246156202514,0.2150344732253504,0.0,3408.352294921875,1
2023-09-22,TCS.NS,3389.767307044792,3436.821136153463,3371.844336912951,3408.352294921875,1989083,69.18084231002084,51.39485610719066,38.777192662095814,12.617663445094848,3322.8512788927355,3261.2369970703126,3467.9736631204255,3117.0703310201993,3292.5219970703124,0.005118029962725812,-0.00747976745358081,0.0,3383.28857421875,0
2023-09-25,TCS.NS,3407.2648397086377,3423.816438513607,3365.7911697677823,3383.28857421875,1238778,63.427547931539344,49.734625448062616,40.96867921928917,8.765946228773444,3328.607211780927,3265.876435546875,3475.861312202865,3127.706290336197,3301.783801269531,-0.007353617975602966,-0.3772115090219965,0.0,3391.37548828125,1
2023-09-26,TCS.NS,3374.256543475422,3400.1241910990498,3344.3689906745594,3391.37548828125,1726062,64.45470036460813,48.51220852697361,42.47738508082607,6.034823446147541,3334.585142876196,3267.3928662109374,3482.395940638459,3141.0478337756035,3311.721887207031,0.002390252526528025,0.39335861631381897,0.0,3394.780029296875,1
2023-09-27,TCS.NS,3395.442047023852,3418.141381042953,3363.000869306307,3394.780029296875,1541134,64.90161886364439,47.27321610825584,43.436551286312024,3.8366648219438133,3340.3179892019753,3269.410380859375,3487.0064611326857,3156.597176562627,3321.8018188476562,0.0010038820612430222,-0.10713867752143313,0.0,3345.077880859375,0
2023-09-28,TCS.NS,3404.9000837191634,3407.5483855217467,3336.187400782379,3345.077880859375,1755753,54.18976386218505,41.79892569278445,43.109026167606515,-1.3101004748220646,3340.7713122169657,3270.336689453125,3485.4867891981357,3171.9066678331146,3328.696728515625,-0.014640756693680146,0.1392604406884801,0.0,3337.3701171875,0
2023-09-29,TCS.NS,3345.5039077392544,3375.0603361459143,3315.5692494128284,3337.3701171875,2243791,52.736129048154325,36.418746348515924,41.7709702037884,-5.352223855272477,3340.447388880826,3271.614482421875,3476.829278164701,3196.8131290618617,3336.8212036132813,-0.002304210528543793,0.27796506684026734,0.0,3323.41943359375,0
2023-10-03,TCS.NS,3342.6664409403998,3342.6664409403998,3291.4984913889007,3323.41943359375,1948148,50.11575025848013,30.67560262859297,39.55189668874932,-8.876294060156354,3338.8256788534854,3272.5706982421875,3467.742551120677,3218.635134426198,3343.1888427734375,-0.004180142778262397,-0.13176048927908168,0.0,3346.02392578125,1
2023-10-04,TCS.NS,3297.362271452547,3355.718433657516,3288.8500206343624,3346.02392578125,1788138,54.09583120125506,27.629616439866368,37.167440638972735,-9.537824199106367,3339.511226179939,3275.77603515625,3462.714660798178,3234.941760100259,3348.8282104492187,0.006801576701095824,-0.08213441689235113,0.0,3394.827392578125,1
2023-10-05,TCS.NS,3361.39307255119,3427.5994639632845,3358.7447707127926,3394.827392578125,2990768,61.27899378001266,28.821446646855293,35.49824184054925,-6.676795193693955,3344.7794325035757,3279.457109375,3461.0150920215574,3251.7742146190676,3356.3946533203125,0.014585510408590352,0.6725599478340039,0.0,3425.14013671875,1
2023-10-06,TCS.NS,3396.387740276004,3437.9558481417475,3381.302187889996,3425.14013671875,2075691,64.94790200954188,31.844877861305577,34.767569044700515,-2.9226911833949387,3352.432832905021,3283.6612060546877,3460.5133762192645,3270.388064210423,3365.450720214844,0.008929097310483414,-0.3059672298219053,0.0,3441.172119140625,1
2023-10-09,TCS.NS,3447.5089708875503,3479.619026897306,3434.220355168284,3441.172119140625,4233074,66.74273248771833,35.1296629904823,34.839987833856874,0.2896751566254281,3360.8841934988877,3288.3911865234377,3463.4640597581033,3284.755105280959,3374.109582519531,0.004680679266231058,1.0393565323547675,0.0,3432.23388671875,0
2023-10-10,TCS.NS,3442.779757818924,3450.2988662385983,3406.177126883669,3432.23388671875,1848148,64.75200533422692,36.58985316355711,35.18996089979692,1.3998922637601865,3367.67940237697,3292.7797314453123,3457.297941255457,3308.6077960492303,3382.9528686523436,-0.0025974383472882057,-0.5634028604271979,0.0,3414.263427734375,0
2023-10-11,TCS.NS,3452.190323376944,3452.190323376944,3409.6290728147624,3414.263427734375,2426417,60.82397557105095,35.88335753215779,35.3286402262691,0.554717305888687,3372.1159762205325,3297.593876953125,3451.675048517731,3326.4552005057067,3389.0651245117188,-0.005235790909795757,0.31289106716561665,0.0,3350.563720703125,0
2023-10-12,TCS.NS,3381.255066664783,3394.1652209191284,3346.354931906954,3350.563720703125,4241281,49.38730046592278,29.83945005170608,34.230802191356496,-4.391352139650415,3370.0633804569698,3299.884619140625,3452.081469204243,3322.4310796238815,3387.2562744140623,-0.018656939741032108,0.7479604701088065,0.0,3377.330078125,1
2023-10-13,TCS.NS,3338.693826326205,3383.1466903027867,3333.964798243591,3377.330078125,2890357,53.35607637405725,26.899352189830097,32.76451219105122,-5.8651600012211205,3370.755446901544,3302.13185546875,3452.123327849694,3322.6729612128065,3387.39814453125,0.00798861315679078,-0.3185179194681984,0.0,3333.06591796875,0
2023-10-16,TCS.NS,3372.7424125060297,3380.923537716013,3328.3842269263446,3333.06591796875,1671104,46.81789983505867,20.758267274872196,30.363263207815415,-9.604995932943218,3367.1659679555632,3303.7094580078124,3454.14912663442,3317.2422552015178,3385.695690917969,-0.013106258237224,-0.42183474221350514,0.0,3316.987548828125,0
2023-10-17,TCS.NS,3338.693740990612,3342.6187418350314,3313.488114318349,3316.987548828125,1672065,44.67636549540013,14.4277095636171,27.17615247897575,-12.748442915358652,3362.3870708958075,3305.73537109375,3455.4993748268457,3307.261489430967,3381.3804321289062,-0.004823897737499139,0.0005750689364636408,0.0,3298.260498046875,0
2023-10-18,TCS.NS,3320.723380498266,3331.789259566091,3295.186629921948,3298.260498046875,1408245,42.25213531988861,7.809556769529991,23.3028333370866,-15.49327656755661,3356.279778243528,3306.562001953125,3456.855140641311,3294.6600693196265,3375.757604980469,-0.005645800747086316,-0.1577809475110118,0.0,3276.82958984375,0
2023-10-19,TCS.NS,3289.9629833022263,3296.932733759848,3273.2736419586417,3276.82958984375,1514545,39.60370983246327,0.8258084073090686,18.807428351131094,-17.981619943822025,3348.7130936340254,3306.19390625,3459.134832491229,3279.001080594708,3369.0679565429687,-0.006497639654543863,0.07548402444176983,0.0,3313.71728515625,1
2023-10-20,TCS.NS,3271.8517798685198,3318.4110908049693,3265.8305127357185,3313.71728515625,1481211,45.89062037451311,-1.7125920613234484,14.703424268640186,-16.416016329963632,3345.380159493285,3306.81798828125,3457.7722266918786,3272.6357078784335,3365.203967285156,0.011257129582456837,-0.022009250302896244,0.0,3233.684326171875,0
2023-10-23,TCS.NS,3293.28210970324,3298.924167793635,3225.292427451316,3233.684326171875,1106272,36.91271468560758,-10.066246227109787,9.74949016949019,-19.815736396599977,3334.742461081722,3305.994638671875,3463.0112710260355,3249.9298666692766,3356.470568847656,-0.02415201783896337,-0.2531300402170926,0.0,3214.67236328125,0
2023-10-25,TCS.NS,3215.0515718519214,3247.766298066017,3202.439761531741,3214.67236328125,1518537,35.15333177004767,-18.013040733150774,4.196983988961998,-22.21002472211277,3323.307213672153,3305.176943359375,3470.2858710925875,3225.793645508975,3348.039758300781,-0.005879350293023777,0.3726615154320094,0.0,3164.082763671875,0
2023-10-26,TCS.NS,3193.763124801465,3199.1206609136366,3157.682056799983,3164.082763671875,1984471,30.928904051820254,-28.06952254309681,-2.256317317449764,-25.813205225647046,3308.142980338793,3303.220712890625,3480.9662525742206,3192.383991566405,3336.6751220703127,-0.015737093517591894,0.3068308510098865,0.0,3177.5478515625,1
2023-10-27,TCS.NS,3176.6470576535294,3188.0260918899003,3164.319770564128,3177.5478515625,1108851,33.228876881500454,-34.55451384402386,-8.715956622764583,-25.838557221259276,3295.7053490267654,3301.51392578125,3483.093816294809,3168.5332100723786,3325.813513183594,0.0042556054617859385,-0.4412359767414087,0.0,3203.7197265625,1
2023-10-30,TCS.NS,3176.647061276185,3207.797260136592,3161.23795239686,3203.7197265625,910972,37.57961675122841,-37.153778950516426,-14.403521088314953,-22.750257862201472,3286.9448135539783,3300.168837890625,3484.4092038927843,3153.0820070447157,3318.74560546875,0.008236500667371693,-0.1784540934715304,0.0,3194.427001953125,0
2023-10-31,TCS.NS,3223.1116525829084,3223.1116525829084,3176.694718774307,3194.427001953125,999811,36.66606808095474,-39.5081352968009,-19.424443930012146,-20.083691366788756,3278.133593401516,3299.0663427734376,3485.557493879887,3137.6394055341757,3311.5984497070312,-0.0029006047352793107,0.09752110932059388,0.0,3158.29833984375,0
2023-11-01,TCS.NS,3181.3883899113507,3197.1294802109005,3139.665263486284,3158.29833984375,1563475,33.278864227755605,-43.78453983555755,-24.296463111121227,-19.488076724436326,3266.7207121103,3298.5398583984374,3489.5179489956927,3117.1668410433695,3303.342395019531,-0.011309903806624888,0.5637705526344479,0.0,3186.224609375,1
2023-11-02,TCS.NS,3170.1989967249133,3201.2542786880363,3170.1989967249133,3186.224609375,1245384,38.04329515753709,-44.40829351630009,-28.318829192157,-16.08946432414309,3259.0544166116997,3297.9183544921875,3487.1464625066055,3103.5583958918323,3295.352429199219,0.008842188585841848,-0.20345128639728804,0.0,3177.500244140625,0
2023-11-03,TCS.NS,3206.9909990946635,3212.5855980633046,3171.241914507286,3177.500244140625,1402598,37.150768887230555,-45.08687276046476,-31.672437905818555,-13.414434854646203,3251.2873525668356,3297.4912255859376,3477.129302010346,3091.8428415443414,3284.4860717773436,-0.0027381513559040505,0.12623736935756358,0.0,3205.33203125,1
2023-11-06,TCS.NS,3200.35370326714,3216.758525588264,3185.181656081281,3205.33203125,1099852,41.83857717049654,-42.8845131081589,-33.91485294628662,-8.969660161872277,3246.9106552985654,3297.3161865234374,3457.6820323178854,3089.309300689927,3273.4956665039062,0.00875901966040682,-0.21584659325052513,0.0,3196.03857421875,0
2023-11-07,TCS.NS,3203.197929094657,3227.9946469849847,3191.818895598761,3196.03857421875,1191144,40.74569709007978,-41.41166364963601,-35.4142150869565,-5.997448562679509,3242.065695195726,3297.153896484375,3431.2406200693704,3091.237358446255,3261.2389892578126,-0.0028993742116711907,0.08300389506951844,0.0,3206.564697265625,1
2023-11-08,TCS.NS,3196.9872502026456,3225.9089641664814,3195.18566226346,3206.564697265625,992899,42.57535441025589,-38.94610324791256,-36.120592719147716,-2.8255105287648448,3238.684647773812,3297.324140625,3402.078155641205,3097.8329039291075,3249.955529785156,0.0032934906142201292,-0.1664324380595461,0.0,3174.229248046875,0
2023-11-09,TCS.NS,3214.6723747191027,3215.999836228239,3169.108774789276,3174.229248046875,2112352,38.62931011490633,-39.15003217856565,-36.726480611031306,-2.4235515675343464,3232.5460382760084,3296.9564501953123,3373.277898875011,3102.6297427265513,3237.953820800781,-0.010084140590184809,1.127459086976621,0.0,3160.953857421875,0
2023-11-10,TCS.NS,3165.268454792585,3174.229399173552,3150.4283882230056,3160.953857421875,1338557,37.1086507473293,-39.9226568643644,-37.36571586169792,-2.556941002666477,3225.7277353375193,3296.3118994140623,3357.3247461969067,3099.6219090765308,3228.4733276367188,-0.004182240659892034,-0.3663191551408098,0.0,3159.15185546875,0
2023-11-13,TCS.NS,3182.3365915461563,3182.3365915461563,3154.837258663308,3159.15185546875,1030990,36.89633079858915,-40.216779986372785,-37.9359286866329,-2.2808512997398864,3219.3871753500175,3295.3513427734374,3330.0637390088864,3105.065093998926,3217.564416503906,-0.0005700817014123727,-0.22977504880255384,0.0,3228.1376953125,1
2023-11-15,TCS.NS,3208.034778256093,3236.3874500117004,3182.3844886136826,3228.1376953125,2059802,48.94060610007545,-34.48576352763121,-37.245895654832566,2.7601321272013593,3220.2205582035876,3296.416484375,3311.8179436716173,3112.8180670705706,3212.318005371094,0.021836822982830073,0.9978874673857165,0.0,3316.846435546875,1
2023-11-16,TCS.NS,3252.554843852836,3346.716401326636,3237.524943071945,3316.846435546875,3951984,59.614884588470254,-22.526170060888035,-34.30195053604366,11.775780475155628,3229.423022712472,3298.832080078125,3311.7812136062507,3112.840685807812,3212.3109497070313,0.02747985018209942,0.9186232463120241,0.0,3321.2080078125,1
2023-11-17,TCS.NS,3316.846183791076,3342.1170285727035,3311.820397597078,3321.2080078125,2021292,60.05702944608553,-12.551478018051967,-29.951856032445328,17.40037801439336,3238.164449864856,3300.5915087890626,3317.3010736131796,3109.6155767774458,3213.4583251953127,0.0013149756403798563,-0.48853740298543724,0.0,3337.471435546875,1
2023-11-20,TCS.NS,3310.5883697162694,3351.0312685830804,3310.5883697162694,3337.471435546875,1475621,61.739129377689125,-3.296144113736773,-24.620713648703617,21.324569534966844,3247.6222580250483,3302.470966796875,3330.5921656513833,3102.388669309554,3216.4904174804688,0.004896841057867585,-0.2699614899776974,0.0,3328.556884765625,0
2023-11-21,TCS.NS,3337.47059986266,3355.914070258096,3319.8330054315065,3328.556884765625,1807236,60.24158437980644,3.281616508105799,-19.040247617341734,22.321864125447533,3255.330317714627,3304.161728515625,3334.0149845912083,3100.449810330667,3217.2323974609376,-0.0026710493118540235,0.22472911404757734,0.0,3347.474609375,1
2023-11-22,TCS.NS,3318.8848793740635,3349.845241431696,3300.9629936282586,3347.474609375,1798051,62.32978216432545,9.90684156234147,-13.250829781405093,23.157671343746564,3264.105964539425,3305.7513232421875,3352.7185368950823,3093.1252863471054,3222.921911621094,0.005683461411147617,-0.0050823467438674275,0.0,3326.70849609375,0
2023-11-23,TCS.NS,3347.332998278611,3360.6085399148437,3318.885409058113,3326.70849609375,2729804,58.68603422090776,13.328090427841289,-7.935045739555816,21.263136167397107,3270.0681104017413,3307.1781298828123,3365.864036434125,3091.1834000893127,3228.523718261719,-0.006203516293474487,0.5182016527896038,0.0,3278.205322265625,0
2023-11-24,TCS.NS,3313.432826284816,3323.199877840785,3274.3173926197237,3278.205322265625,1989733,51.16276886612975,11.987469940985193,-3.950542603447615,15.938012544432809,3270.843082960206,3306.9018701171876,3369.8589302459986,3098.6007621368135,3234.229846191406,-0.014579929045504869,-0.27110774253389625,0.0,3290.579833984375,1
2023-11-28,TCS.NS,3278.2053183724934,3301.1055341791257,3255.35233000702,3290.579833984375,1689195,52.82438900843052,11.787657446613593,-0.8029025934353737,12.590560040048967,3272.7227735339366,3304.97865234375,3375.0109412518273,3104.751949373173,3239.8814453125,0.0037747823892244625,-0.1510443863573655,0.0,3331.923828125,1
2023-11-29,TCS.NS,3300.868543778904,3335.953903192814,3295.9376747032284,3331.923828125,1441634,57.96970652125825,14.79487331612654,2.3166525884770093,12.478220727649532,3278.360969209276,3304.127275390625,3386.0358589375683,3106.5474418436816,3246.291650390625,0.012564349210930414,-0.14655560784870902,0.0,3307.127197265625,0
2023-11-30,TCS.NS,3318.3638562138435,3334.6737612257098,3300.8686349728146,3307.127197265625,3266235,54.1546963425783,15.004272765668247,4.854176623915257,10.15009614175299,3281.1006099765473,3302.92751953125,3391.9396412807996,3111.9136790317,3251.92666015625,-0.00744213617672318,1.265647869015298,0.0,3329.9326171875,1
2023-12-01,TCS.NS,3318.885562133518,3334.9584044830044,3309.450490908298,3329.9326171875,1172141,56.960103481053864,16.816579077274127,7.246657114587031,9.569921962687097,3285.7512773299713,3301.4603173828127,3397.522187288211,3123.494560758664,3260.5083740234377,0.0068958399727505615,-0.6411339049394793,0.0,3330.691162109375,1
2023-12-04,TCS.NS,3361.22486202807,3364.2119978451533,3316.9889527312685,3330.691162109375,1625213,57.054238078881944,18.10534596387015,9.418394884443655,8.686951079426494,3290.031266356581,3299.8597998046876,3403.5462383909444,3131.9171649293685,3267.7317016601564,0.00022779587729782058,0.38653370200342785,0.0,3348.849853515625,1
2023-12-05,TCS.NS,3354.9185791452924,3354.9185791452924,3321.5401251680364,3348.849853515625,1377656,59.34649840483482,20.357291460546094,11.606174199664144,8.75111726088195,3295.6330365622043,3298.624345703125,3409.8644067494565,3142.7339575083556,3276.299182128906,0.005451928900771952,-0.1523228032264079,0.0,3417.598388671875,1
2023-12-06,TCS.NS,3349.7983059413914,3425.8956015934377,3342.733636591101,3417.598388671875,1896572,66.61243984404473,27.373857928121197,14.759710945355556,12.614146982765641,3307.2487843821727,3299.1563720703125,3429.6532615790484,3144.1717384209514,3286.9125,0.02052899895887461,0.37666587304813404,0.0,3427.839111328125,1
2023-12-07,TCS.NS,3418.4515007803934,3442.679407232964,3405.839691660572,3427.839111328125,1967653,67.54302019665747,33.376138786370575,18.48299651355856,14.893142272812014,3318.7335774246444,3299.5461083984374,3447.358356451863,3149.6466972590742,3298.5025268554687,0.0029964675458047374,0.03747867204619704,0.0,3439.02880859375,1
2023-12-08,TCS.NS,3445.002848273671,3456.381883280356,3415.6544667870103,3439.02880859375,1641155,68.57372550060644,38.59105104936407,22.504607420719665,16.086443628644403,3330.1902661074164,3300.6609130859374,3464.646529223385,3155.604935620365,3310.125732421875,0.0032643589451575306,-0.16593271272932775,0.0,3454.390625,1
2023-12-11,TCS.NS,3435.425565747192,3463.968072525497,3427.9344599451606,3454.390625,1102503,69.9830217403191,43.46246850663101,26.696179637901935,16.766288868729077,3342.018871716234,3301.9212158203127,3477.6286664143595,3170.6389361247034,3324.1338012695314,0.004466905414651556,-0.32821518991198273,0.0,3482.079833984375,1
2023-12-12,TCS.NS,3450.645109032148,3507.018701963089,3443.1065441998835,3482.079833984375,2236866,72.38672052587171,48.99263311712775,31.1554703337471,17.837162783380652,3355.3580109798663,3303.6672119140626,3489.1642781717205,3191.215922023592,3340.1901000976563,0.008015656591927822,1.028897880549985,0.0,3407.593994140625,0
2023-12-13,TCS.NS,3455.0066355097338,3461.122819944941,3378.624823962692,3407.593994140625,3850968,58.75614431478274,46.82517220485761,34.2894107079692,12.535761496888405,3360.332866518986,3304.9175341796877,3478.8253543374312,3226.3990597250686,3352.61220703125,-0.021391192446762353,0.7215908328885146,0.0,3477.480224609375,1
2023-12-14,TCS.NS,3442.157806348635,3487.673942630931,3439.8820921373363,3477.480224609375,3290396,65.3490012458948,50.16836882431926,37.46520233123921,12.703166493080047,3371.48975776569,3307.719736328125,3488.8842814304294,3241.2743855617578,3365.0793334960936,0.020508966323135924,-0.14556651730162395,0.0,3661.20458984375,1
2023-12-15,TCS.NS,3476.9589978788717,3694.345983691273,3476.9589978788717,3661.20458984375,8531230,76.14484274048569,66.87203783177574,43.34656943134652,23.52546840042922,3399.0816465350285,3314.475439453125,3558.973755635443,3205.620726786432,3382.2972412109375,0.05283261251471605,1.5927669496315944,0.0,3659.497802734375,0
2023-12-18,TCS.NS,3658.454863375264,3725.6859061104938,3631.9510077507234,3659.497802734375,2521612,75.90823610260134,79.06072953166495,50.48940145141022,28.57132808025473,3423.8831852206804,3320.7449169921874,3610.6161828260706,3187.807279087992,3399.2117309570312,-0.00046618184466107326,-0.7044257393130885,0.0,3618.722900390625,0
2023-12-19,TCS.NS,3646.032631945624,3655.6100794464105,3593.8787191349584,3618.722900390625,2004435,70.28906261707529,84.45659857359578,57.28284087584733,27.173757697748457,3442.439348570199,3325.2228271484373,3643.0034409908653,3183.5451674075725,3413.274304199219,-0.011142212549843045,-0.2050977707910654,0.0,3584.443359375,0
2023-12-20,TCS.NS,3629.2008491847714,3697.0483893157375,3571.641945444894,3584.443359375,2586083,65.87411946276407,84.98711265849397,62.82369523237666,22.163417426117313,3455.963540075418,3328.4088916015626,3663.860676306017,3188.276579553358,3426.0686279296874,-0.009472828387032561,0.2901805246865077,0.0,3591.507568359375,1
2023-12-21,TCS.NS,3561.874667630337,3609.713976265889,3549.6422988122054,3591.507568359375,1517562,66.3432809622127,84.99777013506218,67.25851021291376,17.73925992214842,3468.872495150081,3331.4156005859377,3683.6029929630495,3192.9375587947634,3438.2702758789064,0.001970796655469176,-0.4131812474696288,0.0,3626.118896484375,1
2023-12-22,TCS.NS,3603.360828096398,3646.9330002294714,3567.327219815434,3626.118896484375,2413058,68.61961589871072,86.79850208097696,71.1665085865264,15.631993494450555,3483.848342896204,3335.29330078125,3705.9459420751155,3200.53564972176,3453.2407958984377,0.009636991560290742,0.590088576282221,0.0,3599.141357421875,0
2023-12-26,TCS.NS,3622.183949299086,3635.601635292872,3594.0206528341296,3599.141357421875,1285231,64.93323525362683,85.06812083611294,73.94683103644371,11.121289799669228,3494.828629993887,3338.990859375,3716.187988263789,3222.387207048711,3469.28759765625,-0.007439783369667108,-0.46738495303469707,0.0,3613.9814453125,1
2023-12-27,TCS.NS,3602.4128061086403,3620.619215684377,3573.0169658903283,3613.9814453125,1293976,66.01481937617757,83.92679643513111,75.9428241161812,7.98397231894991,3506.1765171670877,3344.2592138671876,3725.694823166256,3245.220533279057,3485.4576782226563,0.004123230075424145,0.00680422429897809,0.0,3603.26611328125,0
2023-12-28,TCS.NS,3626.119100844942,3639.3946414861102,3595.8699258439583,3603.26611328125,1682889,64.46861538667594,81.22138135568457,76.99853556408188,4.222845791602694,3515.4231453684365,3348.7779345703125,3733.628407760674,3264.421177200264,3499.024792480469,-0.0029649659782144955,0.3005565791019309,0.0,3597.1025390625,0
2023-12-29,TCS.NS,3595.775077575502,3624.791709570154,3570.5514572660563,3597.1025390625,1574996,63.546618455154196,77.6844732349,77.1357230982455,0.5487501366544905,3523.2021352440615,3354.0586669921877,3734.333230506876,3292.713888633749,3513.5235595703125,-0.0017105520449993694,-0.06411177445452432,0.0,3613.88671875,1
2024-01-01,TCS.NS,3593.878489962952,3633.705111751459,3577.7581906676032,3613.88671875,825907,65.01394988642807,75.36700715254847,76.7819799091061,-1.4149727565576313,3531.838762244627,3359.996650390625,3735.6251784650726,3319.8173508318027,3527.7212646484377,0.00466602758893675,-0.4756132713987845,0.0,3587.43017578125,0
2024-01-02,TCS.NS,3613.886569495191,3613.886569495191,3572.3055889566763,3587.43017578125,1344068,60.85571133390708,70.58195186940975,75.54197430116683,-4.960022431757082,3537.1331825814486,3365.7800439453126,3729.0091286258776,3352.1073020381846,3540.558215332031,-0.007320800298328378,0.6273841970100751,0.0,3500.71240234375,0
2024-01-03,TCS.NS,3572.068428151664,3576.667547002565,3496.2556603222715,3500.71240234375,1803075,49.64700250039074,59.110967064306806,72.25577285379484,-13.144805789488032,3533.664536844525,3370.2577001953123,3716.229428639478,3380.073256907397,3548.1513427734376,-0.024172672132528716,0.341505786909591,0.0,3477.0537109375,0
2024-01-04,TCS.NS,3510.1951028326184,3526.552465032622,3462.071269113768,3477.0537109375,3598144,47.09825760051252,47.562795984434615,67.31717747992279,-19.754381495488175,3528.2730296152845,3373.5244287109376,3711.800969325743,3390.447248447694,3551.1241088867187,-0.006758250517926112,0.9955598075509893,0.0,3544.47412109375,1
2024-01-05,TCS.NS,3484.8291113552727,3553.814503967816,3484.6869660351745,3544.47412109375,1963127,54.29852905275813,43.35132377210448,62.524006738359134,-19.172682966254655,3529.8159907084714,3379.740224609375,3707.4551037865117,3406.456614963488,3556.955859375,0.01939009741039399,-0.4544056602515074,0.0,3487.958740234375,0
2024-01-08,TCS.NS,3544.4744750104824,3546.22883550439,3482.3639091369514,3487.958740234375,1067805,48.357000364582994,35.049355630960235,57.02907651687936,-21.97972088591912,3525.8295859014147,3385.2059521484375,3703.6134644580093,3415.1912474560536,3559.4023559570314,-0.01594464479879898,-0.4560693220560871,0.0,3498.95849609375,1
2024-01-09,TCS.NS,3517.97101419748,3558.177078509114,3492.178580048869,3498.95849609375,1370944,49.51490914353701,29.0230151828805,51.427864250079594,-22.404849067199095,3523.270434491161,3391.903466796875,3700.5630358063686,3422.6984632170693,3561.630749511719,0.0031536370348910214,0.28388984880198165,0.0,3520.909912109375,1
2024-01-10,TCS.NS,3499.052639967524,3536.271560324902,3497.1561344716065,3520.909912109375,1292227,51.83578316540834,25.72188687656717,46.28666877537711,-20.56478189880994,3523.0456228357525,3398.7707080078126,3699.045756778915,3428.0987500570222,3563.5722534179686,0.006273700028203155,-0.05741810022874749,0.0,3542.246337890625,1
2024-01-11,TCS.NS,3531.2939700655124,3577.75836440848,3515.17366998734,3542.246337890625,1777909,54.04707177255337,24.544456933925176,41.938226407086724,-17.393769473161548,3524.874262364788,3405.541240234375,3686.049732423574,3454.5600087873636,3570.3048706054688,0.0060599181216958176,0.37584882532248587,0.0,3681.87646484375,1
2024-01-12,TCS.NS,3648.8772170987218,3703.16469648513,3623.843432744319,3681.87646484375,6813450,65.28097332925864,34.480845802088425,40.44675028608707,-5.965904483998642,3539.82685307707,3415.2902294921873,3697.765699136095,3463.28366609828,3580.5246826171874,0.0394185253181103,2.832282754629174,0.0,3701.78955078125,1
2024-01-15,TCS.NS,3755.0813150622903,3759.8225793489855,3683.962350761869,3701.78955078125,2801505,66.5373556012487,43.46133002370152,41.04966623360996,2.411663790091559,3555.2518719060395,3426.1600537109375,3706.522348932571,3458.5855123955544,3582.5539306640626,0.005408406862000836,-0.5888272461087996,0.0,3661.489013671875,0
2024-01-16,TCS.NS,3697.2381021359215,3697.2381021359215,3656.036559430459,3661.489013671875,1432672,61.673197595677784,46.787178461840085,42.197168679255995,4.59000978258409,3565.369694931357,3435.665341796875,3706.8718741292532,3458.4351082926214,3582.6534912109373,-0.010886771534829642,-0.48860630268373606,0.0,3683.583251953125,1
2024-01-17,TCS.NS,3621.377770055813,3707.621323698518,3615.261585245189,3683.583251953125,3458696,63.258989220392465,50.6222162923691,43.88217820187862,6.740038090490486,3576.62812893343,3445.787001953125,3716.912923286536,3454.8800942915886,3585.8965087890624,0.006034222197240258,1.4141576020191642,0.0,3700.652099609375,1
2024-01-18,TCS.NS,3696.290043384287,3706.531221668397,3662.152936775299,3700.652099609375,2239110,64.48165050506512,54.411601684394554,45.988062898381806,8.423538786012749,3588.439935664472,3455.6934033203124,3731.9339152145317,3451.479976387031,3591.7069458007813,0.004633761880418863,-0.3526143957144542,0.0,3765.057373046875,1
2024-01-19,TCS.NS,3766.919301743146,3784.631985387999,3738.321317166315,3765.057373046875,2941975,68.71250220042114,61.898160750832176,49.17008246887188,12.728078281960293,3605.2606439866054,3467.073779296875,3759.671829694861,3441.0970423754516,3600.3844360351563,0.01740376336492111,0.31390373853897313,0.0,3684.085205078125,0
2024-01-23,TCS.NS,3723.950573395889,3756.3202043628303,3669.28488869668,3684.085205078125,2618854,59.16974742619522,60.598988093116986,51.455863593720906,9.14312449939608,3612.7677450429405,3476.624189453125,3766.401064680547,3440.164438249141,3603.282751464844,-0.021506224194194234,-0.10983132079640379,0.0,3668.3779296875,0
2024-01-24,TCS.NS,3704.8535025994192,3708.3386452495192,3633.8120750758894,3668.3779296875,2657709,57.50147579358912,57.6375289928842,52.69219667355357,4.945332319330632,3618.063953104327,3486.5071630859375,3772.2851892759563,3441.203970880294,3606.744580078125,-0.0042635483481691105,0.014836642287046065,0.0,3638.2998046875,0
2024-01-25,TCS.NS,3666.5634951802735,3686.711116154436,3608.126162806935,3638.2998046875,2205154,54.3418472253936,52.26106497996216,52.60597033483529,-0.34490535487313423,3619.9911770646295,3496.05408203125,3774.05219399796,3441.8688020957898,3607.960498046875,-0.008199298321087234,-0.17028011719868508,0.0,3629.41943359375,0
2024-01-29,TCS.NS,3629.228508398019,3647.561756466226,3610.179116005899,3629.41943359375,1646747,53.40873396316161,46.744762261733285,51.433728720214894,-4.688966458481609,3620.889106257879,3505.45943359375,3775.6030709088063,3442.933257216194,3609.2681640625,-0.002440802454572011,-0.2532281192152567,0.0,3628.98974609375,0
2024-01-30,TCS.NS,3635.5781805395054,3674.1068379093945,3616.051358853857,3628.98974609375,1411621,53.360988718672836,41.855891758713824,49.51816132791468,-7.662269569200859,3621.660595766057,3513.476474609375,3777.3116787197596,3444.4133701083656,3610.8625244140626,-0.00011839014692616168,-0.14278210314031237,0.0,3643.6943359375,1
2024-01-31,TCS.NS,3639.158755461559,3660.929588370053,3625.0745845099527,3643.6943359375,2459358,54.84854851773397,38.72160560560769,47.358850183453285,-8.637244577845593,3623.7590472109564,3520.0134326171874,3779.416343667251,3445.289466879624,3612.3529052734375,0.004051978890152075,0.7422225937415212,0.0,3680.169921875,1
2024-02-01,TCS.NS,3647.56157849842,3728.62901876212,3633.286482295551,3680.169921875,2363107,58.39357545469064,38.734429798551446,45.63396610647292,-6.899536307921473,3629.1315114646745,3527.1926708984374,3786.1637289181076,3447.816056238142,3616.989892578125,0.010010605329251687,-0.03913663647179466,0.0,3787.2578125,1
2024-02-02,TCS.NS,3700.1269169206976,3804.540622874472,3697.2145499513263,3787.2578125,2826510,66.6679109681726,46.84568299332477,45.876309483843286,0.9693735094814855,3644.1911591823246,3536.1883984375,3807.0807717910216,3455.5535543808533,3631.3171630859374,0.029098626666249183,0.19609903402596673,0.0,3793.94140625,1
2024-02-05,TCS.NS,3803.2034921577674,3840.4429940895143,3783.247031806397,3793.94140625,1691523,67.1075770471743,53.19996368161355,47.341040323397344,5.8589233582162095,3658.453087474484,3545.4960888671876,3821.5707058387934,3472.7523898643312,3647.1615478515623,0.0017647580600244073,-0.4015506755681034,0.0,3949.297119140625,1
2024-02-06,TCS.NS,3816.57170822173,3962.569566984558,3809.887694722218,3949.297119140625,4474396,75.27236451753556,69.96516965167211,51.8658661890523,18.099303462619815,3686.152519061736,3557.5325390625,3879.36490418973,3455.440491318082,3667.402697753906,0.04094836905880994,1.6451877982149816,0.0,3899.071533203125,0
2024-02-07,TCS.NS,3965.529819427768,3967.439537616754,3890.048161384149,3899.071533203125,2124267,69.28455574482906,78.29637921551603,57.15196879434505,21.144410421170974,3706.430520408535,3568.9797998046874,3905.9764622391144,3469.940212565573,3687.9583374023437,-0.012717601239490728,-0.5252393842654963,0.0,3947.4833984375,1
2024-02-08,TCS.NS,3905.374015680606,3970.3044394131934,3901.602368573064,3947.4833984375,2345173,71.62739784197099,87.79332890143496,63.28024081576304,24.513088085671924,3729.387937363674,3582.365361328125,3938.0831120168514,3482.686053022211,3710.3845825195312,0.012416254696051787,0.10399163570304482,0.0,3947.101318359375,0
2024-02-09,TCS.NS,3949.822293850928,3995.8466897853223,3914.922379621201,3947.101318359375,2100596,71.58099215639021,94.2029858981141,69.46478983223325,24.738196065880842,3750.1225450775505,3595.495791015625,3964.1958983040904,3499.192407359972,3731.6941528320312,-9.679080050750688e-05,-0.10428953429022081,0.0,3934.6884765625,0
2024-02-12,TCS.NS,3943.5684805918672,3971.832406049404,3920.221986747148,3934.6884765625,1013716,69.99443028874543,97.16106042854699,75.004043951496,22.157016477050988,3767.700252838022,3607.551083984375,3982.7902269879532,3519.842292543297,3751.316259765625,-0.0031447993845860056,-0.5174150574408406,0.0,3962.187255859375,1
2024-02-13,TCS.NS,3939.223084359503,3981.761864545992,3897.256846557426,3962.187255859375,1257415,71.50141706845945,100.56502645267028,80.11624045173086,20.44878600093942,3786.2228245543415,3620.65228515625,4011.7529722723857,3518.910626360427,3765.3317993164064,0.006988807236119277,0.24040165095549448,0.0,3915.017822265625,0
2024-02-14,TCS.NS,3921.606256695096,3929.149550208251,3866.7018593831967,3915.017822265625,1391283,65.43094215815904,98.32310739340619,83.75761384006593,14.56549355334026,3798.489014812559,3632.3539892578124,4028.861536622341,3523.1248891589084,3775.993212890625,-0.01190489761027691,0.10646286230083146,0.0,3917.977783203125,1
2024-02-15,TCS.NS,3941.658100801181,3959.1318346649314,3898.6894441790746,3917.977783203125,1091582,65.6281485320413,95.68224908964203,86.14254088998115,9.539708199660879,3809.8688975164223,3644.0997216796877,4043.1682078272643,3534.4670949071105,3788.8176513671874,0.0007560529918064773,-0.21541339899934087,0.0,3941.94482421875,1
2024-02-16,TCS.NS,3927.574380573637,3960.7081794213295,3915.0180760571698,3941.94482421875,1307556,67.25694109071827,94.43470526782949,87.80097376555082,6.633731502278664,3822.4475572023584,3655.96162109375,4059.6144398430893,3543.8570201178486,3801.735729980469,0.00611719676369149,0.1978541236480631,0.0,3918.550048828125,0
2024-02-19,TCS.NS,3936.9310839735967,3941.944093558725,3871.953117656535,3918.550048828125,772291,64.065574324323,90.51485602849243,88.34375021813915,2.171105810353282,3831.6001754524314,3665.980654296875,4070.917620511983,3554.34363437083,3812.6306274414064,-0.005934830758383747,-0.4093629641866199,0.0,3848.702880859375,0
2024-02-20,TCS.NS,3897.830569871723,3913.01273687665,3828.9851329612898,3848.702880859375,1193648,55.58522774624793,80.84038688872988,86.8430775522573,-6.002690663527417,3833.2290045388067,3674.3979296875,4074.59149710677,3559.0343085572927,3816.8129028320313,-0.017824748210026886,0.5455935651198836,0.0,3811.320068359375,0
2024-02-21,TCS.NS,3831.8495388516026,3879.92678741508,3800.91219749732,3811.320068359375,1885939,51.64496890658144,69.35731192864523,83.34592442753488,-13.988612498889651,3831.1424391883847,3681.8437548828124,4073.7153062846314,3572.633985707556,3823.1746459960937,-0.009713093906498882,0.5799791898449125,0.0,3902.604248046875,1
2024-02-22,TCS.NS,3791.745026719811,3910.099751201836,3791.745026719811,3902.604248046875,2982052,59.242627426665436,66.85213292440676,80.04716612690926,-13.1950332025025,3837.948325746336,3690.80802734375,4077.1490635950627,3592.6228602330625,3834.8859619140626,0.023950803934132514,0.5812027854559454,0.0,3869.1845703125,0
2024-02-23,TCS.NS,3943.567999377252,3943.567999377252,3863.7416870619977,3869.1845703125,2538072,55.78673308160116,61.46158097447551,76.33004909642251,-14.868468121947004,3840.923206181209,3698.5501220703127,4071.5177124013735,3621.3426879892513,3846.4302001953124,-0.008563429856127569,-0.14888405701845575,0.0,3820.43896484375,0
2024-02-26,TCS.NS,3853.811243032453,3867.179270139107,3802.964997073217,3820.43896484375,1379284,51.10400463192461,52.649258856943106,71.59389104852664,-18.944632191583537,3838.972326053832,3706.807021484375,4058.504947799002,3653.4574057166233,3855.9811767578126,-0.012598418241085096,-0.45656230398507214,0.0,3919.123291015625,1
2024-02-27,TCS.NS,3818.481242975841,3937.8386211633833,3818.481242975841,3919.123291015625,2960475,58.668008909428266,53.01728026737965,67.87856889229724,-14.861288624917592,3846.605751288289,3715.6398828125,4045.606289633796,3695.3694183740163,3870.4878540039062,0.025830624983145478,1.1463853709605853,0.0,3933.017333984375,1
2024-02-28,TCS.NS,3910.721279291417,3967.3442411333062,3904.4191155707767,3933.017333984375,1939225,59.61525103341958,53.80978730420475,65.06481257467874,-11.255025270473993,3854.8354258307736,3721.0761376953124,4027.517378345161,3742.390629467339,3884.95400390625,0.0035451915995092786,-0.34496153488882697,0.0,3910.2431640625,0
2024-02-29,TCS.NS,3913.967020895423,3951.302100851596,3881.0721751383658,3910.2431640625,3772719,57.29728369597696,52.00073752670505,62.45199756508401,-10.451260038378955,3860.1123532814145,3726.091044921875,4003.861497592098,3789.0538344391516,3896.457666015625,-0.005790508403074712,0.9454777037218476,0.0,3909.527099609375,0
2024-03-01,TCS.NS,3921.797131194729,3953.1163203771775,3902.317867425292,3909.527099609375,2043265,57.22194695878698,49.93366788679987,59.94833162942719,-10.01466374262732,3864.8185195983633,3731.90712890625,3997.6254604614705,3807.516800280717,3902.5711303710937,-0.00018312530016195705,-0.45841049916519094,0.0,3896.493408203125,0
2024-03-04,TCS.NS,3919.6965305132103,3932.014119419607,3891.9100379868287,3896.493408203125,1749271,55.78419507022755,46.705399562309594,57.29974521600367,-10.594345653694077,3867.8351756559596,3738.1481298828126,3988.800277227794,3826.597183709706,3907.69873046875,-0.0033338281265660186,-0.14388442027832904,0.0,3830.990234375,0
2024-03-05,TCS.NS,3878.637609545636,3880.547327718726,3800.339164448949,3830.990234375,2070859,49.10631988563533,38.41854983389976,53.52350613958289,-15.104956305683132,3864.3261336292016,3742.937783203125,3987.037413604276,3816.5293588566615,3901.7833862304688,-0.016810800626590017,0.18384115440089044,0.0,3880.83349609375,1
2024-03-06,TCS.NS,3813.754651071175,3888.185863799652,3779.7615772850954,3880.83349609375,1744204,53.65283934720859,35.46428616859157,49.91166214538463,-14.447375976793062,3865.89826338773,3748.0320751953127,3986.6108083369813,3815.1321604130185,3900.871484375,0.013010542619376286,-0.15773888999685637,0.0,3923.134033203125,1
2024-03-07,TCS.NS,3881.502084875083,3937.838769501806,3855.4343858729776,3923.134033203125,2688905,57.151299745187856,36.11994254018282,47.15331822434427,-11.033375684161449,3871.349289084434,3754.5119287109374,3983.379119082077,3815.9289131444853,3899.654016113281,0.010899858793723682,0.5416229982272716,0.0,3936.26318359375,1
2024-03-11,TCS.NS,3904.418541953976,3965.529519377564,3904.418541953976,3936.26318359375,2304068,58.205796639490394,37.26934978509553,45.176524536494526,-7.907174751398998,3877.5315647519883,3760.9575634765624,3981.734837156886,3816.4893815931136,3899.112109375,0.0033465974599662385,-0.14312034080787528,0.0,4003.008056640625,1
2024-03-12,TCS.NS,3936.263498887528,4039.006431158572,3935.021902315305,4003.008056640625,4039801,63.168245366267385,43.06953792903596,44.755127215002815,-1.6855892859668558,3889.48170683662,3768.95240234375,3995.72453405733,3809.331642700483,3902.5280883789064,0.01695640508110996,0.7533341029865439,0.0,3961.710205078125,0
2024-03-13,TCS.NS,4015.1823119675855,4049.557237825097,3945.382022047853,3961.710205078125,2837260,58.53693198743232,43.82860842509672,44.5698234570216,-0.7412150319248809,3896.360611431049,3776.2445556640623,3995.6398173639013,3809.368654315786,3902.5042358398437,-0.010316704582692626,-0.29767332598808705,0.0,4017.665283203125,1
2024-03-14,TCS.NS,3965.959755661069,4034.279738463869,3901.554322216181,4017.665283203125,2919608,62.54397306486707,48.38750341146806,45.333359447910894,3.0541439635571663,3907.913437314104,3784.320126953125,4013.4192489103516,3801.8539688630863,3907.636608886719,0.014123970514874351,0.029023776460387785,0.0,4028.789306640625,1
2024-03-15,TCS.NS,4003.342404564304,4047.647774094829,3988.446509175301,4028.789306640625,3373143,63.30324456770491,52.29524917743993,46.72573739381671,5.56951178362322,3919.425424869011,3793.1473095703127,4031.4200801959564,3794.934289921231,3913.1771850585938,0.002768778047292031,0.155341059484698,0.0,3965.052490234375,0
2024-03-18,TCS.NS,4024.969899930271,4062.686835117329,3931.9667150207774,3965.052490234375,1526904,56.26553991124025,49.6764976946979,47.31588945399295,2.3606082407049485,3923.770859665712,3802.434111328125,4034.118780642027,3794.5463560767225,3914.332568359375,-0.015820339947088535,-0.5473349336212547,0.0,3797.760986328125,0
2024-03-19,TCS.NS,3868.372767197956,3874.8180658535766,3787.544041009118,3797.760986328125,8931209,42.811947808910745,33.7134641963853,44.595404402471424,-10.88194020608612,3911.7699193478466,3808.8482568359377,4038.358737118028,3778.227493350722,3908.293115234375,-0.04219149792298493,4.849227587327036,0.0,3791.64990234375,0
2024-03-20,TCS.NS,3806.068367984223,3836.623859147168,3781.43295661012,3791.64990234375,1817913,42.412992970541126,20.335121118368534,39.743347745650844,-19.40822662728231,3900.329917728409,3813.7917724609374,4042.9011668324983,3767.9797657846893,3905.440466308594,-0.0016091281169022809,-0.7964538731542392,0.0,3793.607177734375,1
2024-03-21,TCS.NS,3809.9353605723127,3827.4568840908046,3769.783491301621,3793.607177734375,3829582,42.59749788525309,9.777909950303638,33.75026018658141,-23.97235023627777,3890.1658472527865,3819.9047412109376,4044.6330633005036,3764.4765802541842,3904.554821777344,0.0005162067809623139,1.1065815580833624,0.0,3734.35791015625,0
2024-03-22,TCS.NS,3721.0854635163664,3760.234681890544,3680.981386157453,3734.35791015625,5852485,38.5690469972007,-3.3312758138172285,26.333952986501682,-29.66522880031891,3875.3269961007354,3824.6127294921876,4054.6716260043936,3737.613383761231,3896.1425048828123,-0.015618187335229017,0.5282307572993605,0.0,3702.46630859375,0
2024-03-26,TCS.NS,3700.079160748106,3768.5425143371926,3696.6893641833103,3702.46630859375,3440925,36.564607612567045,-16.108101527857343,17.845542083629876,-33.95364361148722,3858.8640734810224,3828.243857421875,4067.278818646091,3708.334364947659,3887.806591796875,-0.008540049542590689,-0.4120574422659776,0.0,3667.51806640625,0
2024-03-27,TCS.NS,3712.969450861875,3719.176034745276,3656.537187227927,3667.51806640625,1968575,34.451618133237616,-28.722760919593384,8.531881482985224,-37.25464240257861,3840.640644235806,3830.7492919921874,4082.086671113355,3678.234422636645,3880.160546875,-0.009439178988984165,-0.4278936623146392,0.0,3701.320068359375,1
2024-03-28,TCS.NS,3676.302808642389,3738.2730658344526,3667.1360687962233,3701.320068359375,4311783,38.17309798754059,-35.58226016278877,-0.2909468461695752,-35.291313316619195,3827.3720179618604,3831.1381640625,4084.6605932189327,3653.8801782654423,3869.2703857421875,0.00921658771438505,1.190306693928349,0.0,3739.9443359375,1
2024-04-01,TCS.NS,3721.754223672464,3755.747300480612,3712.539926713797,3739.9443359375,1569676,42.210527431983046,-37.46987770991154,-7.726733018917969,-29.743144690993574,3819.0455720547784,3831.901259765625,4079.963009692401,3639.2704619872866,3859.616735839844,0.010435268192098057,-0.6359566332535751,0.0,3708.481689453125,0
2024-04-02,TCS.NS,3714.401769042016,3733.3558147618182,3698.169164909956,3708.481689453125,2142666,39.92347822824105,-41.03161393834989,-14.387709202804356,-26.643904735545537,3808.5156784736682,3832.84111328125,4078.0043870271165,3621.0529371916336,3849.528662109375,-0.008412597530409016,0.36503711593985,0.0,3769.115234375,1
2024-04-03,TCS.NS,3677.162259779897,3801.293938245591,3677.162259779897,3769.115234375,3973090,45.99617559406583,-38.51768729804917,-19.21370482185332,-19.30398247619585,3804.763255226176,3834.5517529296876,4071.805481238664,3613.210656456649,3842.5080688476564,0.0163499647562817,0.8542740679135246,0.0,3822.587158203125,1
2024-04-04,TCS.NS,3796.42388120501,3846.7926944680185,3757.608955322321,3822.587158203125,3394637,50.726468969279786,-31.843572077358658,-21.73967827295439,-10.103893804404269,3806.4607697954098,3836.9904541015626,4066.8898642617078,3610.735648433605,3838.8127563476564,0.014186863627954738,-0.1455927250578265,0.0,3799.623291015625,0
2024-04-05,TCS.NS,3798.429717072352,3821.346336783196,3781.719681866528,3799.623291015625,1636819,48.7515211229754,-28.08355016069345,-23.008452650502203,-5.075097510191245,3805.809581340192,3837.6817724609373,4065.945639547345,3608.54317881203,3837.2444091796874,-0.006007414935777278,-0.5178220823021725,0.0,3793.2255859375,0
2024-04-08,TCS.NS,3803.2038169653615,3850.612478302472,3781.242057540255,3793.2255859375,2302538,48.188623527952544,-25.327981825827464,-23.472358485567256,-1.855623340260209,3804.611105587555,3839.864580078125,4061.413857191371,3604.314170152379,3832.864013671875,-0.0016837735186150393,0.40671509800411654,0.0,3768.3994140625,0
2024-04-09,TCS.NS,3804.158842501693,3834.571199588431,3747.8699423973926,3768.3994140625,1876992,45.97047590036275,-24.8608581594699,-23.750058420347784,-1.1107997391221147,3801.162373061359,3841.865009765625,4051.394833602074,3598.8597318276134,3825.1272827148437,-0.006544870931757152,-0.18481605949608648,0.0,3804.779296875,1
2024-04-10,TCS.NS,3777.804526751909,3810.0788116116582,3741.138029814855,3804.779296875,2101965,49.62944611118614,-21.309464542272508,-23.26193964473273,1.9524751024602232,3801.5068419959916,3845.194599609375,4039.090375186723,3598.015801571089,3818.553088378906,0.009653934950934806,0.11985826258183296,0.0,3820.77294921875,1
2024-04-12,TCS.NS,3791.745327044356,3832.183701481011,3767.396421015741,3820.77294921875,4354821,51.194284370177854,-17.00834383422898,-22.011220482631984,5.002876648403003,3803.3417093505404,3849.021669921875,4013.1589243491744,3605.72374166645,3809.4413330078123,0.0042035690103985335,1.0717856862507227,0.0,3763.29052734375,0
2024-04-15,TCS.NS,3820.772996845027,3880.738193181066,3742.140492150271,3763.29052734375,4200329,45.699210713539166,-18.030184980813374,-21.215013382268264,3.18482840145489,3799.5273110641797,3851.707685546875,3991.6035884450384,3607.437109797149,3799.5203491210937,-0.01504471022983811,-0.03547608501015309,0.0,3697.978271484375,0
2024-04-16,TCS.NS,3725.860109844368,3751.354800517377,3688.477470314158,3697.978271484375,3051420,40.393885816647035,-23.835395064716522,-21.739089718757917,-2.096305345958605,3789.855973961341,3852.7933642578123,3952.1144349604274,3614.9575621098847,3783.535998535156,-0.017355092673505212,-0.27352833551847966,0.0,3687.66552734375,0
2024-04-18,TCS.NS,3701.7974874334654,3758.325094672449,3676.207219128285,3687.66552734375,3476284,39.61191001901681,-28.93467719791306,-23.178207214588948,-5.756469983324113,3780.123550473951,3852.9432763671875,3897.1068638949405,3635.852755245685,3766.4798095703127,-0.002788751956751101,0.1392348480379626,0.0,3653.481689453125,0
2024-04-19,TCS.NS,3664.749072987277,3678.642318936936,3629.323708606485,3653.481689453125,2957749,37.05147123832281,-35.32701719442275,-25.607969210555712,-9.71904798386704,3768.0624208529202,3850.26775390625,3854.632445227452,3647.1700938350477,3750.90126953125,-0.009269777217362773,-0.14916358962616405,0.0,3690.148681640625,1
2024-04-22,TCS.NS,3663.794476443267,3702.943700715921,3639.9229982282336,3690.148681640625,1728883,41.425075641881634,-37.00767146511316,-27.8879096614672,-9.119761803645961,3760.642064737464,3848.1918994140624,3850.131177216608,3640.9101313771416,3745.520654296875,0.010036177899385823,-0.41547338871554007,0.0,3699.79248046875,1
2024-04-23,TCS.NS,3702.036492584922,3719.1761666777247,3686.3291071314047,3699.79248046875,1807586,42.55554697071251,-37.133377651414776,-29.73700325945672,-7.396374391958055,3754.846866235682,3843.201806640625,3845.098869965537,3636.756696440713,3740.927783203125,0.002613390315708841,0.04552245582841641,0.0,3658.11328125,0
2024-04-24,TCS.NS,3714.402182872896,3722.041056256696,3651.811117460399,3658.11328125,1317312,39.048007246081475,-40.13352941424182,-31.816308490413743,-8.317220923828078,3745.634143856093,3838.3826416015627,3841.3195662650905,3626.9866104927223,3734.1530883789064,-0.011265280266062216,-0.2712313549673432,0.0,3678.30810546875,1
2024-04-25,TCS.NS,3639.1588831449344,3698.789786133694,3638.967957952699,3678.30810546875,2856271,41.56135150638322,-40.41573038004117,-33.53619286833923,-6.87953751170194,3739.2221402001555,3832.9991357421877,3841.2458310226234,3621.4553652664395,3731.3505981445314,0.005520557365530587,1.1682570264295777,0.0,3648.8505859375,0
2024-04-26,TCS.NS,3681.124634110736,3701.797471633159,3630.8991898525846,3648.8505859375,2039178,39.0330036615706,-42.52613747676378,-35.33418179002414,-7.1919556867396395,3730.615325508474,3827.03412109375,3843.7463331549657,3613.593290868472,3728.669812011719,-0.008008442655321302,-0.28606984421296155,0.0,3695.495849609375,1
2024-04-29,TCS.NS,3664.7494314876817,3702.7528724246417,3646.798032776162,3695.495849609375,1110693,44.76322666888009,-39.973972288385994,-36.26213988969651,-3.711832398689481,3727.270613518084,3822.2502685546874,3842.7939126956403,3617.34348964811,3730.068701171875,0.012783549935325933,-0.45532317433789493,0.0,3648.182373046875,0
2024-04-30,TCS.NS,3697.2144816964656,3706.5243580385472,3638.0132167519455,3648.182373046875,2203078,40.5953487156055,-41.29316325075706,-37.26834456190862,-4.024818688848441,3719.738400139873,3815.9701708984376,3845.1170182262545,3609.706614586246,3727.41181640625,-0.012803011689893062,0.9835165972955624,0.0,3688.9072265625,1
2024-05-02,TCS.NS,3607.5054878702526,3696.355174204656,3607.5054878702526,3688.9072265625,2491044,45.31511271741331,-38.60743380121767,-37.536162409770434,-1.0712713914472332,3716.8020978944087,3811.447958984375,3843.5763226944264,3606.143599180574,3724.8599609375,0.011163053090904818,0.13071076012742178,0.0,3669.905517578125,0
2024-05-03,TCS.NS,3714.545182277641,3717.83963279952,3626.173155555594,3669.905517578125,2962234,43.57547129268725,-37.579064905873565,-37.54474290899106,-0.034321996882503925,3712.3357569119053,3806.486513671875,3843.8817288287783,3601.9805758587217,3722.93115234375,-0.005151040082426173,0.1891536239424112,0.0,3744.050048828125,1
2024-05-06,TCS.NS,3679.071845167133,3762.0967912598144,3679.071845167133,3744.050048828125,2053831,51.41344694666836,-30.430447866434406,-36.12188390047973,5.691436034045324,3715.3561656658308,3802.5286181640627,3841.1993011401296,3602.156484992683,3721.6778930664063,0.02020338967716251,-0.3066614588854223,0.0,3799.336181640625,1
2024-05-07,TCS.NS,3753.359813914966,3807.977702237833,3736.840706546579,3799.336181640625,2062112,56.28924843849277,-20.072604003011293,-32.91202792098604,12.839423917974749,3723.3542624253346,3800.1443408203127,3836.487698304167,3604.542990172395,3720.515344238281,0.014766397909078188,0.004031977314589152,0.0,3797.426513671875,0
2024-05-08,TCS.NS,3782.1965590042273,3804.444820681169,3760.807810312846,3797.426513671875,1247685,56.079902994096834,-11.881074728572003,-28.705837282503236,16.824762553931233,3730.408762544053,3799.1188134765625,3836.0817380091744,3604.7292727330127,3720.4055053710936,-0.0005026320066062739,-0.39494799506525347,0.0,3781.43310546875,0
2024-05-09,TCS.NS,3783.151898538307,3791.745630766183,3733.5470130247145,3781.43310546875,1726486,54.259848128402616,-6.60364048441852,-24.285397922886297,17.681757438467777,3735.268223774977,3798.52107421875,3834.1133919915005,3605.518370703812,3719.815881347656,-0.00421164389766171,0.3837515077924316,0.0,3718.125732421875,0
2024-05-10,TCS.NS,3783.724738667533,3794.2281887002423,3709.675369312951,3718.125732421875,1672489,47.665400455160466,-7.4438042058791325,-20.917079179484865,13.473274973605733,3733.6356055508722,3794.83150390625,3829.4054795511593,3605.198914980091,3717.302197265625,-0.016741635057703208,-0.031275666295585314,0.0,3769.5927734375,1
2024-05-13,TCS.NS,3709.150146235149,3776.467712282151,3695.3046893886026,3769.5927734375,931326,52.69848781301832,-3.911589556706531,-17.515981254929198,13.604391698222667,3737.060097730551,3792.83966796875,3823.1122778269737,3607.973464360526,3715.54287109375,0.013842200269569949,-0.44314970083510263,0.0,3725.096435546875,0
2024-05-14,TCS.NS,3758.325580289268,3767.683246498319,3717.171058049824,3725.096435546875,1058317,48.36757327462535,-4.649173813653761,-14.942619766674111,10.29344595302035,3735.9207013321056,3790.9328173828126,3807.1085008448767,3614.409589975436,3710.7590454101564,-0.01180401718832047,0.13635504646063779,0.0,3705.23486328125,0
2024-05-15,TCS.NS,3728.2470590063567,3749.6835974700216,3700.556147311855,3705.23486328125,1115021,46.52941423412336,-6.7584701066548405,-13.305789834670257,6.547319728015417,3732.9982405653573,3786.655048828125,3801.1499112946335,3614.562613119429,3707.8562622070312,-0.005331827674606049,0.053579409571990144,0.0,3751.930419921875,1
2024-05-16,TCS.NS,3742.456838999375,3760.15384977655,3696.6751046466734,3751.930419921875,2599399,51.22285931139861,-4.6090314007037705,-11.56643814787696,6.95740674717319,3734.801305265978,3783.033310546875,3805.6516506355183,3615.4560886222944,3710.5538696289063,0.012602590217256182,1.3312556445125248,0.0,3687.63427734375,0
2024-05-17,TCS.NS,3769.290932634866,3770.2527318011416,3683.69080683632,3687.63427734375,2765804,45.32362698770183,-8.00151066693843,-10.853452651689254,2.851941984750825,3730.309207368623,3778.5811328125,3805.651593362857,3615.4530208949554,3710.5523071289062,-0.01713681635371689,0.06401672078815146,0.0,3674.265380859375,0
2024-05-21,TCS.NS,3684.26823376546,3697.8775989789833,3664.503212575669,3674.265380859375,1908117,44.184180811463854,-11.63471538804697,-11.009705198960798,-0.6250101890861721,3724.9717000820283,3773.8758984375,3804.604887224601,3618.5780961738365,3711.5914916992188,-0.003625331439864099,-0.3101040420796267,0.0,3685.614501953125,1
2024-05-22,TCS.NS,3688.4998995277233,3694.511144474802,3671.7165505983294,3685.614501953125,1311168,45.43821416606721,-13.443310961059979,-11.496426351380636,-1.9468846096793424,3721.223395498323,3769.6583203125,3804.6079494238247,3618.121616005863,3711.364782714844,0.003088813658608247,-0.31284716817679414,0.0,3744.717041015625,1
2024-05-23,TCS.NS,3694.2225831135406,3755.825868716935,3679.3628324652072,3744.717041015625,2095742,51.54382982960982,-9.9923692088787,-11.19561492288025,1.2032457140015502,3723.46088554759,3767.9328564453126,3807.790610271028,3619.4314112133466,3713.6110107421873,0.016036006758487487,0.5983779347879143,0.0,3702.446044921875,0
2024-05-24,TCS.NS,3730.0977721050167,3735.435804663223,3697.4447360116014,3702.446044921875,1309452,47.45374422388196,-10.546812034917366,-11.065854345287674,0.5190423103703079,3721.4594721546646,3764.365107421875,3806.7071005342777,3624.948197317285,3715.8276489257814,-0.011288168272998611,-0.3751845408451995,0.0,3700.08935546875,0
2024-05-27,TCS.NS,3707.7356115179823,3759.0476885498992,3694.607147441805,3700.08935546875,1841538,47.22873176955864,-11.049010991352134,-11.062485674500566,0.013474683148432476,3719.4242229464826,3759.9042138671875,3806.484149951668,3627.3492728998945,3716.916711425781,-0.0006365222948643279,0.4063425005269379,0.0,3693.21240234375,0
2024-05-28,TCS.NS,3710.621060602496,3722.162650215568,3683.6906848386634,3693.21240234375,1801993,46.5353106287748,-11.865145910309366,-11.223017721662327,-0.6421281886470389,3716.9278590795557,3755.0431982421874,3803.919386355198,3634.3502181369895,3719.134802246094,-0.0018585910945193573,-0.021473898447927797,0.0,3658.34765625,0
2024-05-29,TCS.NS,3701.8690727040503,3701.8690727040503,3654.837182881625,3658.34765625,1568095,43.08180762818757,-15.150585823976144,-12.00853134212509,-3.142054481851053,3711.3487921434075,3748.149990234375,3805.6056509509303,3628.9491342053193,3717.277392578125,-0.00944022230392827,-0.12979961631371484,0.0,3593.377685546875,0
2024-05-30,TCS.NS,3632.715174527771,3649.450384821507,3573.516393386428,3593.377685546875,2919230,37.49726444416371,-22.734781871411542,-14.153781447982382,-8.58100042342916,3700.1134486580236,3740.78333984375,3813.971804203071,3615.102512203179,3714.537158203125,-0.017759375764118235,0.8616410357790822,0.0,3530.716552734375,0
2024-05-31,TCS.NS,3597.1288311929115,3606.554509852469,3514.173654270348,3530.716552734375,10956800,33.04781080042818,-33.41633886374575,-18.006292931135057,-15.410045932610693,3683.9804109510096,3731.044365234375,3834.1565633925543,3579.098685630883,3706.6276245117188,-0.017437947885225902,2.753318512073389,0.0,3561.398193359375,1
2024-06-03,TCS.NS,3590.2040318842,3608.2377665384206,3554.8097750399984,3561.398193359375,2156773,36.990377067174144,-38.956728835075864,-22.19638011192322,-16.760348723152646,3672.3059140375203,3721.69654296875,3842.957352618478,3559.447163983084,3701.202258300781,0.008689918934794871,-0.8031566698306075,0.0,3573.083984375,1
2024-06-04,TCS.NS,3558.656996551144,3601.937960022712,3454.3017846252524,3573.083984375,3395997,38.47638218505105,-41.92133902977048,-26.14137189549267,-15.779967134277808,3662.856206450614,3713.8571728515626,3843.3784872724655,3541.9294228837844,3692.653955078125,0.00328123685731474,0.574573216560111,0.0,3603.33251953125,1
2024-06-05,TCS.NS,3574.0457812307864,3639.255813114909,3558.656994228716,3603.33251953125,2799670,42.27157667445402,-41.353314707967456,-29.18376045798763,-12.169554249979825,3657.187283886865,3709.968603515625,3830.0038807947867,3535.703663150526,3682.8537719726564,0.008465665875340811,-0.17559703380185554,0.0,3684.0751953125,1
2024-06-06,TCS.NS,3636.56241348413,3693.2122868036654,3598.5713488629654,3684.0751953125,4328036,50.966547304882745,-33.99600738830122,-30.14620984405035,-3.8497975442508725,3659.748037355973,3707.817109375,3814.6619677711683,3539.7104443382063,3677.1862060546873,0.022407778173010096,0.5459093393149907,0.0,3745.19775390625,1
2024-06-07,TCS.NS,3690.711925973877,3765.443672980527,3690.711925973877,3745.19775390625,4552445,56.32890275353015,-22.968442764123665,-28.710656428065015,5.7422136639413495,3667.8861055988564,3706.8489208984374,3808.1828944319045,3542.56598252122,3675.3744384765623,0.016591018194069607,0.05185007703263089,0.0,3711.29443359375,0
2024-06-10,TCS.NS,3746.20779064658,3756.6913077396334,3695.1361604735534,3711.29443359375,1734661,52.87478508087311,-16.77140266738479,-26.322805675928972,9.551403008544181,3672.0202320745607,3706.3876513671876,3807.434285498358,3542.631461571955,3675.0328735351563,-0.009052478010577403,-0.6189605805232133,0.0,3704.946533203125,0
2024-06-11,TCS.NS,3698.117665434883,3731.732498161749,3694.270468903872,3704.946533203125,1419898,52.22899692401718,-12.231429942783052,-23.50453052929979,11.273100586516737,3675.1560702772813,3706.437255859375,3797.812437944365,3545.78868510251,3671.8005615234374,-0.0017104275891358656,-0.18145505087161118,0.0,3685.277587890625,0
2024-06-12,TCS.NS,3726.394501204119,3744.764958738886,3681.238078457762,3685.277587890625,2177001,50.183774991980066,-10.104114414900778,-20.824447306419987,10.72033289151921,3676.1200243356952,3706.7924462890624,3793.6295432368397,3545.98969504441,3669.809619140625,-0.005308833781062727,0.5332094277194559,0.0,3730.00146484375,1
2024-06-13,TCS.NS,3709.467192860258,3741.3988792628375,3704.850509748188,3730.00146484375,1932323,54.54266382252326,-4.754550931953418,-17.610468031526672,12.855917099573254,3681.251590098367,3707.36607421875,3796.7414726438174,3545.354425793683,3671.04794921875,0.012135823119561628,-0.11239223133108345,0.0,3685.66259765625,0
2024-06-14,TCS.NS,3740.437014038603,3740.437014038603,3681.767264011256,3685.66259765625,1860730,49.88267822890668,-4.046118224579004,-14.897598070137139,10.851479845558135,3681.671686056261,3706.280439453125,3788.1059432628713,3547.363172948066,3667.7345581054688,-0.011887091092431357,-0.037050224004992915,0.0,3669.360107421875,0
2024-06-18,TCS.NS,3679.891761370609,3695.23241116938,3650.075987100372,3669.360107421875,1774045,48.2503672869233,-4.74545229619207,-12.867168915348126,8.121716619156055,3680.4991547577483,3705.4980078125,3786.8510942513485,3546.790604967401,3666.820849609375,-0.004423218295874887,-0.04658655473926898,0.0,3656.471923828125,0
2024-06-19,TCS.NS,3681.4305657786617,3687.393908592031,3648.0561809382543,3656.471923828125,1509050,46.942564116878934,-6.267401587171662,-11.547215449712834,5.279813862541172,3678.2108470501653,3703.2451416015624,3785.9912842104527,3545.871069305172,3665.9311767578124,-0.003512379056959114,-0.1493733248029221,0.0,3642.57373046875,0
2024-06-20,TCS.NS,3650.98947279936,3664.406523609312,3635.6488237424105,3642.57373046875,2846526,45.51004525698332,-8.497076409773399,-10.937187641724947,2.4401112319515477,3674.8168359471733,3699.644873046875,3783.893798915414,3543.664477451773,3663.7791381835937,-0.0038009845689788158,0.8863033034028032,0.0,3665.176025390625,1
2024-06-21,TCS.NS,3680.805261213651,3729.664703857098,3652.961223433323,3665.176025390625,4642195,48.27454607101153,-8.344107785168944,-10.418571670413748,2.0744638852448034,3673.8986635132164,3696.955927734375,3774.0582269610486,3545.5459478436387,3659.8020874023437,0.006205034295617695,0.6308282446743856,0.0,3670.994873046875,1
2024-06-24,TCS.NS,3663.252343284307,3709.659150127357,3646.4689958552112,3670.994873046875,1702154,48.99202229445958,-7.664989445334868,-9.867855225397971,2.202865780063103,3673.6221120402315,3694.5113134765625,3770.950103382389,3545.5089542347987,3658.229528808594,0.0015876038738493747,-0.6333299225904987,0.0,3691.818115234375,1
2024-06-25,TCS.NS,3671.1875692289377,3700.6666209665473,3648.008114439095,3691.818115234375,1338808,51.580359245707236,-5.3844530279957326,-8.971174785917523,3.58672175792179,3675.355064725388,3692.9796875,3769.978498009884,3545.6534355838658,3657.815966796875,0.00567237027226275,-0.21346247166825094,0.0,3708.55322265625,1
2024-06-26,TCS.NS,3697.636708742461,3719.229051976328,3694.270411829833,3708.55322265625,1639845,53.61741310236945,-2.201352359355951,-7.617210300605208,5.415857941249257,3678.5167940521364,3691.055166015625,3771.9071107075756,3545.2589049174244,3658.5830078125,0.004533025977855543,0.2248544974335378,0.0,3783.862060546875,1
2024-06-27,TCS.NS,3684.652571402827,3791.4122778569417,3672.245456200075,3783.862060546875,4526556,61.47254369763,6.325159191216699,-4.828736402240827,11.153895593457525,3688.5496765754447,3690.3169482421877,3790.6512984472474,3539.06615760744,3664.8587280273437,0.02030679711714778,1.7603560092569723,0.0,3755.00830078125,0
2024-06-28,TCS.NS,3768.137000917722,3808.7248807139936,3748.949153595159,3755.00830078125,2731571,57.4575342072577,10.631668496644124,-1.7366554224638366,12.368323919107961,3694.87906935695,3690.1513037109376,3800.0858738206443,3545.794643757481,3672.9402587890627,-0.00762547875792674,-0.39654540891574075,0.0,3826.22900390625,1
2024-07-01,TCS.NS,3735.6275786977935,3848.8312819956936,3735.6275786977935,3826.22900390625,2658723,63.75100092316319,19.565979244524442,2.5238715109338195,17.042107733590623,3707.388586933074,3692.716318359375,3813.9961359281606,3561.435626767152,3687.7158813476562,0.018966856374240892,-0.026668902254416982,0.0,3863.931884765625,1
2024-07-02,TCS.NS,3841.0412524117046,3869.7026797753697,3830.4133246392416,3863.931884765625,2307449,66.5703692895103,29.350458454642194,7.889188899675495,21.461269554966698,3722.297472440936,3696.2416455078123,3837.1951641992714,3568.4899676366663,3702.842565917969,0.009853796210546717,-0.13212132290577094,0.0,3813.774169921875,0
2024-07-03,TCS.NS,3866.4326746323527,3872.2997435120974,3803.915728400735,3813.774169921875,1821198,59.89612056041859,32.680697580963624,12.847490635933122,19.833206945030504,3731.009538867692,3699.4474951171874,3843.582200451916,3586.171949938709,3714.8770751953125,-0.012981003894376952,-0.21073098473682406,0.0,3867.346435546875,1
2024-07-04,TCS.NS,3847.0526133717367,3892.7380752449785,3829.980677619104,3867.346435546875,2518001,64.04274673879115,39.19100073456639,18.116192655659777,21.07480807890661,3743.9940052180905,3702.9914501953126,3862.3495825514715,3593.8059594407164,3728.077770996094,0.014047047160660187,0.38260694334169054,0.0,3858.546142578125,0
2024-07-05,TCS.NS,3856.814857026084,3872.924993897701,3835.655274269332,3858.546142578125,1668616,62.89234875105286,43.143026834786724,23.121559491485165,20.02146734330156,3754.9037325857125,3706.1665234375,3880.821011899044,3592.7816248197055,3736.801318359375,-0.002275537791975868,-0.337325124175884,0.0,3840.656494140625,0
2024-07-08,TCS.NS,3868.356357887955,3877.253000431581,3826.085330278659,3840.656494140625,1758882,60.512693696530874,44.32059069225534,27.361365731639196,16.95922496061614,3763.070662257609,3709.8173876953124,3892.549842462918,3590.5986682792695,3741.574255371094,-0.004636370222476316,0.054096328933679105,0.0,3833.250732421875,0
2024-07-09,TCS.NS,3832.769832819263,3853.8812784110864,3823.248114613245,3833.250732421875,1305801,59.50888576143497,44.14733248687071,30.718559082685502,13.428773404185208,3769.7544784637294,3712.916240234375,3903.0504352060634,3592.293705418937,3747.6720703125,-0.0019282541227126915,-0.25759601837985724,0.0,3759.8173828125,0
2024-07-10,TCS.NS,3831.5195626919294,3850.3709216097873,3752.940612213008,3759.8173828125,2669716,50.55386160949636,37.65055435157001,32.10495813646241,5.545596215107601,3768.808088401707,3715.135576171875,3904.612680192178,3596.2185453937595,3750.4156127929687,-0.01915693877999447,1.0445044842207962,0.0,3773.811279296875,1
2024-07-11,TCS.NS,3780.832460057338,3827.96061842488,3746.7848640603625,3773.811279296875,4872189,52.03514475946775,33.24774209216321,32.33351492760257,0.9142271645606357,3769.2845827726755,3716.701884765625,3906.3653399474792,3603.3192547790836,3754.8422973632814,0.003721961749617364,0.8249840057893798,0.0,4024.120361328125,1
2024-07-12,TCS.NS,3827.961206619884,4039.509150098456,3819.593599688873,4024.120361328125,13509164,69.58609209383694,49.387029719426664,35.744217885967394,13.64281183345927,3793.5546569208136,3724.22064453125,3960.527023563229,3578.569460811771,3769.5482421875,0.06632792779131425,1.7727093509714011,0.0,4009.933349609375,0
2024-07-15,TCS.NS,4073.892995406388,4078.0285440501298,3998.247113809821,4009.933349609375,4848030,68.06587414912367,60.33722815388501,40.662819939550914,19.674408214334093,3814.1621514625813,3730.6411669921877,3999.235477069848,3572.2880825004645,3785.7617797851562,-0.0035254938831073,-0.6411302727541097,0.0,4018.829345703125,1
2024-07-16,TCS.NS,4012.625554106788,4034.313934387033,3986.560706461952,4018.829345703125,2029521,68.53013980742094,68.9384918219348,46.317954316027695,22.62053750590711,3833.654265199776,3737.6196435546876,4032.3726680139494,3574.0978153844885,3803.235241699219,0.002218489764827858,-0.58137202121274,0.0,4150.6923828125,1
2024-07-18,TCS.NS,4001.084703910708,4159.781573176397,4001.084703910708,4150.6923828125,5613364,74.45779671561161,85.41073848999304,54.136511150820766,31.27422733917227,3863.8483716390833,3745.752490234375,4092.330114769747,3563.562414527128,3827.9462646484376,0.03281130542414323,1.765856574038899,0.0,4147.65576171875,0
2024-07-19,TCS.NS,4162.116257683314,4201.979119036148,4131.122688809786,4147.65576171875,3903354,74.11159706042369,97.10076552455394,62.729362025567404,34.37140349898653,3890.877646884766,3752.7188818359373,4137.661222639024,3568.7395097828503,3853.2003662109373,-0.0007315938676458744,-0.3046319461912679,0.0,4133.1474609375,0
2024-07-22,TCS.NS,4145.294372304492,4164.575034563433,4111.601226719275,4133.1474609375,1896386,72.38000460055846,103.99569985655171,70.98262959176427,33.013070264787444,3913.950962508836,3759.43330078125,4172.1178896917345,3581.079986284828,3876.5989379882812,-0.003497952003431948,-0.5141649975892527,0.0,4147.607421875,1
2024-07-23,TCS.NS,4128.953289405216,4204.822873881606,4112.853750210899,4147.607421875,2365208,73.05571625516527,109.36607891103358,78.65931945561813,30.70675945541545,3936.203958638947,3766.756787109375,4202.579145873766,3598.279984985609,3900.4295654296875,0.003498534972236511,0.24721865696118828,0.0,4151.3671875,1
2024-07-24,TCS.NS,4133.2915683962265,4183.03576631366,4114.589421974038,4151.3671875,1809793,73.23903962810655,112.62722809006027,85.45290118250657,27.174326907553706,3956.695694720952,3775.4216162109374,4228.485215687489,3618.328822398449,3923.407019042969,0.0009064902346278547,-0.23482712725476995,0.0,4167.03271484375,1
2024-07-25,TCS.NS,4140.521806883495,4186.795391686849,4120.470108423073,4167.03271484375,2810342,74.03183549796304,115.148430020251,91.39200695005546,23.756423070195538,3976.7277918755044,3783.3704150390627,4252.286769520087,3640.3752177846013,3946.3309936523438,0.003773582686426691,0.5528527295663095,0.0,4230.03271484375,1
2024-07-26,TCS.NS,4193.543968012702,4263.38835411249,4181.059551130559,4230.03271484375,3552210,76.98477845527003,120.83713888270586,97.28103333658555,23.556105546120307,4000.852070253433,3793.469140625,4288.696328725428,3648.5827240089466,3968.6395263671875,0.015118671801059413,0.26397783614947934,0.0,4223.525390625,0
2024-07-29,TCS.NS,4256.206017658637,4271.630546827955,4213.788562443014,4223.525390625,1746803,76.0231523222235,123.3979403172334,102.50441473271513,20.893525584518272,4022.059053145963,3803.834951171875,4314.721505474491,3669.409256244259,3992.065380859375,-0.0015383626220939473,-0.5082489492456809,0.0,4208.341796875,0
2024-07-30,TCS.NS,4233.165648077155,4239.817382022423,4171.660056647635,4208.341796875,1797906,73.70958484164605,122.78679504152478,106.56089079447707,16.22590424704771,4039.8002668344425,3812.9631787109374,4337.516894890907,3684.8251461247187,4011.1710205078125,-0.0035950047284439846,0.029255159282414844,0.0,4227.6220703125,1
2024-07-31,TCS.NS,4193.54341075026,4255.241520701527,4188.723245910317,4227.6220703125,2330091,74.75997205373072,122.44672531293236,109.73805769816815,12.70866761476421,4057.6880576418766,3823.7629345703126,4361.339359195149,3697.371700375163,4029.3555297851562,0.004581441899946581,0.29600268312136446,0.0,4238.94970703125,1
2024-08-01,TCS.NS,4241.166794700349,4260.3509577479335,4208.052166158217,4238.94970703125,2202244,75.38228736517294,121.68851377877354,112.12814891428923,9.560364864484313,4074.951071869436,3835.05662109375,4379.090180791457,3722.138432489792,4050.614306640625,0.0026794345687368715,-0.05486781417549791,0.0,4129.00146484375,0
2024-08-02,TCS.NS,4208.004159633621,4239.817249500267,4116.421022138731,4129.00146484375,2811282,59.93549206210568,110.93690976664038,111.88990108475946,-0.952991318119075,4080.09872834318,3843.9243603515624,4382.637888283693,3744.7562279272443,4063.697058105469,-0.02593761421729679,0.27655337010794434,0.0,4005.60498046875,0
2024-08-05,TCS.NS,4086.535736118348,4086.535736118348,3962.6575001921374,4005.60498046875,2787771,48.03804932040117,91.40545590651755,107.79301204911108,-16.38755614259354,4073.0040856884725,3849.142119140625,4377.259974372564,3764.8400256274367,4071.05,-0.029885308936229538,-0.008363088441501021,0.0,4021.1748046875,1
2024-08-06,TCS.NS,4020.933796427503,4105.093692530791,4011.1484844962138,4021.1748046875,2203067,49.40282545644272,76.3034144334838,101.49509252598563,-25.19167809250183,4068.0679636883797,3855.5166943359377,4368.727874318335,3791.4239567363525,4080.0759155273436,0.0038870094017429135,-0.20973889175258653,0.0,4049.372802734375,1
2024-08-07,TCS.NS,4075.931724905789,4092.272273348922,4029.94716025148,4049.372802734375,1237666,51.86843988362855,65.85118902748445,94.3663118262854,-28.515122798800945,4066.2874721689504,3862.50236328125,4357.071552731167,3824.692485354771,4090.8820190429688,0.007012378077671411,-0.4382077349440575,0.0,4022.476318359375,0
2024-08-08,TCS.NS,4030.622586737492,4079.788277223885,4010.377890654859,4022.476318359375,2441283,49.395854355474874,54.7660941407039,86.4462682891691,-31.6801741484652,4062.114981329943,3869.0876416015626,4325.785297437583,3882.244634203043,4104.014965820313,-0.006642135877644506,0.9724893468835696,0.0,4076.654052734375,1
2024-08-09,TCS.NS,4065.326666362604,4100.658377369868,4054.288301567971,4076.654052734375,1302536,54.13835869168414,49.77894625487079,79.11280388230945,-29.33385762743866,4063.499654797032,3877.45376953125,4282.275992195745,3956.03821678863,4119.1571044921875,0.013468751606497298,-0.46645431930669246,0.0,4044.74462890625,0
2024-08-12,TCS.NS,4077.859253870528,4086.535550155359,4035.779311032938,4044.74462890625,936912,51.10075070426933,42.758874115807885,71.84201792900915,-29.08314381320126,4061.7134618550526,3886.4811083984373,4281.13726852264,3959.2393672195485,4120.188317871094,-0.007827356311169487,-0.28070164663395103,0.0,4045.99853515625,1
2024-08-13,TCS.NS,4061.4710767002734,4081.715769938039,4032.550086360609,4045.99853515625,1495593,51.21658299520367,36.871563689296636,64.84792708106664,-27.976363391770008,4060.2168021694524,3896.786748046875,4278.711553240591,3965.271601056285,4121.9915771484375,0.0003100087558158826,0.5963003996106357,0.0,4140.76318359375,1
2024-08-14,TCS.NS,4057.615328501506,4151.319534354046,4037.515144170132,4140.76318359375,3226545,59.101556010639904,39.398382875057905,59.758018239864896,-20.35963536480699,4067.8878861146236,3908.3740478515624,4277.60234109122,3978.5741969947176,4128.088269042969,0.023421819759467777,1.157368348207032,0.0,4257.21728515625,1
2024-08-16,TCS.NS,4193.54310061731,4267.77363366272,4169.538775633477,4257.21728515625,3457058,66.30836755261342,50.21888597572479,57.85019178703688,-7.631305811312089,4085.919257451921,3922.0567138671877,4293.0191931669815,3973.8098351533313,4133.414514160157,0.028123825584594364,0.07144267319997089,0.0,4328.50830078125,1
2024-08-19,TCS.NS,4261.990021771471,4332.605441155041,4232.442503572573,4328.50830078125,2055210,69.81501453474934,63.81122570871821,59.04239857137315,4.768827137345063,4109.022975864238,3936.5602294921873,4323.339234315577,3961.5750479109843,4142.457141113281,0.016745918953578576,-0.4055031764002802,0.0,4360.61083984375,1
2024-08-20,TCS.NS,4342.969221968976,4400.811209386987,4338.149056350809,4360.61083984375,2212298,71.26533951653356,76.29418758190423,62.49275637347937,13.801431208424859,4132.983724814668,3950.0909423828125,4358.040517880758,3949.62010223643,4153.830310058594,0.007416536328856305,0.07643403837077467,0.0,4387.79638671875,1
2024-08-21,TCS.NS,4355.501279840781,4395.990667568384,4330.966450656232,4387.79638671875,1896990,72.47159361431814,87.37348409842434,67.46890191846836,19.90458217995598,4157.251597376961,3962.9429150390624,4394.017718955451,3937.6617976461107,4165.839758300781,0.006234343736111647,-0.14252510285684838,0.0,4340.07666015625,0
2024-08-22,TCS.NS,4395.99057536928,4396.906595026849,4335.44948994356,4340.07666015625,1829872,67.1433929625895,91.25143356252374,72.22540824727945,19.026025315244297,4174.663508117846,3975.5185595703124,4415.564386100701,3934.986077766487,4175.275231933594,-0.010875556283090337,-0.03538131460893312,0.0,4303.34716796875,0
2024-08-23,TCS.NS,4338.148856270688,4343.933054745716,4294.767367707981,4303.34716796875,1809253,63.28660117915769,90.31982269963919,75.8442911377514,14.475531561887792,4186.919094770313,3987.486572265625,4428.707980870267,3935.47392830942,4182.090954589844,-0.008462867148106512,-0.011268001259104432,0.0,4340.51025390625,1
2024-08-26,TCS.NS,4327.543822710248,4388.422408095066,4323.6876909903,4340.51025390625,1844164,65.4491371319035,91.52521907615755,78.98047672543264,12.544742350724917,4201.54682421183,4000.5912255859375,4443.070419050774,3932.159244035164,4187.614831542969,0.00863585587844673,0.019295808822757277,0.0,4335.4013671875,0
2024-08-27,TCS.NS,4342.969121176248,4347.789286682549,4325.4235304456015,4335.4013671875,930697,64.88332658412133,91.01904898816065,81.38819117797824,9.630857810182405,4214.294875923799,4012.6992236328124,4456.3486182491915,3930.068642492997,4193.208630371094,-0.0011770244556276177,-0.4953285065753371,0.0,4343.9814453125,1
2024-08-28,TCS.NS,4336.944191511195,4398.401305644863,4296.984828622048,4343.9814453125,1848058,65.42394668084958,90.26967353901091,83.16448765018478,7.105185888826128,4226.645977770342,4025.8656005859375,4471.20889734913,3928.772328236808,4199.990612792969,0.0019790735385973868,0.9856709541343747,0.0,4349.52392578125,1
2024-08-29,TCS.NS,4299.5872043857225,4392.134372910617,4299.5872043857225,4349.52392578125,2133641,65.79032133751019,89.09597698759444,84.35078551766671,4.745191469927732,4238.348639485667,4039.468876953125,4484.886889393949,3927.2845217388644,4206.085705566406,0.0012758987437044844,0.15453140539961407,0.0,4389.96533203125,1
2024-08-30,TCS.NS,4338.148557593329,4427.080603023993,4326.38716654949,4389.96533203125,3637222,68.41981112828329,90.38717047879072,85.55806250989151,4.8291079688992085,4252.788324490009,4054.1387451171877,4503.547469362793,3923.72550427002,4213.636486816406,0.009297892583206346,0.7047019625138438,0.0,4358.44140625,0
2024-09-02,TCS.NS,4411.41521031719,4422.983606847743,4349.717095487579,4358.44140625,1216500,64.27268119442573,87.8540069639439,86.017251400702,1.8367555632419084,4262.850522752865,4068.4560986328124,4518.848209636331,3931.368758137107,4225.108483886719,-0.007180905405160365,-0.6655414489409774,0.0,4350.0546875,0
2024-09-03,TCS.NS,4358.441492719485,4392.038139120691,4334.196155320372,4350.0546875,1717263,63.1755681123017,84.19912343277974,85.65362580711755,-1.4545023743378067,4271.155681300211,4082.153671875,4522.656714815886,3962.005223660676,4242.330969238281,-0.0019242472178181425,0.41164241676942037,0.0,4318.14453125,0
2024-09-04,TCS.NS,4315.927443783511,4325.615786508623,4277.125118085501,4318.14453125,1265505,59.04571240399642,77.83053699460015,84.08900804461408,-6.258471050013924,4275.630809866857,4095.0966650390624,4519.987642010269,3994.3712691225437,4257.179455566406,-0.007335575881768697,-0.2630686155818882,0.0,4314.9638671875,0
2024-09-05,TCS.NS,4319.832045744477,4337.184640438384,4293.947664515546,4314.9638671875,1688793,58.63426835321469,71.70021787144378,81.61125000998003,-9.911032138536243,4279.376815325966,4107.559580078125,4516.210597552527,4024.707420025598,4270.459008789063,-0.0007365811958079949,0.33448149157846085,0.0,4296.45458984375,0
2024-09-06,TCS.NS,4313.036147727095,4356.417637948214,4280.307035150334,4296.45458984375,1649179,56.18087457125414,64.6036412447238,78.2097282569288,-13.606087012204995,4281.003270041946,4119.317607421875,4502.055314600169,4066.260530126394,4284.157922363282,-0.004289555582261295,-0.023456989696191255,0.0,4289.5126953125,0
2024-09-09,TCS.NS,4294.766863264564,4328.749025313964,4271.148055599024,4289.5126953125,1184938,55.247192129390534,57.753652115942714,74.11851302873158,-16.36486091278887,4281.813691496284,4129.430620117188,4490.811948726436,4098.78976025794,4294.800854492188,-0.0016157262659448612,-0.28149824852244665,0.0,4345.7158203125,1
2024-09-10,TCS.NS,4282.668162536592,4376.661370673829,4280.7400967286485,4345.7158203125,1385591,60.9112720189198,56.212130409736346,70.53723650493254,-14.32510609519619,4287.8996085264,4141.244770507812,4469.62224041411,4150.07658771089,4309.8494140625,0.013102449856697618,0.1693362859491383,0.0,4318.24169921875,0
2024-09-11,TCS.NS,4358.827586295432,4385.724015259078,4310.4329370759415,4318.24169921875,1325919,57.10638489797047,52.17212362491955,66.86421392892994,-14.692090304010392,4290.78933144948,4151.085024414063,4427.753573237429,4219.169571293822,4323.461572265625,-0.006322116362356689,-0.04306609959215957,0.0,4355.2119140625,1
2024-09-12,TCS.NS,4348.0296801859,4369.575911096477,4271.919089315057,4355.2119140625,2742216,60.66691730498827,51.36151295626132,63.76367373439622,-12.402160778134899,4296.924815507863,4160.910625,4396.975851275884,4271.39216630224,4334.184008789062,0.008561404714895637,1.068162534815475,0.0,4359.935546875,1
2024-09-13,TCS.NS,4367.069296615252,4383.457856889526,4342.968472682497,4359.935546875,1458786,61.11109510218453,50.51791675410641,61.11452233833826,-10.596605584231853,4302.925837542829,4171.833852539063,4392.094519015944,4286.545324734056,4339.319921875,0.0010845931049296986,-0.46802658871511216,0.0,4350.921875,0
2024-09-16,TCS.NS,4364.17732856035,4382.541968659906,4332.798243146996,4350.921875,1155120,59.72508643914532,48.56223745180159,58.60406536103093,-10.04182790922934,4307.496888729226,4181.505361328125,4393.2011659110385,4287.680035260836,4340.440600585937,-0.0020673864964495525,-0.20816350033521025,0.0,4343.59521484375,0
2024-09-17,TCS.NS,4350.921959825614,4372.660715800715,4305.371400339266,4343.59521484375,1699364,58.56242329876141,45.89213134833699,56.06167855849215,-10.169547210155159,4310.934824549657,4191.206342773437,4391.5648570594685,4287.614781612406,4339.589819335937,-0.001683932823144496,0.4711579749290118,0.0,4189.83203125,0
2024-09-18,TCS.NS,4335.30452036304,4335.30452036304,4165.586694851035,4189.83203125,2961779,40.66905226496464,31.01117167747998,51.05157718228971,-20.040405504809733,4299.401225187785,4198.189853515625,4409.254218894465,4250.128984230535,4329.6916015625,-0.0353999799678113,0.7428749814636535,0.0,4141.6298828125,0
2024-09-19,TCS.NS,4232.152478713516,4263.146513275474,4127.79591644136,4141.6298828125,2927551,36.86627329763847,15.153710844300804,43.87200391469193,-28.718293070391127,4284.375383056806,4204.357436523437,4433.73535838071,4205.803167009914,4319.769262695312,-0.011504553900486436,-0.011556567860059763,0.0,4130.78515625,0
2024-09-20,TCS.NS,4161.634214107266,4174.938152739774,4075.4497528623806,4130.78515625,5447908,36.04955215395237,1.6919760401660824,35.435998339786764,-33.74402229962068,4269.747742408538,4211.776791992187,4451.780971358513,4170.501352860237,4311.141162109375,-0.002618468300971344,0.8609096818467039,0.0,4114.9755859375,0
2024-09-23,TCS.NS,4145.3426307909685,4154.404448444648,4100.033071803254,4114.9755859375,1702319,34.83788729089193,-10.135411264813229,26.321716418866767,-36.45712768368,4255.007537030344,4218.600078125,4463.554914156642,4136.173943265233,4299.864428710937,-0.0038272555251583906,-0.6875279465071731,0.0,4117.67333984375,1
2024-09-24,TCS.NS,4098.730188411814,4136.664975349872,4087.499299809708,4117.67333984375,3012026,35.237896997698655,-19.071174097961375,17.243138315501138,-36.31431241346252,4241.92808967924,4220.471137695313,4469.827865219832,4108.128189467668,4288.97802734375,0.0006555941462857984,0.7693663761022465,0.0,4120.99951171875,1
2024-09-25,TCS.NS,4099.405269570989,4135.315493984469,4087.499369480672,4120.99951171875,2713073,35.761494830331884,-25.58945691911231,8.676619268578449,-34.26607618769076,4230.411082254432,4222.6924609375,4470.825654929993,4084.832206398132,4277.828930664063,0.0008077794425349616,-0.09925312729704194,0.0,4138.111328125,1
2024-09-26,TCS.NS,4106.780258080955,4161.53713990102,4106.780258080955,4138.111328125,3964251,38.51558436702506,-29.03971073325829,1.133353268211101,-30.173064001469392,4221.6206294802,4225.078100585937,4466.449038366571,4068.06756319593,4267.25830078125,0.004152346137773044,0.46116636006476797,0.0,4153.7294921875,1
2024-09-27,TCS.NS,4179.083373733514,4220.536795895115,4145.390229526084,4153.7294921875,3012477,41.00180631577247,-30.16607073954583,-5.126531533340286,-25.039539206205546,4215.154806880895,4225.138842773437,4452.132123901156,4058.7608936769684,4255.446508789062,0.003774225201808923,-0.24008923753818823,0.0,4114.9755859375,0
2024-09-30,TCS.NS,4132.713702120742,4144.137589328529,4106.829317363682,4114.9755859375,2503416,37.00340216767845,-33.796253342880846,-10.860475895248399,-22.935777447632447,4205.6139286958105,4224.485239257812,4443.066364272947,4043.480071273929,4243.273217773438,-0.00932990612963358,-0.16898419473410087,0.0,4133.67724609375,1
2024-10-01,TCS.NS,4102.490682592709,4141.244999726133,4090.34424266424,4133.67724609375,1823365,40.04204643798465,-34.763400688097136,-15.641060853818148,-19.12233983427899,4198.762816067043,4224.495834960938,4431.378724206537,4033.5299671997122,4232.454345703125,0.004544780343329613,-0.27164921850783086,0.0,4080.510498046875,0
2024-10-03,TCS.NS,4109.286975952268,4125.097022300532,4058.57874827886,4080.510498046875,3350119,34.88970451284132,-39.3661951681388,-20.38608771668228,-18.980107451456522,4187.500690541313,4223.153896484375,4425.889555216673,4015.255732869265,4220.572644042969,-0.012861852747965918,0.8373276880931684,0.0,4099.3095703125,1
2024-10-04,TCS.NS,4073.03966948564,4143.414082709889,4072.12364979296,4099.3095703125,2965463,37.93090350840556,-41.02411447839859,-24.513693069025543,-16.510421409373045,4179.101536233807,4222.112744140625,4416.789862206629,4002.789996191809,4209.789929199219,0.004607039309082239,-0.11481860793601661,0.0,4119.1689453125,1
2024-10-07,TCS.NS,4120.1809917846585,4142.691258921902,4077.281518628099,4119.1689453125,1472619,41.06273915180318,-40.27131918611394,-27.665218292443228,-12.606100893670714,4173.3936704317775,4221.15546875,4407.50480887118,3994.346485074132,4200.925646972656,0.004844565812697654,-0.5034100914427191,0.0,4100.27392578125,0
2024-10-08,TCS.NS,4118.9280610616215,4125.483298082855,4052.747280579048,4100.27392578125,1541867,39.04415871313441,-40.72988489765885,-30.278151613486354,-10.451733284172494,4166.429885226966,4218.56029296875,4398.281158873969,3984.646258118219,4191.463708496094,-0.00458709506264654,0.04702370402663547,0.0,4099.98388671875,0
2024-10-09,TCS.NS,4106.780130336914,4140.521281642499,4093.958681128466,4099.98388671875,1082504,39.01245608491088,-40.648138814565755,-32.352149053702234,-8.29598976086352,4160.10169489285,4216.089462890625,4376.875328063914,3981.4788955688987,4179.177111816406,-7.073650876743276e-05,-0.2979264748515923,0.0,4075.353759765625,0
2024-10-10,TCS.NS,4100.274111543866,4139.41395268795,4047.58979254581,4075.353759765625,2378875,36.315776346229356,-42.08566253701156,-34.2988517503641,-7.786810786647457,4152.030462975971,4213.429702148437,4358.820892238666,3975.2445374488343,4167.03271484375,-0.006007371646730264,1.197566937396998,0.0,3999.966064453125,0
2024-10-11,TCS.NS,3993.9888713374494,4089.380128613528,3964.537850351833,3999.966064453125,5759183,29.576776853177165,-48.746152116141275,-37.18831182351954,-11.557840292621734,4137.548139307129,4208.87658203125,4333.7173789189355,3964.8234658076267,4149.270422363281,-0.018498442038768048,1.4209691555882507,0.0,3987.8671875,0
2024-10-14,TCS.NS,3991.0967923333,4015.583137446759,3973.937192480054,3987.8671875,2137590,28.657661304442385,-54.37412527991273,-40.625474514798185,-13.748650765114547,4123.292810563593,4203.854931640625,4300.874445624115,3960.459563164948,4130.667004394531,-0.0030247448998743653,-0.6288379792758799,0.0,3968.73046875,0
2024-10-15,TCS.NS,3982.46793762456,4019.9691941452015,3947.714739741859,3968.73046875,2759474,27.21698510464742,-59.690433667141406,-44.43846634526683,-15.251967321874574,4108.572587533727,4200.64951171875,4263.38667056181,3959.7281976022527,4111.557434082031,-0.004798735226184125,0.2909276334563691,0.0,3947.6669921875,0
2024-10-16,TCS.NS,3938.074910652084,3966.9959014279866,3920.91507571979,3947.6669921875,2359151,25.68633794090647,-64.85567701634227,-48.52190847948192,-16.333768536860347,4093.2482451198002,4199.490751953125,4218.6004274092975,3964.92161848914,4091.761022949219,-0.005307358796057038,-0.14507221303770212,0.0,3961.211669921875,1
2024-10-17,TCS.NS,3964.8748071016144,3981.4083499313706,3945.7388929151134,3961.211669921875,2522659,28.472037254196877,-67.08293694911299,-52.234114173408145,-14.848822775704846,4080.673333196188,4198.291489257813,4210.907966304312,3949.752043461313,4080.3300048828123,0.003431058840875023,0.06930798410105998,0.0,3984.453125,1
2024-10-18,TCS.NS,3952.514292386813,4006.776710853755,3942.850443261172,3984.453125,2361000,33.10579566971195,-66.20944404748298,-55.02918014822311,-11.180263899259863,4071.5095038441705,4196.993095703125,4206.226536564418,3938.7157974199577,4072.4711669921876,0.005867259064846531,-0.0640827793213431,0.0,3942.70556640625,0
2024-10-21,TCS.NS,3993.682370369564,4000.78539382613,3933.186580676541,3942.70556640625,1595450,29.419084327342432,-68.10084950755936,-57.643514020090365,-10.457335487468995,4059.242462183416,4195.397680664062,4205.279977074987,3920.8543979250126,4063.0671875,-0.010477613184055268,-0.3242481999152901,0.0,3880.518310546875,0
2024-10-22,TCS.NS,3929.320744784857,3952.3207510778334,3871.6759836673737,3880.518310546875,1928049,24.960095875556576,-73.76744856041796,-60.86830092815589,-12.899147632262071,4042.2211144085077,4191.474965820313,4211.970279007204,3890.718368453733,4051.3443237304687,-0.01577273646534516,0.2084672036102666,0.0,3929.5625,1
2024-10-23,TCS.NS,3865.153042421479,3975.272315864082,3860.85244097846,3929.5625,1966476,33.51825676569952,-73.45408001513806,-63.385456745552325,-10.068623269585736,4031.4917225600784,4189.171323242187,4207.869777849343,3876.007785627219,4041.9387817382812,0.01263856668832819,0.01993051006483748,0.0,3911.829345703125,0
2024-10-24,TCS.NS,3869.4051429301385,3941.884010492516,3869.4051429301385,3911.829345703125,2676744,32.09303614772402,-73.78609041485333,-65.46558347941253,-8.320506935440804,4020.095305716559,4186.487939453125,4202.4514615101325,3860.5090853648667,4031.4802734375,-0.004512755375916555,0.36118823723249105,0.0,3921.155029296875,1
2024-10-25,TCS.NS,3920.6718368553634,3954.446941330257,3897.140270580229,3921.155029296875,1759676,33.68987067579171,-72.46141622008781,-66.86475002754759,-5.596666192540226,4010.6724222480175,4182.095776367188,4190.693454403856,3850.5714625883325,4020.632458496094,0.0023839699459267116,-0.3426057927093513,0.0,3953.33544921875,1
2024-10-28,TCS.NS,3932.1714800258014,3995.034859975357,3914.824919632359,3953.33544921875,1532534,39.018769769880905,-68.03069591737176,-67.09793920551242,-0.9327567118593407,4005.211758149992,4176.018139648438,4171.491524432854,3849.7339882624583,4010.612756347656,0.008206872638658602,-0.12908171731614226,0.0,3938.260009765625,0
2024-10-29,TCS.NS,3958.16763280639,3965.560382816574,3923.6193731047465,3938.260009765625,1445885,37.49845352386939,-64.98665442954007,-66.67568225031795,1.6890278207778806,3998.8354011610045,4168.213173828125,4158.104703869315,3845.4492512088104,4001.7769775390625,-0.0038133468932175507,-0.056539691778453194,0.0,3947.34375,1
2024-10-30,TCS.NS,3938.018230649405,3968.9425455894734,3923.5708244501016,3947.34375,1935002,39.03975113134069,-61.136504134855386,-65.56784662722544,4.4313424923700495,3993.931434383766,4159.94783203125,4138.076975492082,3846.8436299766677,3992.460302734375,0.00230653644295975,0.3382820902077275,0.0,3835.050048828125,0
2024-10-31,TCS.NS,3933.186481064544,3941.207522795,3826.8841437384754,3835.050048828125,3740372,29.39075960554368,-66.38119440617947,-65.73051618301625,-0.6506782231632258,3978.799873854657,4148.8929052734375,4135.128357111605,3825.2462034352707,3980.1872802734374,-0.028447915429679727,0.9330067875898835,0.0,3850.270751953125,1
2024-11-01,TCS.NS,3855.730968312658,3864.524929526368,3842.3948092268606,3850.270751953125,154895,31.849474083014968,-68.51961423378452,-66.2883357931699,-2.2312784406146164,3966.5590051021304,4139.096787109375,4122.40974199082,3813.060936720117,3967.7353393554686,0.0039688408055198465,-0.9585883436192978,0.0,3830.89453125,0
2024-11-04,TCS.NS,3832.972400304222,3857.711711695001,3781.705635185665,3830.89453125,2269192,30.398314724805488,-70.95984550257026,-67.22263773504999,-3.7372077675202746,3953.638579020975,4129.647734375,4102.49200245065,3804.1512348540377,3953.3216186523437,-0.0050324306916068595,13.649872494270312,0.0,3837.8525390625,1
2024-11-05,TCS.NS,3808.6193975736255,3852.009982633179,3808.6193975736255,3837.8525390625,967590,31.603482072449438,-71.50799364546401,-68.07970891713279,-3.4282847283312208,3942.611337120168,4119.594580078125,4081.306109499638,3799.0949891331743,3940.200549316406,0.001816288012040257,-0.5735971217948944,0.0,4000.494873046875,1
2024-11-06,TCS.NS,3869.0184054781503,4010.303584712349,3841.6213011336513,4000.494873046875,3792017,52.36593348870409,-58.14823128977059,-66.09341339166035,7.945182101889756,3948.1240548274736,4112.896450195312,4059.454664545594,3810.997532720031,3935.2260986328124,0.04237847398485628,2.919032854824874,0.0,4011.3671875,1
2024-11-07,TCS.NS,4029.5355076485175,4064.42162678781,3947.730880215136,4011.3671875,3724349,53.3846346916823,-46.151215968794986,-62.104973907087285,15.953757938292298,3954.1472103200954,4106.244165039063,4044.3839441309738,3819.669595908089,3932.0267700195313,0.0027177423789184196,-0.017844856708184587,0.0,4007.597900390625,0
2024-11-08,TCS.NS,4015.3289790506506,4029.583155330072,3979.2344111831385,4007.597900390625,1648039,52.9617582873436,-36.52658907967543,-56.98929694160492,20.462707861929488,3959.237752231574,4099.40564453125,4045.733565229404,3819.0831584034086,3932.4083618164063,-0.0009396514787080035,-0.557496088578165,0.0,4057.56005859375,1
2024-11-11,TCS.NS,3989.4299300243847,4091.9629800652096,3979.234287238493,4057.56005859375,1406487,57.740249195062546,-24.584084291886484,-50.508254411661234,25.92417011977475,3968.601781408924,4092.7575390625,4059.632586499338,3812.1534242428497,3935.8930053710938,0.012466859062446156,-0.14656934696326973,0.0,4056.303955078125,0
2024-11-12,TCS.NS,4074.2788089026935,4076.2115787361386,4024.365122327496,4056.303955078125,1587640,57.581871366668366,-15.047462481709772,-43.416096025670946,28.368633543961174,3976.9543693774194,4086.7147900390623,4074.1331466761535,3806.410212698847,3940.2716796875,-0.0003095711455864958,0.12879820432040967,0.0,4010.835693359375,0
2024-11-13,TCS.NS,4037.652874530085,4055.6758586730903,3992.184181532681,4010.835693359375,1098813,52.01962118805127,-11.031366984272609,-36.93915021739128,25.90778323311867,3980.1811621376055,4079.93041015625,4080.776055246639,3806.0841742455486,3943.4301147460938,-0.011209283678514259,-0.3078953667078179,0.0,4006.534912109375,0
2024-11-14,TCS.NS,3996.0014114683854,4020.161033061302,3978.075160993485,4006.534912109375,1825432,51.51274357483208,-8.102222098995298,-31.171764593712087,23.06954249471679,3982.6910430872977,4073.6982177734376,4085.612579545018,3805.779974165919,3945.6962768554686,-0.001072290559576028,0.6612763045213335,0.0,3884.3837890625,0
2024-11-18,TCS.NS,4071.379251976692,4071.379251976692,3856.068666612765,3884.3837890625,3313944,39.6851006386564,-15.459224131659994,-28.02925650130167,12.570032369641677,3973.3284474658885,4065.0866162109373,4081.8588775628523,3799.526742554335,3940.6928100585938,-0.030487971707842787,0.8154299913664271,0.0,3903.760009765625,1
2024-11-19,TCS.NS,3884.7704056996986,3993.247106272653,3879.165562256781,3903.760009765625,1776233,41.96153803243171,-19.50140214524572,-26.32368563009048,6.82228348484476,3966.702881970625,4057.232724609375,4080.8183556681674,3796.672708784957,3938.7455322265623,0.004988235394680629,-0.46401236713716343,0.0,3935.94091796875,1
2024-11-21,TCS.NS,3908.9302706927815,3954.881920850917,3888.732920227157,3935.94091796875,2384347,45.63174380807263,-19.87897455398479,-25.034743414869347,5.155768860884557,3963.7731711133038,4050.1612890625,4081.078340037615,3801.9549851576976,3941.5166625976562,0.008243567258904516,0.34236161584656966,0.0,4101.91748046875,1
2024-11-22,TCS.NS,3934.152965837454,4111.919658653727,3917.724422379032,4101.91748046875,3096553,59.76426417435732,-6.7079567881373805,-21.369386089522955,14.661429301385574,3976.9297720042987,4045.285322265625,4106.010976540238,3794.2578467019503,3950.134411621094,0.04216947509101754,0.2987006505345069,0.0,4170.04736328125,1
2024-11-25,TCS.NS,4136.127160650989,4182.610366339302,4109.261850550811,4170.04736328125,4052167,63.91115634369399,9.122523073716366,-15.271004256875091,24.393527330591457,3995.321923554485,4042.321435546875,4144.730820154167,3781.3598048458325,3963.0453125,0.0166092767923538,0.30860573030721583,0.0,4206.3837890625,1
2024-11-26,TCS.NS,4175.797329148291,4219.816444946144,4165.118964633349,4206.3837890625,2060669,65.92811152303393,24.319992565425764,-7.35280489241492,31.672797457840684,4015.423053602867,4039.344873046875,4186.323096517394,3768.2904044591673,3977.306750488281,0.008713672199794464,-0.4914649371558477,0.0,4186.91015625,0
2024-11-27,TCS.NS,4212.423091731362,4230.252607658773,4178.695885685904,4186.91015625,1558993,63.867975551040736,34.39623877969416,0.9970038420068956,33.39923493768726,4031.7551586168797,4035.884365234375,4216.6124929242105,3761.358478755478,3988.985485839844,-0.004629542568877265,-0.24345297570837432,0.0,4102.20703125,0
2024-11-28,TCS.NS,4173.816244332727,4194.062196061659,4090.7071456958633,4102.20703125,2558544,55.71306108390331,35.14180930335533,7.825964934276583,27.315844369078746,4038.4648607724152,4030.910068359375,4228.687646756259,3765.678027071866,3997.1828369140626,-0.02023046156688113,0.6411516921499969,0.0,4127.28515625,1
2024-11-29,TCS.NS,4078.144388381402,4154.199070816993,4054.612821055958,4127.28515625,2017425,57.445515845999964,37.32600348225424,13.725972643872115,23.60003083838212,4046.923936532185,4026.5838671875,4243.159281151113,3769.2005333020124,4006.1799072265626,0.006113325048920926,-0.2114948970977243,0.0,4132.8896484375,1
2024-12-02,TCS.NS,4126.463283598858,4144.051676505499,4087.856020336648,4132.8896484375,1670944,57.842421953123335,39.058981164641864,18.792574348026065,20.2664068166158,4055.111147189834,4025.44501953125,4250.475735063103,3791.6680393509596,4021.071887207031,0.0013579125200529063,-0.17174417884184046,0.0,4158.1123046875,1
2024-12-03,TCS.NS,4169.322463028103,4179.614367038159,4122.066339471409,4158.1123046875,2010905,59.66571328987277,41.98367436406579,23.430794351234013,18.55288001283178,4064.9207812372306,4025.77466796875,4259.174249382008,3813.753680305492,4036.46396484375,0.006102910649824933,0.20345445448800192,0.0,4208.0263671875,1
2024-12-04,TCS.NS,4168.549449151754,4239.482479199273,4144.873018803544,4208.0263671875,3302642,63.069643853678,47.77840280391047,28.300316041769303,19.478086762141164,4078.5498846610653,4027.3194921875,4268.891527974083,3841.7495853071673,4055.320556640625,0.012004019815369471,0.642365999388335,0.0,4313.99072265625,1
2024-12-05,TCS.NS,4252.866872084178,4338.102216885899,4213.438553268549,4313.99072265625,3746747,69.04263492832206,60.226946002961085,34.685642034007664,25.54130396895342,4100.972821612988,4031.299794921875,4296.54197159441,3861.7129600462144,4079.1274658203124,0.025181485623525957,0.13446961553810555,0.0,4296.06396484375,0
2024-12-06,TCS.NS,4303.311851411364,4314.908469919546,4264.414860165169,4296.06396484375,1842087,67.06639368925448,67.86367642169898,41.32124891154593,26.542427510153054,4119.552930492108,4034.867607421875,4327.510561702219,3860.3012791180936,4093.9059204101563,-0.0041554928985712,-0.5083503102824931,0.0,4302.48974609375,1
2024-12-09,TCS.NS,4281.519480257453,4319.159882937311,4267.119970069553,4302.48974609375,2066639,67.42630745882383,73.58609247430923,47.77421762409859,25.811874850210636,4136.975484358932,4038.497412109375,4355.570362593431,3861.3537340862567,4108.462048339844,0.0014957368657879666,0.12190086570286862,0.0,4283.548828125,0
2024-12-10,TCS.NS,4277.36405967509,4342.739898114828,4263.78654175507,4283.548828125,2087828,65.16563535082176,75.7199225069171,53.363358600662295,22.356563906254806,4150.9348504318905,4041.406162109375,4376.026004345483,3868.493185107642,4122.259594726563,-0.00440231565594007,0.01025287919176976,0.0,4278.62060546875,0
2024-12-11,TCS.NS,4282.872604248985,4299.10768027082,4258.857847404851,4278.62060546875,1635256,64.55912278752135,76.13568699285588,57.91782427910101,18.21786271375487,4163.095398530639,4043.903984375,4394.006427401268,3872.6188167393566,4133.3126220703125,-0.0011504999368495694,-0.21676689842266705,0.0,4305.1962890625,1
2024-12-12,TCS.NS,4281.132929290767,4334.235964469825,4277.21925947457,4305.1962890625,1914642,66.37649132487812,77.71378279424243,61.8770159821293,15.836766812113133,4176.628816676531,4047.7083984375,4414.205591783898,3877.3088857551643,4145.757238769531,0.006211273689417984,0.17085153639552453,0.0,4323.509765625,1
2024-12-13,TCS.NS,4285.869352921617,4343.803850664891,4246.682157973984,4323.509765625,1967048,67.60912016067292,79.52545959753115,65.40670470520968,14.118754892321476,4190.617478481147,4051.505048828125,4432.988613504975,3889.7932712606503,4161.390942382813,0.0042538075694773525,0.02737117435008729,0.0,4266.78271484375,0
2024-12-16,TCS.NS,4309.110183879598,4324.572341973805,4249.194321264541,4266.78271484375,1646224,60.24207538643322,75.51335663638929,67.42803509144561,8.085321544943682,4197.871310515681,4055.2304931640624,4439.946950196145,3908.8597148429176,4174.403332519531,-0.013120601977650304,-0.16309922279476663,0.0,4182.99658203125,0
2024-12-17,TCS.NS,4261.756942764887,4283.935662540592,4172.849541691334,4182.99658203125,3225027,51.343157098986836,64.82562598223103,66.9075532696027,-2.08192728737167,4196.45466970764,4056.9042333984376,4419.147415111515,3959.520529224422,4189.333972167969,-0.01963684077959149,0.9590450631262817,0.0,4201.6962890625,1
2024-12-18,TCS.NS,4166.761572566735,4215.370539745701,4145.404373899688,4201.6962890625,1575404,53.01146623182267,57.205008782951154,64.9670443722724,-7.762035589321243,4196.95387155096,4058.5547802734377,4393.033927175856,4015.4276450897696,4204.230786132813,0.004470409349980775,-0.5115067253700512,0.0,4128.29931640625,0
2024-12-19,TCS.NS,4138.059897693995,4217.303454819382,4118.732200834144,4128.29931640625,3015763,46.301022877509304,44.72750166241349,60.91913583030062,-16.19163416788713,4190.4153424895585,4059.1152880859377,4362.286691355937,4065.4107207534385,4213.848706054688,-0.017468414565638857,0.914279130940381,0.0,4030.114501953125,0
2024-12-20,TCS.NS,4183.47996452078,4234.698360944804,4012.913040580397,4030.114501953125,4116989,39.15979811587524,26.60955502570414,54.057219669381325,-27.447664643677186,4175.148595771803,4057.717900390625,4372.209816778807,4048.3072974790052,4210.258557128906,-0.023783356517520282,0.3651566784259903,0.0,4018.51806640625,0
2024-12-23,TCS.NS,4058.86463523309,4075.245047731394,3976.5770568975017,4018.51806640625,2195338,38.40635565065968,11.186268015702808,45.48302933864562,-34.296761322942814,4160.231402498894,4056.5811865234373,4384.4184242566635,4020.94576031365,4202.682092285157,-0.0028774456758623446,-0.4667612665469837,0.0,4039.005615234375,1
2024-12-24,TCS.NS,4018.518066984285,4076.211433199807,4018.518066984285,4039.005615234375,1181886,40.58146819392942,0.6093516834362163,36.50829380760374,-35.898942124167526,4148.686089426083,4057.3619775390625,4389.513586113473,3999.1127810740268,4194.31318359375,0.005098284613772375,-0.46163825342612386,0.0,4028.955078125,0
2024-12-26,TCS.NS,4039.005385956038,4058.7681444226105,4003.877203107941,4028.955078125,1208464,39.83822697542438,-8.486102553513774,27.509414535380238,-35.99551708889401,4137.283135968837,4058.1837353515625,4394.529337735184,3978.301521639817,4186.4154296875,-0.0024883691845998257,0.022487786470099413,0.0,4024.8486328125,0
2024-12-27,TCS.NS,4023.060726201763,4040.40752557466,4007.840162560716,4024.8486328125,858100,39.519750265315004,-15.843042649516974,18.838923098400798,-34.68196574791777,4126.575088049186,4059.3060986328123,4399.46710455088,3965.6279149803704,4182.547509765625,-0.0010192333329293035,-0.28992506189675493,0.0,4019.00146484375,0
2024-12-30,TCS.NS,4011.463851124228,4058.140054574064,3973.774838791333,4019.00146484375,1527169,39.04115919582271,-21.892920310280715,10.692554416664496,-32.58547472694521,4116.32998107724,4060.7327880859375,4404.455856507662,3949.8107938829635,4177.133325195313,-0.001452767172678504,0.7797098240298332,0.0,3957.152587890625,0
2024-12-31,TCS.NS,3996.001210269241,4000.785003850817,3896.5119407456687,3957.152587890625,1555429,34.30832925297037,-31.317174527250245,2.2906086278815483,-33.60778315513179,4101.170229345181,4060.6516064453126,4414.625790155026,3922.0671541809106,4168.346472167968,-0.015389115304920487,0.018504828214821023,0.0,3974.20947265625,1
2025-01-01,TCS.NS,3956.765943399071,3995.034876942136,3948.116846379581,3974.20947265625,763161,36.59129634275655,-36.98329543357522,-5.564172184409806,-31.419123249165416,4089.07872870814,4060.4467333984376,4419.59746171632,3898.7051994164926,4159.151330566407,0.004310393492993114,-0.509356582653403,0.0,4035.3818359375,1
2025-01-02,TCS.NS,3981.50587656409,4042.388126618347,3959.2308928706593,4035.3818359375,1720835,44.09506928152594,-36.12125525018473,-11.675588797564792,-24.44566645261994,4083.96473892046,4062.3002587890624,4415.321199177734,3885.717008830078,4150.519104003906,0.01539233492903036,1.2548780663582129,0.0,3962.081298828125,0
2025-01-03,TCS.NS,4039.440692055234,4039.440692055234,3954.7369152564975,3962.081298828125,1791953,38.25339455911518,-40.881565699271505,-17.516784177906136,-23.36478152136537,4072.3567922449993,4063.9315185546875,4398.703456060219,3867.143809564781,4132.9236328125,-0.018164461280117172,0.041327611304976974,0.0,3957.345947265625,0
2025-01-06,TCS.NS,3967.4929881560497,4010.158784764648,3929.707246276281,3957.345947265625,2085593,37.90404304329255,-44.52301571195494,-22.9180304847159,-21.60498522723904,4061.40337843744,4064.4871875,4381.193626733491,3850.7818371336957,4115.987731933594,-0.0011951676922683507,0.16386590496514142,0.0,3892.887939453125,0
2025-01-07,TCS.NS,3976.6253239855914,4001.171403547374,3876.700994043036,3892.887939453125,2669054,33.42874413165656,-52.01056816035998,-28.736538019844716,-23.274030140515265,4045.3542890103627,4064.108359375,4363.1912859663025,3827.8239972368224,4095.5076416015627,-0.016288191295744103,0.2797578434526775,0.0,3970.295166015625,1
2025-01-08,TCS.NS,3899.265884144677,3987.303632646672,3882.6924794149695,3970.295166015625,2181277,42.24731136691429,-51.10923570144223,-33.21107755616422,-17.89815814527801,4038.205801106102,4065.091162109375,4338.1799931599635,3821.5099238322236,4079.8449584960936,0.01988426786653763,-0.18275276558660858,0.0,3903.083740234375,0
2025-01-09,TCS.NS,3963.144467280376,3998.659112287095,3889.989177677788,3903.083740234375,2392472,37.59100543743222,-55.1822173335413,-37.60530551163964,-17.57691182190166,4025.337033404033,4064.0861279296873,4313.4037347051035,3808.7324957636465,4061.068115234375,-0.016928571547162763,0.09682172415516233,0.0,4122.25927734375,1
2025-01-10,TCS.NS,4058.816208833946,4152.555535561777,4029.824664485132,4122.25927734375,7894300,55.0062123864968,-40.26035420086555,-38.136315249484824,-2.124038951380726,4034.5677233030538,4067.76611328125,4280.323900280863,3823.518629016012,4051.9212646484375,0.05615445419477827,2.2996415423043612,0.0,4146.8544921875,1
2025-01-13,TCS.NS,4102.304052275712,4177.633946764794,4085.295583032913,4146.8544921875,4003771,56.474033405746795,-26.14861689626605,-35.73877557884107,9.590158682575023,4045.2617012920487,4071.756328125,4240.3347781864595,3845.8422237666655,4043.0885009765625,0.005966440533939021,-0.49282760979440865,0.0,4090.75537109375,0
2025-01-14,TCS.NS,4157.387798026273,4168.887683847196,4077.2259826296954,4090.75537109375,3441709,52.28433950422076,-19.269566082235087,-32.44493367951988,13.17536759728479,4049.5944317493536,4076.8704345703127,4204.706743733191,3863.8675238449346,4034.2871337890624,-0.013528114188582796,-0.14038315378177224,0.0,4106.74951171875,1
2025-01-15,TCS.NS,4076.211653417297,4113.36934289311,4066.0164811061386,4106.74951171875,1653474,53.34701929364059,-12.384514299649709,-28.432849803545846,16.048335503896137,4055.03777269882,4082.000009765625,4190.512171341719,3870.4373892051553,4030.4747802734373,0.003909825734879746,-0.5195776284398246,0.0,4064.904541015625,0
2025-01-16,TCS.NS,4116.799597933809,4149.656683926709,4050.940562589214,4064.904541015625,2637705,50.19718378117996,-10.187169234914109,-24.7837136898195,14.596544454905391,4055.9774649194683,4086.6802099609376,4164.34257500564,3882.927810736547,4023.6351928710938,-0.010189316534577775,0.5952503637795332,0.0,4058.99951171875,0
2025-01-17,TCS.NS,4094.0359508349434,4094.7250599119097,4035.133463463163,4058.99951171875,1761466,49.750766534301974,-8.820565960186741,-21.59108414389295,12.770518183706209,4056.2652789003523,4091.1031494140625,4153.623392993096,3886.7170122803423,4020.170202636719,-0.0014526858471809456,-0.33219749744569615,0.0,4013.236083984375,0
2025-01-20,TCS.NS,4080.159197096652,4080.159197096652,4003.68971251208,4013.236083984375,1287799,46.313226069775816,-11.299989926488252,-19.532865300412013,8.232875373923761,4052.1672603369257,4091.3579736328124,4152.730718654308,3885.9218448222546,4019.326281738281,-0.011274558570960935,-0.26890499163764725,0.0,3971.9501953125,0
2025-01-21,TCS.NS,4030.458871168815,4045.910243894413,3966.1927226695407,3971.9501953125,1971591,43.399802872587436,-16.407244951671146,-18.90774123066384,2.5004962789926957,4044.5275398584085,4090.5696337890627,4151.993540681369,3882.002235685818,4016.9978881835937,-0.010287430843312406,0.5309772720742911,0.0,4090.7880859375,1
2025-01-22,TCS.NS,3985.875802050039,4097.2341866812185,3980.1675861797344,4090.7880859375,2409223,52.63585228007497,-10.741732742607837,-17.27453953305264,6.532806790444802,4048.933306151655,4092.2334375,4158.111892507375,3881.0621309301255,4019.58701171875,0.0299192801473811,0.22196895806483186,0.0,4079.814697265625,0
2025-01-23,TCS.NS,4102.007467712743,4124.987859977081,4074.499811787622,4079.814697265625,1822998,51.79536772851885,-7.0558982535753785,-15.230811277157187,8.174913023581809,4051.874391019652,4092.6785302734374,4163.095230506034,3881.1647548455285,4022.129992675781,-0.0026824632421310612,-0.2433253376711081,0.0,4086.60595703125,1
2025-01-24,TCS.NS,4039.021386256112,4111.849744585292,4039.021386256112,4086.60595703125,1910099,52.302981704072884,-3.5459741768354434,-12.89384385709284,9.347869680257396,4055.1821592112333,4093.2845703125,4168.9641993642,3881.4715184092374,4025.2178588867187,0.00166460005406055,0.04777898823805615,0.0,4000.7861328125,0
2025-01-27,TCS.NS,4037.0527805961183,4090.542349798662,3977.067853766373,4000.7861328125,1551782,45.74711032732339,-7.601649562345756,-11.835404998143424,4.2337554357976686,4050.001585268497,4093.0835791015625,4168.429767649831,3880.184416920481,4024.307092285156,-0.021000268956954837,-0.1875908002674207,0.0,3976.329833984375,0
2025-01-28,TCS.NS,4006.346926396039,4037.052887627697,3964.519830412573,3976.329833984375,2468272,44.05252824631133,-12.643474348537893,-11.997018868222318,-0.6464554803155753,4042.9852280033424,4092.4794775390624,4167.835537100669,3882.696372079018,4025.2659545898437,-0.006112873324456536,0.5906048658896674,0.0,4034.887451171875,1
2025-01-29,TCS.NS,3989.8127972855,4042.810283413764,3989.8127972855,4034.887451171875,1217089,48.93048580191364,-11.778273885742237,-11.953269871726302,0.17499598598406507,4042.2140111622502,4095.48955078125,4168.964097217968,3887.635609813282,4028.299853515625,0.014726549263350153,-0.5069064511528714,0.0,4035.133544921875,1
2025-01-30,TCS.NS,4034.986015988193,4064.511024735467,3994.24160002701,4035.133544921875,1531251,48.950629991939074,-10.946553521605892,-11.75192660170222,0.8053730800963272,4041.5396810441193,4098.117021484375,4168.94922415368,3887.6256537760078,4028.2874389648437,6.099147819571549e-05,0.2581257410099016,0.0,4047.288330078125,1
2025-01-31,TCS.NS,4044.926425355861,4063.084498974476,4020.568291772513,4047.288330078125,1492943,49.99967068171383,-9.200561217905488,-11.241653524942874,2.0410923070373865,4042.0871714283103,4100.343969726562,4170.056668804439,3895.0389122502484,4032.5477905273438,0.003012238633724129,-0.02501745304982661,0.0,4008.65966796875,0
2025-02-01,TCS.NS,4047.878818520343,4070.416146418094,3991.781300247632,4008.65966796875,437172,46.71419766828665,-10.809257544609864,-11.155174328876273,0.34591678426640904,4038.903599670257,4098.478813476562,4168.7750853347425,3901.4518677902583,4035.1134765625,-0.009544331650972238,-0.7071743529391277,0.0,4004.230712890625,0
2025-02-03,TCS.NS,3967.0784110116783,4012.4486029262193,3935.388283689166,4004.230712890625,1265713,46.33823343984266,-12.299756695187625,-11.384090802138545,-0.9156658930490806,4035.601419976959,4095.16248046875,4158.521957151415,3922.839273317335,4040.680615234375,-0.0011048468677734569,1.895228880166159,0.0,4042.022705078125,1
2025-02-04,TCS.NS,4019.0425508168632,4053.63616349098,4001.672100150688,4042.022705078125,2547132,50.03361078584803,-10.312612701962735,-11.169795182103382,0.8571824801406471,4036.2129709389746,4091.8752587890626,4157.601326856628,3930.9326575183723,4044.2669921875,0.009438015663242982,1.0124088162166305,0.0,4026.325439453125,0
2025-02-05,TCS.NS,4084.292775750716,4084.292775750716,4011.464422640944,4026.325439453125,1693912,48.538447539899096,-9.890414378758578,-10.91391902143442,1.0235046426758423,4035.2713012736554,4088.663564453125,4144.080686782883,3956.7774675139913,4050.4290771484375,-0.003883517429350114,-0.3349728243373331,0.0,4018.107666015625,0
2025-02-06,TCS.NS,4040.398951605466,4073.959141135676,3987.401704841656,4018.107666015625,2284536,47.73423366563859,-10.102469819938051,-10.751629181135147,0.6491593611970963,4033.636669344319,4086.9815771484373,4133.760570426317,3956.682422737746,4045.2214965820312,-0.002041010733254578,0.34867454743811965,0.0,3965.602294921875,0
2025-02-07,TCS.NS,4025.242909445723,4025.242909445723,3944.541217862704,3965.602294921875,1548940,42.8492495912706,-14.341944913013322,-11.469692327510781,-2.8722525855025403,4027.15720511361,4083.747919921875,4118.089554374516,3954.228219062984,4036.15888671875,-0.013067188701246124,-0.3219892354508749,0.0,3973.03271484375,1
2025-02-10,TCS.NS,3976.034472091817,3987.844475474268,3950.7906859718814,3973.03271484375,1339511,43.72691350648098,-16.907289964668962,-12.557211854942418,-4.350078109726544,4022.002491754576,4080.55078125,4112.582386140094,3947.963121672406,4030.27275390625,0.0018737178792209708,-0.1352079486616654,0.0,3900.794921875,0
2025-02-11,TCS.NS,3954.776334352079,3976.034436359499,3892.380246485599,3900.794921875,1810908,37.670164022925334,-24.487059003050035,-14.943181284563941,-9.543877718486094,4010.4589136708073,4075.40443359375,4112.353948028131,3927.596100799994,4019.9750244140623,-0.018182028227167746,0.35191722949643567,0.0,3887.60693359375,0
2025-02-12,TCS.NS,3908.225423162638,3958.0733824566832,3877.765264214856,3887.60693359375,1678002,36.6715026312397,-31.19860293871261,-18.194265615393675,-13.004337323318936,3998.7587250920396,4068.996044921875,4117.505872872615,3904.7144152133224,4011.110144042969,-0.0033808463519304777,-0.07339191168187453,0.0,3848.240234375,0
2025-02-13,TCS.NS,3905.174387520859,3921.363885502808,3840.465411719575,3848.240234375,2277310,33.79168045515512,-39.24175891784989,-22.40376427588492,-16.837994641964972,3984.4236307380356,4059.68103515625,4125.961571956348,3875.1827883952146,4000.5721801757813,-0.01012620357232441,0.35715571256768475,0.0,3872.549560546875,1
2025-02-14,TCS.NS,3862.8554196257824,3885.4912603012967,3838.251244978485,3872.549560546875,1681975,37.07770010725339,-43.156971811807125,-26.554405783069363,-16.602566028737762,3973.7689573864964,4051.2107470703127,4130.543167505704,3856.532540502108,3993.5378540039064,0.006316998079986869,-0.26142027216321007,0.0,3842.679931640625,0
2025-02-17,TCS.NS,3795.439917114117,3871.7128572350416,3795.144618968299,3842.679931640625,1799806,34.79269462565327,-48.115391378662025,-30.8666029021879,-17.248788476474125,3961.2842882678424,4042.01455078125,4138.935346557223,3835.213335083402,3987.0743408203125,-0.007713168918626279,0.07005514350688924,0.0,3811.875244140625,0
2025-02-18,TCS.NS,3836.676202324196,3862.264542094176,3803.313040041849,3811.875244140625,2149879,32.56384004001045,-53.90922347373453,-35.475127016497225,-18.434096457237303,3947.054855493822,4032.5810791015624,4135.213484692826,3811.0439127681116,3973.128698730469,-0.008016459358572647,0.19450596342050197,0.0,3724.186279296875,0
2025-02-19,TCS.NS,3810.891244071504,3813.597703204128,3708.488624107545,3724.186279296875,4366672,27.21854794864514,-64.8293315873384,-41.34596793066546,-23.483363656672942,3925.8292768083984,4021.492392578125,4142.763518605864,3767.931037058198,3955.347277832031,-0.023004153920970993,1.0311245423579654,0.0,3719.560546875,0
2025-02-20,TCS.NS,3701.9440542383145,3728.024478919244,3691.9055992086073,3719.560546875,2888572,26.967075777137623,-73.01518034148148,-47.679810412828665,-25.335369928652817,3906.18463586236,4009.779677734375,4140.590027648106,3733.399987000332,3936.995007324219,-0.001242078691817805,-0.33849576977615903,0.0,3726.055908203125,1
2025-02-21,TCS.NS,3716.312751938317,3756.565082306215,3715.230072231061,3726.055908203125,1833931,27.973371340681283,-78.07836429827876,-53.759521189918686,-24.31884310836007,3889.029518942433,3997.8306005859376,4144.123532953223,3702.3934592342775,3923.25849609375,0.001746271164635882,-0.3651080880102694,0.0,3617.40380859375,0
2025-02-24,TCS.NS,3683.8840878009846,3703.6166814091953,3611.8923780648593,3617.40380859375,2508516,22.410716625103504,-89.82286834383012,-60.97219062070097,-28.850677723129152,3863.1604036711296,3984.8430224609374,4161.513658875371,3649.1107307730667,3905.3121948242188,-0.029160083017050642,0.3678355401593625,0.0,3572.0830078125,0
2025-02-25,TCS.NS,3567.605000377692,3600.0825079673364,3563.9143745152314,3572.0830078125,4101954,20.572998019849763,-101.61611495644092,-69.10097548784897,-32.515139468591954,3835.4387469226886,3972.6247509765626,4169.134861298333,3595.2090840141673,3882.17197265625,-0.012528543446983398,0.6352114158331061,0.0,3555.352294921875,0
2025-02-27,TCS.NS,3554.5156569204064,3580.3992952627914,3543.6898206785454,3555.352294921875,3823856,19.92348171362464,-111.03246344527179,-77.48727307933353,-33.545190365938254,3808.763846732135,3959.69787109375,4169.195081641835,3547.170738670665,3858.18291015625,-0.004683741350364312,-0.06779646968249764,0.0,3428.099609375,0
2025-02-28,TCS.NS,3528.1893424937143,3543.001103495299,3402.26522632868,3428.099609375,7085018,15.82986723443554,-127.29582861894733,-87.4489841872563,-39.846844431691025,3772.5101098409796,3945.693876953125,4177.561569747494,3476.885378494693,3827.2234741210937,-0.03579186392544853,0.8528464461004808,0.0,3437.744384765625,1
2025-03-03,TCS.NS,3429.8217928275967,3467.466178358631,3421.1118192809517,3437.744384765625,4990439,17.218177494007705,-137.8177328848942,-97.5227339267839,-40.29499895811031,3740.627659833803,3933.846474609375,4177.138160157035,3420.2172597648405,3798.6777099609376,0.0028134466583902284,-0.2956349581610096,0.0,3476.126708984375,1
2025-03-04,TCS.NS,3418.995773012434,3494.7766234793185,3409.4494022424083,3476.126708984375,2797737,22.683602810734868,-141.4289797893698,-106.30398309930108,-35.12499669006873,3715.4370930862383,3922.9986474609377,4163.169933927935,3381.375085603315,3772.272509765625,0.011164973285634927,-0.43938058355186793,0.0,3490.889404296875,1
2025-03-05,TCS.NS,3465.104278437371,3543.3455504299354,3465.104278437371,3490.889404296875,2501894,24.741684202067077,-141.46892711365263,-113.33697190217138,-28.13195521148124,3694.051598915823,3912.0363232421873,4133.3616653638755,3356.0700240892497,3744.7158447265624,0.004246880665869979,-0.10574367783676597,0.0,3544.575927734375,1
2025-03-06,TCS.NS,3500.681983864865,3552.301494441748,3480.1129898813674,3544.575927734375,2786513,31.846656845554364,-135.60535773893207,-117.79064906952352,-17.814708669408546,3679.815820708066,3902.348740234375,4095.96175758982,3345.2949806914303,3720.628369140625,0.015379038754828045,0.11376141435248655,0.0,3554.023681640625,1
2025-03-07,TCS.NS,3543.001059732041,3567.6052337579586,3517.806289419448,3554.023681640625,2051315,33.04461433028881,-128.71236594867923,-119.97499244535467,-8.737373503324562,3667.8356169873573,3892.9322412109377,4053.196640757895,3341.6516990858554,3697.424169921875,0.002665411631424419,-0.2638415826518663,0.0,3532.814697265625,0
2025-03-10,TCS.NS,3549.3980060199115,3564.751106121065,3525.876512682056,3532.814697265625,1004626,31.697646445360732,-123.53695100960658,-120.68738415820506,-2.8495668514015193,3654.9764817757637,3883.208505859375,4015.9852519873775,3335.5843280907475,3675.7847900390625,-0.005967597932608482,-0.5102526915661417,0.0,3518.69189453125,0
2025-03-11,TCS.NS,3501.665759450232,3531.928891013777,3481.637867329838,3518.69189453125,1995450,30.79741027873915,-119.20091558020249,-120.39009044260456,1.1891748624020693,3641.996997276286,3874.4392919921875,3970.7727510355116,3335.3627470113634,3653.0677490234375,-0.00399760642563729,0.9862615540509603,0.0,3450.686279296875,0
2025-03-12,TCS.NS,3508.555346816935,3512.73805655718,3431.6427920563783,3450.686279296875,3174167,26.843894097024886,-119.8702711960309,-120.28612659328984,0.4158553972589374,3623.7769288972945,3863.968828125,3938.5045059920767,3322.620127796986,3630.5623168945312,-0.019326959356705586,0.5907023478413391,0.0,3455.459228515625,1
2025-03-13,TCS.NS,3446.847768174978,3468.4994398886056,3428.9359787214557,3455.459228515625,1693004,27.54689045405729,-118.64790404914629,-119.95848208446114,1.3105780353148475,3607.746671718088,3852.3703759765626,3902.005621374163,3315.904241907087,3608.954931640625,0.001383188395707391,-0.4666304576917345,0.0,3442.320556640625,0
2025-03-17,TCS.NS,3433.758352569724,3474.552022976726,3422.292904166321,3442.320556640625,2690906,26.783888826196247,-117.38619530530104,-119.44402472862913,2.057829423328087,3591.9918036154722,3841.9751611328124,3868.539119740017,3308.7787757677957,3588.6589477539064,-0.0038022939951295465,0.5894268412833048,0.0,3442.320556640625,0
2025-03-18,TCS.NS,3442.320556640625,3442.320556640625,3442.320556640625,3442.320556640625,0,26.783888826196247,-115.05994263926505,-118.56720831075631,3.507265671491268,3577.737399141677,3831.6746533203127,3821.4035685761505,3312.891426541037,3567.147497558594,0.0,-1.0,0.0,3441.730224609375,0
2025-03-20,TCS.NS,3456.394331571365,3522.2842608792944,3456.394331571365,3506.734375,2845192,37.43784991012171,-103.0933321193802,-114.41739935964448,11.324067240264284,3559.2557672909334,3813.380283203125,3722.5637063280105,3341.12223117199,3531.84296875,0.01888705568083937,-0.06753048920374771,0.0,3521.44775390625,1
2025-03-21,TCS.NS,3419.980048305468,3558.993625808531,3410.1383791017106,3521.44775390625,4161925,39.58731510228568,-93.78756375316152,-110.2914322383479,16.503868485186374,3555.6550041114397,3805.7475634765624,3690.7793784073024,3352.6327065536348,3521.7060424804686,0.004195749473111965,0.46279231770650275,0.0,3571.492431640625,1
2025-03-24,TCS.NS,3543.000847877303,3591.963151261163,3510.129769454268,3571.492431640625,1834751,46.340318972314364,-81.43574742186411,-104.52029527505114,23.084547853187033,3557.163330542791,3794.7322265625,3659.3302450601195,3369.2750283773803,3514.30263671875,0.014211392936005263,-0.5591580818971991,0.0,3599.83642578125,1
2025-03-25,TCS.NS,3587.2882979899277,3651.2591455535335,3580.3991297907696,3599.83642578125,3135390,49.76531727728492,-68.56929637704434,-97.33009549544978,28.760799118405444,3561.2274348512155,3783.791865234375,3623.616096958218,3392.3672282370944,3507.991662597656,0.007936176453719801,0.7088912882456531,0.0,3578.234130859375,0
2025-03-26,TCS.NS,3589.9948774821405,3622.226344067718,3568.441718073897,3578.234130859375,1734499,47.28797228205706,-59.430587074989944,-89.75019381135783,30.319606736367888,3562.847120185326,3773.5414404296876,3615.332147214155,3396.73421020772,3506.0331787109376,-0.006000910143351024,-0.4467996006876338,0.0,3593.390380859375,1
2025-03-27,TCS.NS,3557.616055783924,3605.003599121784,3553.334833368605,3593.390380859375,2528474,49.19875210517135,-50.38431241298167,-81.87701753168261,31.49270511870094,3565.7560021542827,3763.2742578125,3619.328065062402,3394.8690296641607,3507.0985473632813,0.004235678674374466,0.45775465999115594,0.0,3549.053466796875,0
2025-03-28,TCS.NS,3593.1934495717564,3602.9858624379135,3535.029088090658,3549.053466796875,2051919,44.156193682905034,-46.25944293163002,-74.75350261167209,28.49405968004207,3564.165284501196,3752.957236328125,3618.5039090038185,3395.063302910244,3506.7836059570313,-0.012338462945374884,-0.18847534125326182,0.0,3494.579833984375,0
2025-04-01,TCS.NS,3516.1329927216443,3527.2541266111284,3469.1882802188134,3494.579833984375,2618493,38.883123449866204,-46.84600942636416,-69.1720039746105,22.325994548246342,3557.538098737689,3741.6688427734375,3616.073564815371,3404.1416695596295,3510.1076171875,-0.01534877772964749,0.2761190865721308,0.0,3487.838134765625,0
2025-04-02,TCS.NS,3487.8873911642027,3507.6692413832784,3474.1583113674365,3487.838134765625,1764313,38.2739472919098,-47.30951178098394,-64.7995055358852,17.489993754901263,3550.900006930826,3731.1608837890626,3613.882175364524,3411.342434010476,3512.6123046875,-0.0019291873527076397,-0.3262105340743703,0.0,3349.267333984375,0
2025-04-03,TCS.NS,3435.726488241664,3446.552323638587,3342.378166004515,3349.267333984375,4537821,28.41860779901633,-58.18759589002002,-63.47712360671217,5.289527716692149,3531.6968952216403,3718.7072265625,3629.414493571594,3383.1241783034056,3506.2693359375,-0.03972971090602562,1.5720045139382863,0.0,3247.16015625,0
2025-04-04,TCS.NS,3309.359696214885,3345.822887443276,3243.322001470733,3247.16015625,5317367,23.59697717992782,-74.19250678172148,-65.62020024171403,-8.572306540007446,3504.5981581767223,3701.83466796875,3661.2680861749195,3326.8976608953926,3494.082873535156,-0.03048642211934327,0.171788618369918,0.0,3222.2119140625,0
2025-04-07,TCS.NS,3050.917604991727,3239.287066815677,3007.663514743727,3222.2119140625,6623955,22.58854263957066,-87.87664139522849,-70.07148847241692,-17.805152922811573,3477.7042301658444,3684.6826123046876,3680.904476164614,3275.024869538511,3477.9646728515627,-0.007683095685773522,0.24572086147147632,0.0,3240.812255859375,1
2025-04-08,TCS.NS,3249.768270512254,3295.9748571370105,3203.758469207042,3240.812255859375,5557558,25.15663307481573,-96.11259832634278,-75.27971044320209,-20.832887883140685,3455.1430897557048,3667.76673828125,3686.5691434432915,3238.0390596817083,3462.3041015625,0.0057725383348310455,-0.16099097895441616,0.0,3195.196533203125,0
2025-04-09,TCS.NS,3208.9256141746023,3218.225943847207,3161.193516842312,3195.196533203125,2990265,23.130069100968598,-105.10883193638847,-81.24553474183938,-23.86329719454909,3430.386274845935,3651.6549462890625,3695.2829351274995,3195.5634515912507,3445.423193359375,-0.014075398096195513,-0.4619462360986606,0.0,3180.335693359375,0
2025-04-11,TCS.NS,3237.4666363546835,3246.717710140208,3155.239434600079,3180.335693359375,7108961,22.494308049038636,-112.14482176727688,-87.4253921469269,-24.719429620349985,3406.571933751977,3635.7350634765626,3701.0226440104225,3155.9881225911404,3428.5053833007814,-0.00465099398090929,1.37736822656186,0.0,3196.770751953125,1
2025-04-15,TCS.NS,3261.9225501392634,3261.9225501392634,3187.3228942463625,3196.770751953125,3512160,24.951130265582663,-115.06828694049727,-92.95397110564097,-22.1143158348563,3386.590868818753,3618.9727294921877,3706.0900159834523,3125.5291978837354,3415.809606933594,0.005167711895340821,-0.5059531202942315,0.0,3221.9658203125,1
2025-04-16,TCS.NS,3196.7710501937127,3226.197786267431,3177.8750927421893,3221.9658203125,2384391,28.683291448586147,-114.03756859522991,-97.17069060355877,-16.866877991671146,3370.9122927705384,3602.709375,3705.6613671815326,3102.608505865342,3404.1349365234373,0.007881412310839497,-0.32110410687440205,0.0,3246.668212890625,1
2025-04-17,TCS.NS,3194.113794556276,3251.293989715387,3167.0492037843464,3246.668212890625,2932346,32.24116358952347,-109.95989106954039,-99.7285306967551,-10.23136037278529,3359.079523258166,3586.69697265625,3702.902016277688,3085.802622394187,3394.3523193359374,0.00766686984150855,0.2298092049500271,0.0,3269.0087890625,1
2025-04-21,TCS.NS,3238.007532490968,3300.895699711744,3232.102531239247,3269.0087890625,2432946,35.38094684695824,-103.72987107906965,-100.52879877321801,-3.201072305851639,3350.501358096674,3571.903955078125,3698.071998780745,3073.301463133317,3385.686730957031,0.00688107767931867,-0.17030732389697534,0.0,3261.9228515625,0
2025-04-22,TCS.NS,3269.9932127938664,3281.114107138053,3242.83010879226,3261.9228515625,2710498,34.82966879064816,-98.23195446455156,-100.06942991148473,1.837475446933169,3342.065309855324,3557.0577978515626,3692.4440045313213,3060.948720078054,3376.6963623046877,-0.00216761041564284,0.11408062488850956,0.0,3358.961669921875,1
2025-04-23,TCS.NS,3311.7216581562,3366.736492414926,3284.460282754783,3358.961669921875,3543923,47.007011575364594,-85.06402910582483,-97.06834975035275,12.004320644527922,3343.674487004519,3543.3965771484377,3679.4030878055823,3059.21236629598,3369.307727050781,0.02974896181646125,0.30748039659132753,0.0,3347.742431640625,0
2025-04-24,TCS.NS,3347.2503481599792,3358.469755408652,3334.062366713585,3347.742431640625,2252175,45.93825294746823,-74.67286979471919,-92.58925375922605,17.916383964506863,3344.061910303196,3529.8249169921874,3662.816260031269,3058.428661843731,3360.6224609375,-0.003340091189998895,-0.3644966326864325,0.0,3393.40771484375,1
2025-04-25,TCS.NS,3365.851039665205,3422.735938624516,3351.0885351052693,3393.40771484375,2742991,50.837798305305,-62.037860622581775,-86.47897513189722,24.44111450931544,3348.7615107356296,3517.33091796875,3638.6427730419396,3064.7936771533728,3351.718225097656,0.013640620249493196,0.2179297789914194,0.0,3388.978759765625,0
2025-04-28,TCS.NS,3380.613341017837,3403.052394655164,3351.088333672703,3388.978759765625,1593296,50.36108139598923,-51.78495970337735,-79.54017204619325,27.755212342815895,3352.5917249289623,3505.798447265625,3605.4597110783584,3076.8909725153912,3341.175341796875,-0.0013051644394959094,-0.41913918055144916,0.0,3417.519775390625,1
2025-04-29,TCS.NS,3400.2968535564028,3439.6635320346245,3376.0862501822417,3417.519775390625,1578332,53.394050685526175,-40.885141956668576,-71.80916602828832,30.92402407161974,3358.775348782454,3494.6881884765626,3577.095065487178,3089.184182559697,3333.1396240234376,0.008421715699089782,-0.009391851859290479,0.0,3399.017333984375,0
2025-04-30,TCS.NS,3417.027637154589,3454.32746830495,3312.7059408589703,3399.017333984375,2809332,51.209604160993344,-33.35544939599458,-64.11842270182957,30.76297330583499,3362.6079188016843,3484.65263671875,3538.9629208530628,3107.8790225063126,3323.4209716796877,-0.005413996881447503,0.7799373008974031,0.0,3376.676513671875,0
2025-05-02,TCS.NS,3417.0273551351647,3436.2186090018517,3365.8506781573337,3376.676513671875,1721761,48.62291467184089,-28.85817223639515,-57.0663726087427,28.208200372347548,3363.9477849797977,3474.4340283203123,3505.97330305884,3123.630944988035,3314.8021240234375,-0.006572729150019274,-0.3871279720588382,0.0,3399.608154296875,1
2025-05-05,TCS.NS,3395.3761880943653,3449.013290196146,3391.8330907445547,3399.608154296875,1284443,51.33989572377455,-23.176491765354513,-50.288396440065064,27.11190467471055,3367.344010629043,3465.46138671875,3487.3404009418027,3132.7666791363226,3310.0535400390627,0.0067911866985634894,-0.25399460203826196,0.0,3405.2177734375,1
2025-05-06,TCS.NS,3405.2177734375,3418.011944262554,3382.5819327470194,3405.2177734375,1324763,52.00849279375719,-18.01342215699242,-43.83340158345054,25.81997942645812,3370.95103565842,3456.1147509765624,3469.788759028776,3142.0562849165367,3305.9225219726563,0.0016500781519583896,0.031391038761548806,0.0,3390.5537109375,0
2025-05-07,TCS.NS,3366.441620268645,3404.725619138935,3366.441620268645,3390.5537109375,1477128,50.07167329476864,-14.932783749790815,-38.05327801671859,23.12049426692778,3372.81795711357,3447.0722265625,3474.995316896132,3140.978364744493,3307.9868408203124,-0.004306350863779507,0.11501302497125909,0.0,3394.29345703125,1
2025-05-08,TCS.NS,3393.407802844742,3421.9486457340977,3374.4133317633487,3394.29345703125,2543591,50.57716615051371,-12.050676662599017,-32.85275774589468,20.80208108329566,3374.863242820016,3438.7205908203123,3483.9410689745423,3146.7459427442077,3315.343505859375,0.0011029897806031919,0.721984147616185,0.0,3385.82958984375,0
2025-05-09,TCS.NS,3345.1834469493565,3391.636078710749,3344.297792808673,3385.82958984375,2531757,49.35916630732671,-10.330466194285236,-28.34829943557279,18.017833241287555,3375.9076568222763,3431.95345703125,3489.1033429579047,3157.9454363389705,3323.5243896484376,-0.0024935578772563582,-0.004652477540610933,0.0,3563.077880859375,1
2025-05-12,TCS.NS,3449.505112495261,3573.018063028258,3446.7493970179844,3563.077880859375,2228678,67.18269138342532,5.274467970960359,-21.623745954266163,26.89821392522652,3393.733392444857,3428.8238037109377,3530.652733298171,3148.6226084987043,3339.6376708984376,0.052350033075292624,-0.11971093592315529,0.0,3459.3466796875,0
2025-05-13,TCS.NS,3563.077775622703,3565.636705692123,3454.9179286039744,3459.3466796875,3062887,54.98565794305262,9.165594440322366,-15.465877875348458,24.631472315670823,3399.982276944156,3423.489619140625,3538.5395560858683,3167.150800359444,3352.845178222656,-0.029112807701766052,0.37430665174601274,0.0,3492.51318359375,1
2025-05-14,TCS.NS,3465.251807319678,3504.618485051228,3453.0482333329505,3492.51318359375,2119499,57.63408707906552,14.755507576186119,-9.421600785041544,24.177108361227663,3408.7947442441173,3420.991806640625,3545.8163373024986,3191.0917681662518,3368.454052734375,0.009587505091928517,-0.3080061393058249,0.0,3523.218994140625,1
2025-05-15,TCS.NS,3507.57083651873,3543.000844968414,3458.461004249911,3523.218994140625,3548330,59.98157311477174,21.41638158578826,-3.254004310875584,24.67038589666384,3419.6922918533082,3420.0145263671875,3555.9112120554655,3213.6417176320347,3384.77646484375,0.008791895386713877,0.6741361991678223,0.0,3504.913818359375,0
2025-05-16,TCS.NS,3536.997516867453,3536.997516867453,3489.954528726303,3504.913818359375,1666727,57.921126030525,24.930711797817366,2.3829389108630057,22.547772886954363,3427.8086277110287,3419.0057568359375,3560.391017921722,3237.456711570466,3398.923864746094,-0.005195582736041371,-0.5302784690262743,0.0,3463.086669921875,0
2025-05-19,TCS.NS,3493.7926303362838,3493.7926303362838,3448.225653046167,3463.086669921875,2537377,53.406643895706694,24.063355116526964,6.719022151995798,17.344332964531166,3431.168441254919,3419.705498046875,3557.3601271746193,3262.1294480206934,3409.7447875976563,-0.011933859320135576,0.5223710901665359,0.0,3442.911376953125,0
2025-05-20,TCS.NS,3475.8809706180728,3501.666097309959,3438.6794109052826,3442.911376953125,2038374,51.3284991948087,21.500150811837102,9.675247883964058,11.824902927873044,3432.2868160833195,3419.808837890625,3551.656085871302,3285.2237481130733,3418.4399169921876,-0.005825812314770973,-0.19666096129979893,0.0,3469.9755859375,1
2025-05-21,TCS.NS,3452.4573676588943,3480.998206787204,3442.910997108931,3469.9755859375,1440153,53.918880458488914,21.40589458541399,12.021377224254046,9.384517361159944,3435.8762227360985,3419.6858154296874,3542.62020937585,3315.0648980460246,3428.8425537109374,0.007860849734774744,-0.2934795086672024,0.0,3421.9482421875,0
2025-05-22,TCS.NS,3439.6632460297133,3442.4189613490807,3396.6552014233635,3421.9482421875,2034383,48.94104951361517,17.256864199066513,13.06847461921654,4.188389579849973,3434.5497483981367,3418.3069921875,3541.255419555054,3322.7283450933837,3431.9918823242188,-0.01384083044982698,0.4126158817847825,0.0,3458.953369140625,1
2025-05-23,TCS.NS,3421.9485945277656,3479.0302794523013,3410.729187049207,3458.953369140625,1274331,52.5741111835547,16.76151588466655,13.807082872306543,2.954433012360008,3436.8739027545644,3416.594541015625,3540.220010295544,3334.8848481028936,3437.5524291992188,0.010814052210640579,-0.3736032005772758,0.0,3481.293701171875,1
2025-05-26,TCS.NS,3465.2517322885897,3488.871738416089,3454.524408949068,3481.293701171875,967470,54.67106474380637,17.964542798843922,14.63857485761402,3.3259679412299015,3441.104359746689,3415.13994140625,3544.202786311209,3339.6906707200415,3441.946728515625,0.006458697081770826,-0.24080164415681637,0.0,3443.3046875,0
2025-05-27,TCS.NS,3476.077493349057,3483.950828554831,3427.951828013815,3443.3046875,2467680,50.57591174406729,15.67189848941689,14.845239583974596,0.8266589054422937,3441.313914770814,3413.3497412109373,3543.9909462511378,3345.3351035535497,3444.6630249023438,-0.010912326546618889,1.5506527334180906,0.0,3442.320556640625,0
2025-05-28,TCS.NS,3464.267526811529,3473.125029010764,3437.695020213828,3442.320556640625,1222933,50.47044167725778,13.618563893654027,14.599904445910482,-0.9813405522564551,3441.4097854250813,3411.822314453125,3544.4608206594153,3347.345307270272,3445.9030639648436,-0.00028580998450344897,-0.5044199409972119,0.0,3442.71435546875,1
2025-05-29,TCS.NS,3449.2097128936152,3476.5696009789917,3431.297923230928,3442.71435546875,3188072,50.5149115722298,11.88604280470281,14.05713211766895,-2.1710893129661386,3441.5340301911447,3411.6628759765626,3544.300784994254,3351.8750450838706,3448.0879150390624,0.00011439923204292768,1.6069065108227516,0.0,3408.5634765625,0
2025-05-30,TCS.NS,3434.7424116842376,3451.1779505275317,3398.4267499171647,3408.5634765625,3404365,46.606832136539126,7.668914371496612,12.779488568434484,-5.110574196937872,3438.393977464607,3410.7249609375,3542.0904184477436,3357.2741079194443,3449.682263183594,-0.009919753827964617,0.06784445269742956,0.0,3395.178955078125,0
2025-06-02,TCS.NS,3395.375740399357,3405.217409212108,3364.4729964373632,3395.178955078125,1877585,45.133080140901825,3.2097902171367423,10.865548898174936,-7.6557586810381935,3434.2782610468466,3409.78212890625,3542.3677987827004,3356.5538076626117,3449.460803222656,-0.003926733820979966,-0.44847717562599776,0.0,3351.28515625,0
2025-06-03,TCS.NS,3391.439214740725,3418.503805107925,3346.6596197695403,3351.28515625,2848125,40.59913176993846,-3.8219040008252705,7.928058318374895,-11.749962319200165,3426.3741558280994,3407.9614208984376,3547.455904629705,3346.072440096858,3446.7641723632814,-0.012928272532578444,0.5169086885547125,0.0,3356.94482421875,1
2025-06-04,TCS.NS,3364.9875293233777,3370.746482399833,3346.122152204125,3356.94482421875,2544807,41.416335980426986,-8.836028191171408,4.575241016465634,-13.411269207637043,3419.761838531971,3406.265712890625,3550.4834872283504,3339.6839688263367,3445.0837280273436,0.0016888052507841866,-0.10649743252139565,0.0,3347.21435546875,0
2025-06-05,TCS.NS,3384.8457201630413,3384.8457201630413,3339.866642310576,3347.21435546875,3584683,40.38757826021144,-13.439997321030205,0.9721933489664663,-14.412190669996672,3412.8525544307117,3403.0753125,3554.473664563133,3330.985881335305,3442.729772949219,-0.002898608484655285,0.40862666599078046,0.0,3360.221435546875,1
2025-06-06,TCS.NS,3347.2144001409188,3366.873914676264,3334.902114040244,3360.221435546875,2070390,42.445603386023826,-15.856331449917889,-2.3935116108104046,-13.462819839107484,3407.8400669179655,3399.8507861328126,3556.31510650674,3326.58362396201,3441.449365234375,0.003885941770318313,-0.4224342849841952,0.0,3397.654296875,1
2025-06-09,TCS.NS,3375.9095645850757,3409.668660230926,3366.873944962607,3397.654296875,1718678,48.008536573869854,-14.582674590820261,-4.831344206812377,-9.751330384007884,3406.8699935805403,3396.3740234375,3534.8904829149333,3331.465889155379,3433.178186035156,0.011139998373956184,-0.16987717289979187,0.0,3438.36376953125,1
2025-06-10,TCS.NS,3415.626122829056,3461.1016586442274,3398.94510956099,3438.36376953125,2419874,53.295553523582385,-10.171131659225011,-5.899301697294904,-4.2718299619301074,3409.8694008139414,3393.1445703125,3533.170658460778,3331.0874225939097,3432.129040527344,0.011981640596482324,0.40798567270890773,0.0,3447.300048828125,1
2025-06-11,TCS.NS,3445.4136080819626,3464.278985186734,3424.6617902310286,3447.300048828125,2847013,54.39194623902091,-5.886018687321666,-5.896645095300257,0.010626407978590713,3413.43422443434,3390.525888671875,3527.365815708331,3332.370951869794,3429.8683837890626,0.0025989918158348946,0.17651290934982566,0.0,3409.8671875,0
2025-06-12,TCS.NS,3447.300018522976,3450.080227817185,3398.9451271669373,3409.8671875,4060134,49.18349856932832,-5.447756508303883,-5.806867377900982,0.3591108695970995,3413.0945066310696,3386.8554248046876,3512.0324801661136,3336.3691067479485,3424.200793457031,-0.010858602615937074,0.4261030771548988,0.0,3421.28564453125,1
2025-06-13,TCS.NS,3369.157630228437,3426.0516828925206,3369.157630228437,3421.28564453125,2178493,50.73326610135933,-4.131431943807911,-5.471780291082369,1.3403483472744577,3413.8746150025154,3384.300068359375,3499.663905082209,3340.374864449041,3420.019384765625,0.003348651546637438,-0.4634430784796758,0.0,3471.527099609375,1
2025-06-16,TCS.NS,3415.625963412075,3484.1370655851665,3401.9236944953027,3471.527099609375,1934088,56.95390543272449,0.9548236835398711,-4.186459496157921,5.141283179697792,3419.3653278222164,3383.839013671875,3501.0775515910614,3339.8052609089386,3420.44140625,0.014684963577488386,-0.11218994047720143,0.0,3490.392578125,1
2025-06-17,TCS.NS,3485.13008250971,3495.059228043925,3463.3853507540894,3490.392578125,2111940,59.0450220185918,6.433839071642524,-2.0623997825978324,8.496238854240357,3426.129827851053,3383.8901025390624,3508.5901517552616,3337.040780861926,3422.815466308594,0.005434345743044355,0.09195651904153279,0.0,3426.9453125,0
2025-06-18,TCS.NS,3494.1658240448837,3512.9318127961837,3418.704315347169,3426.9453125,2696327,50.21074653646058,5.5918745073740865,-0.5315449246034485,6.123419431977535,3426.2074930557146,3385.443662109375,3503.714397357889,3337.613507915549,3420.663952636719,-0.01817768752507576,0.2767062511245584,0.0,3399.739501953125,0
2025-06-19,TCS.NS,3425.5552808815078,3426.548195455676,3388.817441637271,3399.739501953125,2672768,46.96583305555034,2.698226505904131,0.11440936149806741,2.583817144406064,3423.6867319983253,3388.4952490234373,3503.097999190991,3336.009032059009,3419.553515625,-0.007938793317664006,-0.008737441712373895,0.0,3411.3564453125,1
2025-06-20,TCS.NS,3400.7323081895083,3421.881436427704,3386.732116175425,3411.3564453125,2351248,48.49642254017903,1.327082083210371,0.35694390584052815,0.9701381773698428,3422.512418980628,3392.2781396484374,3498.782460404054,3335.5648784631335,3417.1736694335937,0.00341700984816673,-0.12029476557636132,0.0,3369.554931640625,0
2025-06-23,TCS.NS,3390.8032061585363,3400.732351710977,3346.122051172553,3369.554931640625,3123421,43.61826137666905,-3.096893493387597,-0.33382357400509693,-2.7630699193825,3417.4688487577705,3394.8529931640624,3490.1129837727117,3333.060478141351,3411.5867309570312,-0.012253634101858202,0.32840984872714407,0.0,3366.37744140625,0
2025-06-24,TCS.NS,3410.264459071302,3417.711318302596,3358.0370560315137,3366.37744140625,3403048,43.26203157353455,-6.781153995249497,-1.6232896582539769,-5.1578643369955195,3412.603000438578,3398.276611328125,3487.205861718463,3328.274875586225,3407.740368652344,-0.0009429999803647338,0.08952587563444059,0.0,3420.39208984375,1
2025-06-25,TCS.NS,3383.157794223958,3425.555197020872,3375.909469527816,3420.39208984375,1757699,50.64165945415395,-5.281543926249924,-2.354940511853166,-2.926603414396758,3413.3448184771655,3403.0777392578125,3484.7644377664064,3328.5234528585934,3406.6439453125,0.01604533341185177,-0.483492739450046,0.0,3417.413330078125,0
2025-06-26,TCS.NS,3420.392073713661,3426.945164265374,3391.10109463089,3417.413330078125,2879106,50.25347743930811,-4.2840690794050715,-2.740766225363547,-1.5433028540415243,3413.732295772495,3407.4905908203127,3481.9255527176665,3328.8322353682706,3405.3788940429686,-0.0008708825442761414,0.6379971769910548,0.0,3416.718505859375,0
2025-06-27,TCS.NS,3430.5199217495656,3441.8390511551324,3406.689971497181,3416.718505859375,1778433,50.15689852759142,-3.5091779652311743,-2.8944485733370726,-0.6147293918941017,3414.01669673315,3411.38564453125,3482.4835486740876,3329.089742341537,3405.7866455078124,-0.00020331875358314822,-0.38229679629718394,0.0,3437.469970703125,1
2025-06-30,TCS.NS,3415.526463469455,3440.349325765116,3405.696706964679,3437.469970703125,1468351,53.05846150853633,-1.2066914014603753,-2.5568971389617334,1.350205737501358,3416.2503418731476,3415.2016796875,3485.636591413208,3330.1658011649174,3407.9011962890627,0.006073507316497695,-0.17435686359846003,0.0,3405.39892578125,0
2025-07-01,TCS.NS,3430.519711951501,3460.3071479452915,3389.313758826758,3405.39892578125,2375183,48.37175436491933,-1.9473714218866007,-2.434991995546707,0.48762057366010625,3415.2168736739195,3417.929482421875,3483.9123124512753,3337.301457079975,3410.606884765625,-0.009329840026301328,0.617585304876014,0.0,3399.044189453125,0
2025-07-02,TCS.NS,3462.491327790443,3465.1721484055424,3395.7675231854428,3399.044189453125,3090585,47.47687519404956,-3.0124145475765545,-2.5504765059526764,-0.4619380416238781,3413.6766180338436,3420.6719091796876,3482.0427840667817,3343.380921987906,3412.7118530273438,-0.001866076916867243,0.3011986865854126,0.0,3376.703857421875,0
2025-07-03,TCS.NS,3405.6969138623963,3410.959409470928,3373.5265793371623,3376.703857421875,2531870,44.369231368453505,-5.594655283330212,-3.1593122614281834,-2.4353430219020287,3410.1554027374655,3421.0267529296875,3478.9892015470787,3349.383454702921,3414.186328125,-0.006572533567103855,-0.18077969057637955,0.0,3395.5693359375,1
2025-07-04,TCS.NS,3383.852895387978,3402.718272445599,3366.0798213348503,3395.5693359375,1109320,47.494699968787806,-6.04908315444527,-3.7372664400316014,-2.311816714413669,3408.7662535184213,3421.983291015625,3476.5655554594005,3355.3418908296617,3415.953723144531,0.005586950858648576,-0.5618574413378254,0.0,3387.526611328125,0
2025-07-07,TCS.NS,3394.079944495724,3401.824726672673,3384.249944744325,3387.526611328125,1639174,46.300422899356796,-6.977765835360515,-4.385366319097384,-2.5923995162631304,3406.7434304526787,3421.8656689453123,3476.8266094176447,3354.0680683167307,3415.4473388671877,-0.002368593839110811,0.477638553347997,0.0,3382.0654296875,0
2025-07-08,TCS.NS,3380.873980731512,3400.732271367233,3369.356075198484,3382.0654296875,2325242,45.46443526650269,-8.061497344898726,-5.120592524257653,-2.940904820641073,3404.393144665519,3421.72740234375,3474.7094517317405,3350.5553920182597,3412.632421875,-0.001612144277291394,0.4185449500785152,0.0,3359.824462890625,0
2025-07-09,TCS.NS,3385.838776858228,3389.8104352475048,3343.1434491735054,3359.824462890625,2034938,42.12832205306492,-10.592914000328165,-6.215056819471755,-4.3778571808564095,3400.148508306005,3420.57349609375,3472.2461811242397,3344.2711040320105,3408.258642578125,-0.006576149178441515,-0.1248489404543699,0.0,3358.037109375,0
2025-07-10,TCS.NS,3356.0512802151093,3374.91665723407,3332.2213302964224,3358.037109375,3035012,41.862472864573206,-12.59808158630949,-7.4916617728393025,-5.106419813470188,3396.1378988840047,3419.7538916015624,3473.279744858203,3338.054532485547,3405.667138671875,-0.0005319782433178544,0.49145182801638176,0.0,3242.859130859375,0
2025-07-11,TCS.NS,3276.518839325593,3311.3702392578125,3237.993946212789,3242.859130859375,7635550,29.11300847091441,-23.213500840546203,-10.636029586380683,-12.57747125416552,3381.539920976897,3417.0775439453123,3494.242511619649,3299.249114356913,3396.745812988281,-0.03429919764557399,1.51582201322433,0.0,3199.86572265625,0
2025-07-14,TCS.NS,3242.8589718366698,3248.8164592313483,3177.3266104952063,3199.86572265625,3924009,25.937506479179845,-34.69555702641583,-15.447935074387713,-19.247621952028112,3364.2376163749304,3413.0826953125,3507.265576641837,3259.059911639413,3383.162744140625,-0.013257871053970693,-0.4860869223566082,0.0,3229.256103515625,1
2025-07-15,TCS.NS,3183.2841104563845,3236.3056515140206,3183.2841104563845,3229.256103515625,2590889,31.442634773879945,-40.951547222843146,-20.5486575040788,-20.402889718764346,3351.382234197854,3409.5634619140624,3501.0921555554614,3239.119685264851,3370.105920410156,0.009184879431433757,-0.33973418511527365,0.0,3221.08642578125,0
2025-07-16,TCS.NS,3215.008995091513,3232.842384321887,3208.632873739526,3221.08642578125,2540733,30.75822719495585,-46.037991928508745,-25.646524388964792,-20.391467539543953,3338.9731095867487,3406.1741162109374,3503.091842772671,3216.534109375766,3359.8129760742186,-0.002529894648331199,-0.019358606254455513,0.0,3197.275146484375,0
2025-07-17,TCS.NS,3212.1199267281463,3229.9533162828457,3192.194243099011,3197.275146484375,2947640,28.791167065609315,-51.397923970264856,-30.796804305224807,-20.60111966504005,3325.478065481761,3402.23375,3508.068415972334,3191.3111006292283,3349.6897583007812,-0.007392313073717016,0.160153388805514,0.0,3178.046875,0
2025-07-18,TCS.NS,3213.016547743236,3216.802476353157,3175.157748110912,3178.046875,3432645,27.27428469430221,-56.54544880549156,-35.94653320527816,-20.598915600213402,3311.4369997215936,3398.078095703125,3510.277481410002,3165.77107816031,3338.024279785156,-0.00601395582282549,0.16454010666160057,0.0,3146.464599609375,0
2025-07-21,TCS.NS,3178.14648468648,3185.718341629892,3140.287686436296,3146.464599609375,3844346,24.949208149274227,-62.45340107159609,-41.24790677854175,-21.205494293054343,3295.7253425680487,3389.745830078125,3517.4311924395565,3136.3083339276313,3326.869763183594,-0.009937636741316203,0.11993695823483064,0.0,3147.859619140625,1
2025-07-22,TCS.NS,3147.859619140625,3168.283445003984,3142.8781981983425,3147.859619140625,3198036,25.252320168466497,-66.25913532235836,-46.25015248730507,-20.00898283505329,3281.6428927178176,3383.5160888671876,3520.719146310017,3111.1685978306077,3315.9438720703124,0.00044336094911834323,-0.16811962294757032,0.0,3167.287109375,1
2025-07-23,TCS.NS,3147.859568015624,3170.1762361812234,3145.866999671073,3167.287109375,1922875,29.52132553642963,-66.93597478420406,-50.38731694668488,-16.548657837519187,3270.7518657327873,3377.0115673828127,3511.927478987867,3094.649767105883,3303.288623046875,0.006171650767475612,-0.39873253459310654,0.0,3136.302734375,0
2025-07-24,TCS.NS,3153.339291883696,3161.9071902624382,3128.332460590057,3136.302734375,2934778,26.88416670042176,-69.17514701460459,-54.14488296026882,-15.030264054335767,3257.947186555855,3369.2732421875,3503.036526794284,3075.4296597291536,3289.2330932617188,-0.009782622771484117,0.5262448157056492,0.0,3124.14794921875,0
2025-07-25,TCS.NS,3128.332294086445,3145.169399267611,3113.9858993305074,3124.14794921875,2568917,25.906483547444594,-71.11077595955248,-57.538061560125556,-13.572714399426928,3245.204402047559,3361.6579248046874,3491.5286253121326,3057.680505547243,3274.6045654296877,-0.003875514000300173,-0.12466394391671198,0.0,3067.85791015625,0
2025-07-28,TCS.NS,3098.443785696339,3106.41405910006,3058.4926929668136,3067.85791015625,3374473,21.92914780234237,-76.30728863696686,-61.291906975493816,-15.015381661473043,3228.3142599626726,3353.753349609375,3477.3336476542336,3034.914277150454,3256.1239624023438,-0.0180177251453717,0.3135780564338979,0.0,3044.64453125,0
2025-07-29,TCS.NS,3048.629668071008,3062.5776469445354,3029.899476365581,3044.64453125,4785312,20.529394743950277,-81.36081126122917,-65.3056878326409,-16.055123428588274,3210.82190484718,3345.7880126953123,3466.3851575642525,3009.78732778731,3238.0862426757812,-0.007566640824335891,0.4180916546079936,0.0,3042.25341796875,0
2025-07-30,TCS.NS,3048.629539319704,3057.5960967882907,3035.877053384358,3042.25341796875,2880121,20.385054306266042,-84.5836792056798,-69.16128610724869,-15.422393098431115,3194.7677632397103,3337.2335693359373,3451.1925958456695,2989.3008123574555,3220.2467041015625,-0.0007853505579084041,-0.39813307888806415,0.0,3025.515869140625,0
2025-07-31,TCS.NS,3030.3975643658264,3048.430405452322,3003.796825207198,3025.515869140625,2968371,19.35899813008767,-87.47999070165906,-72.82502702613075,-14.654963675528307,3178.648535230274,3329.304921875,3436.7619217100387,2968.612687664961,3202.6873046875,-0.005501694477279995,0.030641073760442783,0.0,2991.84130859375,0
2025-08-01,TCS.NS,3018.64125499041,3025.515761579588,2988.8524561376125,2991.84130859375,2053847,17.455366148268695,-91.43854737943775,-76.54773109679216,-14.890816282645588,3160.8573707887,3319.9626806640626,3416.191883787141,2948.809922853484,3182.5009033203123,-0.011130188041763578,-0.3080895211548691,0.0,3062.97607421875,1
2025-08-04,TCS.NS,2997.9189099713494,3067.957495262713,2980.483936317478,3062.97607421875,2519252,32.54500598779559,-87.82337774801681,-78.80286042703709,-9.020517320979721,3151.5353425439425,3311.596328125,3385.381278206654,2947.1654747230336,3166.2733764648438,0.023776249569344765,0.2266015920367972,0.0,3052.51513671875,0
2025-08-05,TCS.NS,3062.976121071088,3066.064699458969,3030.696609505827,3052.51513671875,1927996,31.62930626851987,-84.82463441572963,-80.00721522477559,-4.817419190954041,3142.1048467510673,3303.780537109375,3350.2882158475686,2949.3035077852437,3149.795861816406,-0.0034152854108298047,-0.23469506027979736,0.0,3021.032470703125,0
2025-08-06,TCS.NS,3051.618345400808,3055.40427380999,3014.75583192388,3021.032470703125,1487081,28.986027300682892,-84.01996687839483,-80.80976555549945,-3.2102013228953723,3130.5741442703106,3295.354775390625,3316.003698469768,2949.7088259442944,3132.8562622070312,-0.010313680557032967,-0.22869082715939248,0.0,3035.677978515625,1
2025-08-07,TCS.NS,3004.793168100796,3040.2609831608825,2999.7120213520734,3035.677978515625,2543076,31.83968916916494,-81.2637342315843,-80.90055929071642,-0.3631749408678786,3121.536414198436,3287.2140478515626,3272.4664993064275,2961.0101120216973,3116.7383056640624,0.004847848526795762,0.7101126300450344,0.0,3025.1171875,0
2025-08-08,TCS.NS,3036.7739069952254,3048.4303832570085,3013.759645138969,3025.1171875,2762140,30.876173303622252,-79.02066652115172,-80.52458073680349,1.5039142156517613,3112.353630703347,3279.5451220703126,3255.0984801806117,2956.603936811576,3105.851208496094,-0.0034788904127402986,0.08614135008155488,0.0,3029.5009765625,1
2025-08-11,TCS.NS,3025.117180240026,3038.567016640599,3010.073435095005,3029.5009765625,1884215,31.79878728483949,-76.01305290233859,-79.62227516991051,3.6092222675719228,3104.462901737552,3272.2315625,3243.56098645136,2951.1049559314524,3097.332971191406,0.0014491303281123358,-0.31784232515368516,0.0,3024.120849609375,0
2025-08-12,TCS.NS,3029.700138212843,3084.8941835228848,3015.652434227984,3024.120849609375,3358232,31.247553487401717,-73.219598765314,-78.34173988899121,5.12214112367721,3096.8112777253446,3265.6882763671874,3223.2859295286817,2950.866487463506,3087.076208496094,-0.001775911938879715,0.7822976677290012,0.0,3024.91796875,1
2025-08-13,TCS.NS,3024.8184862723915,3033.087450352522,3017.3463549468943,3024.91796875,2148166,31.437193189945134,-70.1329958630904,-76.69999108381106,6.566995220720656,3089.964295918169,3259.0477392578123,3201.1598723762468,2953.3756989128156,3077.267785644531,0.00026358706555251743,-0.36032829179163317,0.0,3011.06982421875,0
2025-08-14,TCS.NS,3022.726300858826,3044.544827820162,3007.881763385299,3011.06982421875,3342174,29.89448015992626,-68.02017610614212,-74.96402808827727,6.943851982135158,3082.4505367087004,3252.3248486328125,3181.9689471276783,2953.9460919348217,3067.95751953125,-0.004578023164367839,0.5558266912333591,0.0,3000.010986328125,0
2025-08-18,TCS.NS,3035.179867843642,3037.67057838676,2992.2399207869066,3000.010986328125,2945609,28.68393043873236,-66.47186078805726,-73.26559462823327,6.793733840176017,3074.5991509581695,3245.1206396484376,3164.7962134802224,2953.31523671509,3059.0557250976562,-0.003672727148894439,-0.11865480372954851,0.0,3004.992431640625,1
2025-08-19,TCS.NS,3000.0110105142285,3013.7597814697733,2999.911528031773,3004.992431640625,2650784,30.057849553219583,-64.10389889524913,-71.43325548163645,7.32935658638732,3067.969939594594,3237.26740234375,3152.169006118389,2951.7952272800485,3051.9821166992188,0.0016604756899898376,-0.10008965887869026,0.0,3087.086181640625,1
2025-08-20,TCS.NS,2999.7118666132724,3091.868151000454,2999.7118666132724,3087.086181640625,4952358,47.878699704798876,-54.96934015991246,-68.14047241729165,13.171132257379185,3069.7905340751686,3230.2418505859373,3140.6409839658727,2957.2459056825646,3048.9434448242187,0.027319120386329665,0.868261616186004,0.0,3091.071533203125,1
2025-08-21,TCS.NS,3118.369623669664,3118.369623669664,3071.643990819241,3091.071533203125,3230726,48.56387065913506,-46.86828358838193,-63.8860346515097,17.017751063127776,3071.8172958968785,3223.1172802734377,3121.971856031878,2968.2934759993723,3045.132666015625,0.0012909751552132587,-0.3476388419415559,0.0,3042.65185546875,0
2025-08-22,TCS.NS,3074.532948911776,3084.1968567150047,3038.666718788372,3042.65185546875,1593791,41.43681698575236,-43.849728844900255,-59.87877349018782,16.029044645287563,3069.0396349037233,3215.7729736328124,3104.91244333179,2975.9878008088344,3040.4501220703123,-0.015664366616647052,-0.5066771369654994,0.0,3128.93017578125,1
2025-08-25,TCS.NS,3075.8281806328096,3140.2877180773667,3065.666130699425,3128.93017578125,3448370,54.30529266577154,-34.10245124208859,-54.723509040567976,20.621057798479384,3074.743495939678,3209.9258642578125,3106.414729916708,2974.963736880167,3040.6892333984374,0.02835629063424605,1.1636274768774575,0.0,3145.468505859375,1
2025-08-26,TCS.NS,3117.373339366996,3150.2507187850565,3108.4067813438887,3145.468505859375,5522097,56.28808365486318,-24.75776637619356,-48.73036050769309,23.972594131499534,3081.479211170125,3203.4046923828123,3123.9909104622234,2965.148615904964,3044.5697631835938,0.00528561813431816,0.6013644127515319,0.0,3082.204345703125,0
2025-08-28,TCS.NS,3133.313773226287,3134.808199509225,3075.0311481917124,3082.204345703125,3116051,47.752088128474846,-22.20100592248673,-43.424489590651824,21.223483668165095,3081.5482716018396,3195.240927734375,3127.5457346497146,2965.3497731627854,3046.44775390625,-0.020112794020477942,-0.4357123752081863,0.0,3073.23779296875,0
2025-08-29,TCS.NS,3081.507000394383,3103.425252579535,3065.7656615419933,3073.23779296875,2271789,46.67178758616065,-20.66012366637051,-38.871616405795564,18.211492739425054,3080.7567974463072,3188.16677734375,3129.8951100803,2966.0988352321997,3047.99697265625,-0.0029091363610836973,-0.2709397246707451,0.0,3101.0341796875,1
2025-09-01,TCS.NS,3078.518060334719,3119.4654366830314,3078.518060334719,3101.0341796875,1246862,50.41664797619316,-17.000061150067268,-34.4973053546499,17.497244204582636,3082.6879767073733,3182.1926708984374,3136.1042810579506,2967.441495309237,3051.7728881835938,0.009044658627570312,-0.4511541344728758,0.0,3099.938232421875,0
2025-09-02,TCS.NS,3109.502657862849,3143.2765943406766,3091.569542586104,3099.938232421875,2185229,50.2667673297319,-14.026183904637037,-30.40308106464733,16.376897160010294,3084.3308582039926,3175.964306640625,3139.278621126665,2975.076847623335,3057.177734375,-0.0003534134750283746,0.7525828840721749,0.0,3085.990234375,0
2025-09-03,TCS.NS,3118.2697443758125,3130.225154484772,3076.525534705408,3085.990234375,1799774,48.298813279206435,-12.649041361049058,-26.85227312392768,14.203231762878623,3084.488894029803,3170.2930126953124,3141.3619715863456,2975.29491317928,3058.3284423828127,-0.004499443860201624,-0.17639112422542447,0.0,3084.197021484375,0
2025-09-04,TCS.NS,3104.421639864457,3106.414208311097,3079.3153260834893,3084.197021484375,1481391,48.038421431764064,-11.5689832300136,-23.79561514514487,12.226631915131268,3084.461096644524,3164.649404296875,3143.6478775839687,2976.177195658219,3059.9125366210938,-0.0005810818422723463,-0.17690165543007064,0.0,3036.97314453125,0
2025-09-05,TCS.NS,3085.5918616420554,3091.868257451282,3017.3463946381216,3036.97314453125,2802055,41.6674925254626,-14.358090454323246,-21.908110206980545,7.550019752657299,3079.938434538498,3156.981025390625,3143.244275207357,2978.174865417643,3060.7095703125,-0.015311562985167781,0.8915026485242585,0.0,3007.781982421875,0
2025-09-08,TCS.NS,3038.666792443431,3053.5113296442846,3004.793129839144,3007.781982421875,2626187,38.28728737996149,-18.70830317207401,-21.26814879999924,2.5598456279252275,3073.066391479772,3148.7883984375,3144.397938293853,2974.2316027217726,3059.3147705078127,-0.009611926322740216,-0.06276393575429462,0.0,3038.06884765625,1
2025-09-09,TCS.NS,3020.833326119296,3048.6295571410296,3019.538108052908,3038.06884765625,2489301,43.41620136369757,-19.48734322372775,-20.911987684744943,1.4246444610171949,3069.733292068008,3141.2154052734377,3144.1873551264716,2975.7373519047787,3059.962353515625,0.010069501516857926,-0.05212347787876492,0.0,3098.44384765625,1
2025-09-10,TCS.NS,3045.0429174900823,3111.0966082909868,3042.0540649039185,3098.44384765625,2079428,51.983246824692415,-15.059384936861534,-19.741467135168264,4.6820821983067304,3072.4676306954593,3134.4348828125,3148.007993999534,2978.8110001410914,3063.4094970703127,0.019872821528247098,-0.1646538526277055,0.0,3112.591064453125,1
2025-09-11,TCS.NS,3127.336119333051,3127.336119333051,3098.543603103421,3112.591064453125,2263446,53.75028754389705,-10.29001701963034,-17.85117711206068,7.561160092430338,3076.2889101009514,3128.5787255859377,3153.0015562545304,2982.6644593704696,3067.8330078125,0.004565910338370838,0.08849452830297566,0.0,3121.7568359375,1
2025-09-12,TCS.NS,3132.3175458217547,3137.0000329464906,3109.4030090679694,3121.7568359375,1447167,54.90809164274333,-5.704894948748006,-15.421920679398145,9.717025730650139,3080.6191887520513,3123.032978515625,3158.541823212986,2986.808079130764,3072.674951171875,0.002944740023529402,-0.3606355088656853,0.0,3100.336669921875,0
2025-09-15,TCS.NS,3122.354647788361,3122.354647788361,3084.4958486128803,3100.336669921875,1732539,51.65372709767374,-3.756280986212005,-13.088792740760919,9.332511754548914,3082.497044101558,3117.505634765625,3158.9150005328565,2995.3615863812056,3077.138293457031,-0.006861574152425054,0.1971935512625702,0.0,3134.01123046875,1
2025-09-16,TCS.NS,3116.377048374956,3138.295301272733,3097.5473738607,3134.01123046875,2573429,56.06260380449498,0.49950721593813796,-10.371132749421108,10.870639965359246,3087.4031570889097,3112.27447265625,3161.072048663766,3006.6045626643586,3083.8383056640623,0.010861581864179737,0.4853512677059506,0.0,3161.010498046875,1
2025-09-17,TCS.NS,3140.287738435889,3170.5746802441777,3130.723313005144,3161.010498046875,2418271,59.2697363273339,5.981909549029751,-7.100524289730936,13.082433838760688,3094.4133800372874,3107.744150390625,3166.9346920668463,3016.3437259019033,3091.639208984375,0.008614923684905573,-0.06029231814827607,0.0,3164.89599609375,1
2025-09-18,TCS.NS,3173.1652036699406,3191.0983194206656,3149.652799058944,3164.89599609375,2633138,59.72534689976336,10.519023363036922,-3.5766147591773643,14.095638122214286,3101.1260101379025,3103.40076171875,3177.2489230286556,3013.810476385407,3095.5296997070313,0.0012291949201927999,0.08885149761958022,0.0,3157.423828125,0
2025-09-19,TCS.NS,3158.220904129198,3168.681888196503,3132.3175150101574,3157.423828125,4901694,58.37304537557468,13.357796873791358,-0.18973243258361983,13.547529306374978,3106.4877070890548,3099.3527490234374,3184.848516576608,3012.846112329642,3098.847314453125,-0.002360952138071082,0.8615408687277308,0.0,3062.37841796875,0
2025-09-22,TCS.NS,3083.499594330073,3095.355278998739,3053.6110683753386,3062.37841796875,3634901,44.554176785455724,7.8477115278860765,1.4177563595103195,6.429955168375757,3102.2868224109307,3093.4395751953125,3183.659208809843,3016.0080763464066,3099.833642578125,-0.030102202089445695,-0.2584398373297069,0.0,3051.0205078125,0
2025-09-23,TCS.NS,3058.592364705798,3069.252556548476,3040.6592498638747,3051.0205078125,3177741,43.23693058584994,2.535216369451973,1.6412483614986502,0.893968007953323,3097.404316258699,3089.602802734375,3181.2215055415622,3010.6548128178124,3095.9381591796873,-0.003708852599537238,-0.12576958767240154,0.0,3024.120849609375,0
2025-09-24,TCS.NS,3038.666695675492,3045.640684813108,3021.7298649127106,3024.120849609375,1625714,40.20517943346541,-3.80172797167279,0.5526530948643622,-4.354381066537152,3090.4249384825725,3086.0879052734376,3177.431559667975,3002.3099930664,3089.8707763671873,-0.0088166100929985,-0.4884057574232765,0.0,2946.41064453125,0
2025-09-25,TCS.NS,3010.7706978406754,3018.3425546653493,2940.03452327195,2946.41064453125,4974361,33.00512126303478,-14.922350547485621,-2.5423476336056345,-12.380002913879986,3076.7092914395894,3080.43099609375,3190.7235482339147,2975.438634383273,3083.081091308594,-0.02569679220596055,2.059800801370967,0.0,2888.32763671875,0
2025-09-26,TCS.NS,2930.07184762513,2943.820618304199,2880.5565712711505,2888.32763671875,3934636,28.84688927953124,-28.09843608853498,-7.653565324591504,-20.444870763943477,3058.768181466176,3073.7758203125,3210.9901838001665,2936.6809831920214,3073.835583496094,-0.019713140773607418,-0.2090167963282118,0.0,2885.338623046875,0
2025-09-29,TCS.NS,2905.164580331207,2918.4152081680195,2883.2463290392707,2885.338623046875,3110035,28.646871743839114,-38.33980977015017,-13.790814213703237,-24.548995556446933,3042.2510806643377,3067.53708984375,3222.1243947534745,2903.9772165746504,3063.0508056640624,-0.0010348596308383806,-0.20957491366418646,0.0,2877.667236328125,0
2025-09-30,TCS.NS,2900.183356935398,2904.467427717032,2874.379692997371,2877.667236328125,2253458,28.108189554603726,-46.53871960345123,-20.340395291652836,-26.19832431179839,3026.576428822794,3061.5294970703126,3229.170548144222,2874.703963574528,3051.937255859375,-0.002658747454275967,-0.2754235884805155,0.0,2903.371337890625,1
2025-10-01,TCS.NS,2880.257593329001,2913.932047598146,2855.948356386049,2903.371337890625,1952902,32.67630028504517,-50.381541489473875,-26.348624531217045,-24.03291695825683,3014.842610638778,3056.6676318359373,3230.584341187293,2855.0282808830198,3042.8063110351563,0.008932270291021727,-0.13337546118010635,0.0,2891.116943359375,0
2025-10-03,TCS.NS,2913.134920868619,2913.134920868619,2880.35726888136,2891.116943359375,2899519,31.64396168740467,-53.795709294526205,-31.83804148387888,-21.957667810647326,3003.0592137550257,3051.5327783203124,3231.008527938379,2835.2960863194335,3033.152307128906,-0.004220746540865572,0.4847232477615364,0.0,2977.295654296875,1
2025-10-06,TCS.NS,2891.2167953135195,2982.476526807699,2884.840673623438,2977.295654296875,2112774,44.841539757371265,-48.98291557076891,-35.26701630125689,-13.715899269512022,3000.605541425678,3047.73294921875,3229.498669806703,2830.838195427672,3030.1684326171876,0.029808102759538713,-0.271336383724335,0.0,2962.650146484375,0
2025-10-07,TCS.NS,2983.87104765697,2993.335747140356,2944.517823489207,2962.650146484375,3062943,43.31113589300299,-45.822300990808344,-37.37807323916718,-8.444227751641165,2996.990741907459,3044.2598974609373,3229.2168029893332,2826.606878651292,3027.9118408203126,-0.004919063980550087,0.4497258107114155,0.0,3015.951416015625,1
2025-10-08,TCS.NS,2963.9454305531126,3031.692754680041,2956.9714413047523,3015.951416015625,4121889,49.99946981994059,-38.57189141722574,-37.61683687477889,-0.9550545424468524,2998.7965203939507,3042.095966796875,3228.1185952227825,2825.49334325378,3026.8059692382812,0.017991077884947027,0.3457282750609463,0.0,3050.3232421875,1
2025-10-09,TCS.NS,3022.726218895035,3054.607312831964,3008.7782402976286,3050.3232421875,3211304,53.78601665877522,-29.709893322591597,-36.03544816434143,6.325554841749835,3003.7038272314317,3041.7452734375,3223.3668526832234,2825.4330252464642,3024.399938964844,0.011396677675028277,-0.22091448847846218,0.0,3017.04736328125,0
2025-10-10,TCS.NS,3038.666680855733,3058.5923640088854,2995.726736367315,3017.04736328125,8817365,49.85009600429175,-25.08264420595424,-33.84488737266399,8.762243166709752,3004.9746401885573,3041.193330078125,3214.4350325673745,2824.810475245126,3019.62275390625,-0.010908968087718685,1.7457272808802902,0.0,2996.02587890625,0
2025-10-13,TCS.NS,3015.752355248321,3024.220771178156,2987.059320862895,2996.02587890625,2866865,47.48602095188091,-22.848392008235805,-31.645588299778353,8.797196291542548,3004.12237720929,3040.268779296875,3202.594837406231,2824.077574703144,3013.3362060546874,-0.006967568567481042,-0.6748614807258178,0.0,2949.300048828125,0
2025-10-14,TCS.NS,3009.774448720779,3015.9513618688843,2944.517836211276,2949.300048828125,3611416,42.64495248191094,-24.56494562584794,-30.22945976499227,5.66451413914433,2998.9012030777503,3038.744462890625,3192.5918124209797,2818.9769375790206,3005.784375,-0.015595936739766447,0.25970912477566954,0.0,2969.800048828125,1
2025-10-15,TCS.NS,2971.0,2979.699951171875,2951.0,2969.800048828125,4282226,45.28066347176779,-23.994553780662955,-28.98247856812641,4.987924787463456,2996.1296645777857,3038.3036376953123,3175.331838542443,2819.815793293494,2997.5738159179687,0.006950801770116755,0.18574708646137683,0.0,2970.699951171875,1
2025-10-16,TCS.NS,2969.89990234375,2975.0,2943.10009765625,2970.699951171875,3251495,45.39928150160238,-23.202436292989205,-27.82647011309897,4.624033820109766,2993.707787110556,3036.458115234375,3149.4208141898707,2826.695762958567,2988.0582885742188,0.00030301782239683384,-0.24069981360161752,0.0,2962.199951171875,0
2025-10-17,TCS.NS,2970.0,2988.800048828125,2955.39990234375,2962.199951171875,4374683,44.41980337597472,-22.99547887338167,-26.860271865155514,3.864792991773843,2990.7070408306818,3034.6518115234376,3117.5888849395283,2838.2580877167215,2977.923486328125,-0.002861278533581646,0.3454374064853245,0.3536818329351566,3015.199951171875,1
2025-10-20,TCS.NS,2985.5,3023.0,2978.5,3015.199951171875,3133039,51.45295795473328,-18.343355779690683,-25.156888648062548,6.8135328683718654,2993.039698958414,3034.5351611328124,3085.433318835745,2856.1912661251927,2970.812292480469,0.017892107512537336,-0.28382490799904814,-0.45104876265996197,3006.699951171875,0
2025-10-21,TCS.NS,3031.10009765625,3031.800048828125,2996.0,3006.699951171875,310644,50.3524865911929,-15.167551580591862,-23.159021234568414,7.9914696539765515,2994.3406753596964,3033.9556005859376,3076.138001033308,2859.918737247942,2968.028369140625,-0.00281905019157902,-0.9008489840056252,-0.27510662948381537,3073.199951171875,1
2025-10-23,TCS.NS,3055.0,3098.0,3036.10009765625,3073.199951171875,5564758,57.9329811170509,-7.201693002031334,-19.967555588061,12.765862586029666,3001.851082579904,3034.917255859375,3081.018736312495,2857.2559463046928,2969.137341308594,0.02211727178632561,16.913618160981702,0.49821384951582515,3063.199951171875,0
2025-10-24,TCS.NS,3080.0,3090.0,3058.300048828125,3063.199951171875,2684318,56.53506544435706,-1.6762859333357483,-16.309301657115952,14.633015723780204,3007.6938319696155,3035.5912353515623,3087.99763695076,2854.1849558226772,2971.0912963867186,-0.003253937315789268,-0.5176217905612428,0.024509814660658692,3084.89990234375,1
2025-10-27,TCS.NS,3066.5,3094.199951171875,3060.199951171875,3084.89990234375,1946312,58.855201619098715,4.402889908365523,-12.166863344019658,16.569753252385183,3015.0467910528664,3036.80681640625,3104.285124372586,2851.746394182102,2978.015759277344,0.007084079236673091,-0.27493240368689553,0.09472994372173776,3057.89990234375,0
2025-10-28,TCS.NS,3076.0,3090.199951171875,3040.199951171875,3057.89990234375,3470737,54.92652518749062,6.96175542641231,-8.341139589933265,15.302895016345575,3019.1280397472365,3037.466455078125,3110.2841476853678,2862.7045974318194,2986.4943725585936,-0.008752309914330403,0.7832377337240894,0.044943084709544515,3057.60009765625,0
2025-10-29,TCS.NS,3057.89990234375,3076.0,3046.10009765625,3057.60009765625,2895420,54.88271689257327,8.863312305350519,-4.900249210876508,13.763561516227027,3022.7920452623807,3038.397060546875,3113.3947066600276,2876.820185918097,2995.1074462890624,-9.804267538982003e-05,-0.1657621997863854,8.55609011409797e-05,3035.300048828125,0
2025-10-30,TCS.NS,3049.10009765625,3063.800048828125,3032.800048828125,3035.300048828125,2241536,51.58688103411988,8.473208388823423,-2.225557690936522,10.698766079759945,3023.9832836972137,3039.102841796875,3109.3283713151754,2896.64980251295,3002.9890869140627,-0.007293317672647515,-0.2258339031988451,0.16058278911704776,3058.0,1
2025-10-31,TCS.NS,3035.0,3067.39990234375,3025.10009765625,3058.0,1868085,54.577136375546836,9.881832953530648,0.19592043795691194,9.685912515573735,3027.222970964146,3040.1629931640623,3109.1554940028354,2912.285546036227,3010.7205200195312,0.0074786514699392015,-0.16660495303220646,0.07034463771662065,3016.800048828125,0
2025-11-03,TCS.NS,3046.89990234375,3058.0,3010.0,3016.800048828125,2194877,48.69800887918957,7.586236915547488,1.6739837334750272,5.912253182072461,3026.2303117130964,3038.7572705078123,3098.7229149779846,2935.286435607953,3017.004675292969,-0.013472842109834904,0.1749342240850924,-0.15488516848462788,2990.199951171875,0
2025-11-04,TCS.NS,3019.60009765625,3029.300048828125,2976.0,2990.199951171875,2670720,45.3047493396487,3.5792950566228683,2.0550459981045957,1.5242490585182726,3022.7988488044084,3036.7398388671877,3098.300636356374,2936.999143917063,3017.6498901367186,-0.008817322071637768,0.2167971143713292,0.10020399317400148,2990.199951171875,0
2025-11-05,TCS.NS,2990.199951171875,2990.199951171875,2990.199951171875,2990.199951171875,0,45.3047493396487,0.3991634571048053,1.7238694899046376,-1.3247060327998323,3019.6941918870243,3035.69080078125,3096.7619184984546,2941.292842243733,3019.027380371094,0.0,-1.0,-0.8028273626320394,3010.89990234375,1
2025-11-07,TCS.NS,3001.0,3004.0,2960.5,2991.800048828125,1830520,45.84550593249392,-2.626120956291288,0.5067461455561132,-3.1328671018474012,3016.2798222473,3030.256826171875,3093.088137352344,2938.609152686719,3015.8486450195314,-0.006343569741643407,-0.2800940409899474,-2.896928874562832e-08,3025.199951171875,1
2023-01-18,^NSEI,18074.30078125,18183.75,18032.44921875,18165.349609375,255800,51.96502912520299,-80.6002038173392,-97.64554568309194,17.045341865752732,18073.89307480804,18288.316953125,18285.478499372828,17780.89630531467,18033.18740234375,0.006206556323560042,0.1675034230944774,0.0,18107.849609375,0
2023-01-19,^NSEI,18119.80078125,18155.19921875,18063.75,18107.849609375,237800,49.87383438640236,-68.11502184706478,-91.7394409158865,23.624419068821723,18077.127030481082,18289.9099609375,18283.18765993958,17781.23714474792,18032.21240234375,-0.003165367099256078,-0.07036747458952308,0.0,18027.650390625,0
2023-01-20,^NSEI,18115.599609375,18145.44921875,18016.19921875,18027.650390625,237200,47.03098190114738,-63.954603031641454,-86.1824733390375,22.227870307396046,18072.41496954241,18283.468984375,18272.040627628572,17814.469137996428,18043.2548828125,-0.004428975305189153,-0.002523128679562614,0.0,18118.55078125,1
2023-01-23,^NSEI,18118.44921875,18162.599609375,18063.44921875,18118.55078125,202500,50.4766383835807,-52.714875043413485,-79.48895367991271,26.774078636499226,18076.808856371703,18279.2569921875,18279.113508981278,17817.791373831224,18048.45244140625,0.005042276095628795,-0.14629005059021927,0.0,18118.30078125,0
2023-01-24,^NSEI,18183.94921875,18201.25,18078.650390625,18118.30078125,216900,50.46691503722858,-43.32802405499024,-72.25676775492822,28.928743699937982,18080.760468264874,18273.555,18277.47448517159,17818.03039764091,18047.75244140625,-1.3798013043020418e-05,0.07111111111111112,0.0,17891.94921875,0
2023-01-25,^NSEI,18093.349609375,18100.599609375,17846.150390625,17891.94921875,257200,42.4868251616452,-53.536421866851015,-68.51269857731278,14.976276710461761,18062.778444501553,18263.2009765625,18272.82196508808,17799.627839599423,18036.22490234375,-0.01249297962501228,0.18579990779160904,0.0,17604.349609375,0
2023-01-27,^NSEI,17877.19921875,17884.75,17493.55078125,17604.349609375,476300,34.9292887876244,-83.86677164831417,-71.58351319151306,-12.283258456801107,18019.11855544188,18248.4099609375,18298.52360688754,17715.261158737463,18006.8923828125,-0.016074246906178757,0.8518662519440123,0.0,17648.94921875,1
2023-01-30,^NSEI,17541.94921875,17709.150390625,17405.55078125,17648.94921875,432400,36.806553241225565,-103.11631592412232,-77.89007373803491,-25.226242186087404,17983.864332899797,18235.2359375,18310.6540791872,17657.495530187804,17984.0748046875,0.0025334426073457816,-0.09216880117572956,0.0,17662.150390625,1
2023-01-31,^NSEI,17731.44921875,17735.69921875,17537.55078125,17662.150390625,398300,37.38239409876159,-115.96966805988268,-85.50599260240448,-30.463675457478203,17953.224909826007,18225.2799609375,18297.030206707164,17617.589519855337,17957.30986328125,0.0007479862801675896,-0.07886216466234963,0.0,17616.30078125,0
2023-02-01,^NSEI,17811.599609375,17972.19921875,17353.400390625,17616.30078125,512900,36.15028272014894,-128.37588523251907,-94.0799711284274,-34.295914104091665,17921.136897580673,18212.7219921875,18272.50053860356,17580.494187958942,17926.49736328125,-0.0025959245256645946,0.2877228219934722,0.0,17610.400390625,0
2023-02-02,^NSEI,17517.099609375,17653.900390625,17445.94921875,17610.400390625,490100,35.98590419339753,-137.10356933235744,-102.68469076921342,-34.41887856314402,17891.542944537276,18199.585,18272.45455803661,17537.28528571339,17904.869921875,-0.0003349392530399564,-0.044453109767986,0.0,17854.05078125,1
2023-02-03,^NSEI,17721.75,17870.30078125,17584.19921875,17854.05078125,424100,46.75302027876143,-122.94256623442561,-106.73626586225586,-16.20630037216975,17887.97226231944,18186.9840234375,18263.91670146035,17532.01318135215,17897.96494140625,0.013835596307890219,-0.13466639461334418,0.0,17764.599609375,0
2023-02-06,^NSEI,17818.55078125,17823.69921875,17698.349609375,17764.599609375,282500,43.837770037717846,-117.58241437012475,-108.90549556382965,-8.676918806295106,17876.22248584854,18172.021015625,18263.4808793184,17522.964042556603,17893.2224609375,-0.005010133160870178,-0.3338835180381985,0.0,17721.5,0
2023-02-07,^NSEI,17790.099609375,17811.150390625,17652.55078125,17721.5,354400,42.463862071993766,-115.48104013177363,-110.22060447741845,-5.260435654355177,17861.48701100582,18155.196015625,18238.787134171773,17509.687865828226,17874.2375,-0.0024261514654264627,0.25451327433628324,0.0,17871.69921875,1
2023-02-08,^NSEI,17750.30078125,17898.69921875,17744.150390625,17871.69921875,291000,48.519139031304455,-100.536936994813,-108.28387098089736,7.746933986084358,17862.459602219547,18140.268984375,18236.204347406438,17508.02553540606,17872.11494140625,0.008475536424681795,-0.17889390519187354,0.0,17893.44921875,1
2023-02-09,^NSEI,17885.5,17916.900390625,17779.80078125,17893.44921875,260900,49.350415455031104,-85.94783126648326,-103.81666303801455,17.86883177153129,17865.410994270067,18122.9709765625,18236.064018048113,17507.940864764387,17872.00244140625,0.0012170079483646568,-0.10343642611683845,0.0,17856.5,0
2023-02-10,^NSEI,17847.55078125,17876.94921875,17801.0,17856.5,232000,47.934369450200826,-76.48567378683583,-98.35046518777881,21.864791400942977,17864.562328149106,18103.8509765625,18235.992695308058,17507.842265629442,17871.91748046875,-0.0020649578680046465,-0.1107704101188195,0.0,17770.900390625,0
2023-02-13,^NSEI,17859.099609375,17880.69921875,17719.75,17770.900390625,231300,44.73210570504282,-75.02912979950997,-93.68619811012505,18.657068310615074,17855.642143623,18085.3469921875,18227.067147357317,17498.197891705182,17862.63251953125,-0.00479375070002519,-0.0030172413793103647,0.0,17929.849609375,1
2023-02-14,^NSEI,17840.349609375,17954.55078125,17800.05078125,17929.849609375,244500,51.24535070318857,-60.35322028180963,-87.01960254446197,26.66638226265235,17862.709521313667,18069.92296875,18229.754093708194,17499.010945354305,17864.38251953125,0.0089443537049958,0.05706874189364464,0.0,18015.849609375,1
2023-02-15,^NSEI,17896.599609375,18034.099609375,17853.80078125,18015.849609375,229300,54.378079482711996,-41.30681572769754,-77.87704518110908,36.57022945341154,17877.294291605223,18057.3849609375,18224.356330620503,17500.663591254495,17862.5099609375,0.004796470794436125,-0.06216768916155424,0.0,18035.849609375,1
2023-02-16,^NSEI,18094.75,18134.75,18000.650390625,18035.849609375,230200,55.10062184396255,-24.318244459060224,-67.16528503669932,42.84704057763909,17892.39479805949,18046.891953125,18200.17453867262,17511.89538320238,17856.0349609375,0.0011101336008929596,0.003924989097252585,0.0,17944.19921875,0
2023-02-17,^NSEI,17974.849609375,18034.25,17884.599609375,17944.19921875,208100,51.10621347299767,-18.04212155532514,-57.340652340424484,39.298530785099345,17897.328552410967,18033.5889453125,18175.017076258144,17520.687806554353,17847.85244140625,-0.005081567689351307,-0.09600347523892272,0.0,17844.599609375,0
2023-02-20,^NSEI,17965.55078125,18004.349609375,17818.400390625,17844.599609375,174600,47.10941990581063,-20.864591007608396,-50.04544007386127,29.180849066252875,17892.306748312305,18020.5489453125,18155.30419493499,17522.09560975251,17838.69990234375,-0.005550518480140765,-0.16098029793368573,0.0,17826.69921875,0
2023-02-21,^NSEI,17905.80078125,17924.900390625,17800.30078125,17826.69921875,198200,46.40697729045329,-24.266105745064124,-44.889573208101844,20.62346746303772,17886.058412163515,18007.139921875,18113.506711119076,17534.70793731842,17824.10732421875,-0.001003126492992057,0.1351660939289805,0.0,17554.30078125,0
2023-02-22,^NSEI,17755.349609375,17772.5,17529.44921875,17554.30078125,204000,37.293855646869666,-48.38436323743008,-45.58853121396749,-2.7958320234625873,17854.46244731461,17986.0659375,18074.87004795085,17516.94460048665,17795.90732421875,-0.015280363131582653,0.029263370332996974,0.0,17511.25,0
2023-02-23,^NSEI,17574.650390625,17620.05078125,17455.400390625,17511.25,240800,36.08769773336293,-70.16329552361276,-50.50348407589655,-19.65981144771621,17821.77554757036,17963.084921875,18078.08994514809,17475.65478141441,17776.87236328125,-0.002452434977984641,0.18039215686274512,0.0,17465.80078125,0
2023-02-24,^NSEI,17591.349609375,17599.75,17421.80078125,17465.80078125,209400,34.8078049498928,-90.05255854813004,-58.413298970343256,-31.63925957778678,17787.87318887318,17944.1029296875,18092.34274996068,17447.547093789322,17769.944921875,-0.002595429723749043,-0.1303986710963455,0.0,17392.69921875,0
2023-02-27,^NSEI,17428.599609375,17451.599609375,17299.0,17392.69921875,246400,32.793229561578556,-110.4405381707802,-68.81874681043065,-41.62179136034955,17750.237572670976,17926.5769140625,18116.045490736633,17398.21935301337,17757.132421875,-0.004185411445805309,0.17669531996179555,0.0,17303.94921875,0
2023-02-28,^NSEI,17383.25,17440.44921875,17255.19921875,17303.94921875,420900,30.486281939334106,-132.2352169273181,-81.50204083380814,-50.73317609350997,17707.733919916598,17904.2469140625,18147.64150591685,17330.80322064565,17739.22236328125,-0.0051027157362857345,0.708198051948052,0.0,17450.900390625,1
2023-03-01,^NSEI,17360.099609375,17467.75,17345.25,17450.900390625,272900,38.23429466975064,-136.08126529723086,-92.41788572649268,-43.66337957073817,17683.27358379359,17885.55890625,18155.377357264137,17306.527330235862,17730.95234375,0.008492348770636093,-0.3516274649560466,0.0,17321.900390625,0
2023-03-02,^NSEI,17421.5,17445.80078125,17306.0,17321.900390625,310700,34.5895579724116,-147.83436569762125,-103.50118172071839,-44.33318397690286,17648.857089206107,17868.014921875,18174.6347710933,17258.4199164067,17716.52734375,-0.007392168719804415,0.13851227555881285,0.0,17594.349609375,1
2023-03-03,^NSEI,17451.25,17644.75,17427.69921875,17594.349609375,356200,46.24464125422553,-133.62407231390898,-109.52575983935651,-24.098312474552472,17643.66590065076,17857.354921875,18160.040815913362,17247.04375439914,17703.54228515625,0.015728598629827895,0.14644351464435146,0.0,17711.44921875,1
2023-03-06,^NSEI,17680.349609375,17799.94921875,17671.94921875,17711.44921875,362800,50.34032777342227,-111.62659074047406,-109.94592601958003,-1.680664720894029,17650.121454755452,17855.447890625,18156.548636800657,17245.220894449343,17700.884765625,0.006655523618366965,0.018528916339135337,0.0,17754.400390625,1
2023-03-08,^NSEI,17665.75,17766.5,17602.25,17754.400390625,267000,51.79122060300876,-89.69369442094103,-105.89547969985225,16.201785278911217,17660.052781981125,17850.24390625,18158.71672708238,17246.34284323012,17702.52978515625,0.0024250512391459367,-0.2640573318632855,0.0,17589.599609375,0
2023-03-09,^NSEI,17772.05078125,17772.349609375,17573.599609375,17589.599609375,262400,46.21221035444851,-84.6341519977068,-101.64321415942317,17.009062161716372,17653.342956018638,17839.3898828125,18140.24081763495,17236.60879174005,17688.4248046875,-0.009282249899975281,-0.017228464419475675,0.0,17412.900390625,0
2023-03-10,^NSEI,17443.80078125,17451.5,17324.349609375,17412.900390625,235900,41.10006108161547,-93.8012954467631,-100.07483041689116,6.273534970128054,17630.44366407639,17825.197890625,18121.129425074774,17207.665301487723,17664.39736328125,-0.010045664635585094,-0.10099085365853655,0.0,17154.30078125,0
2023-03-13,^NSEI,17421.900390625,17529.900390625,17113.44921875,17154.30078125,254900,34.99810313558318,-120.54359837896482,-104.1685840093059,-16.375014369658913,17585.09672285483,17804.46390625,18127.6169708375,17130.957833850003,17629.28740234375,-0.014851035931626178,0.08054260279779557,0.0,17043.30078125,0
2023-03-14,^NSEI,17160.55078125,17224.650390625,16987.099609375,17043.30078125,290600,32.750476531206786,-148.97652975457822,-113.13017315836038,-35.846356596217845,17533.497109368654,17783.22390625,18147.61776362979,17038.197080120208,17592.907421875,-0.006470680525861194,0.1400549234994115,0.0,16972.150390625,0
2023-03-15,^NSEI,17166.44921875,17211.349609375,16938.900390625,16972.150390625,248200,31.360211394262123,-175.23111934653207,-125.55036239599472,-49.680756950537344,17480.035517107353,17758.7179296875,18139.07089005719,16950.97403181781,17545.0224609375,-0.004174683738684903,-0.14590502408809358,0.0,16985.599609375,1
2023-03-16,^NSEI,16994.650390625,17062.44921875,16850.150390625,16985.599609375,349800,31.94827405575279,-192.7311465129169,-138.98651921937918,-53.74462729353772,17432.946383037604,17733.77890625,18093.955237497714,16893.064684377285,17493.5099609375,0.0007924286811309411,0.4093473005640613,0.0,17100.05078125,1
2023-03-17,^NSEI,17111.80078125,17145.80078125,16958.150390625,17100.05078125,408100,36.90241412163646,-195.11561965309738,-150.21233930612283,-44.903280346974555,17401.242040010213,17714.9209375,18015.853485458952,16877.58655360355,17446.72001953125,0.006738129621978839,0.16666666666666674,0.0,16988.400390625,0
2023-03-20,^NSEI,17066.599609375,17066.599609375,16828.349609375,16988.400390625,241800,34.28059809700149,-203.66684065719528,-160.9032395763373,-42.76360108085797,17361.92378768781,17694.8459375,17953.269012133343,16844.591144116654,17398.930078125,-0.0065292432199922645,-0.40749816221514334,0.0,17107.5,1
2023-03-21,^NSEI,17060.400390625,17127.69921875,17016.0,17107.5,246700,39.2396903493642,-198.54470205604594,-168.43153207227905,-30.11316998376688,17337.692950765162,17679.806953125,17890.393682684604,16833.756512627893,17362.07509765625,0.007010642946744028,0.02026468155500405,0.0,17151.900390625,1
2023-03-22,^NSEI,17177.44921875,17207.25,17107.849609375,17151.900390625,0,41.02629370295248,-188.7271013123427,-172.4906459202918,-16.236455392050914,17319.998421228003,17660.8209765625,17818.464281498313,16838.206031001686,17328.33515625,0.0025953757489405316,-1.0,0.0,17076.900390625,0
2023-03-24,^NSEI,17076.19921875,17109.44921875,16917.349609375,16945.05078125,228000,35.528083534775035,-190.25461712324977,-178.02372379978567,-12.230893323464102,17263.34189959084,17625.0630078125,17780.592652499083,16771.717699063414,17276.15517578125,-0.007720933328590696,0.04014598540145986,0.0,16985.69921875,1
2023-03-27,^NSEI,16984.30078125,17091.0,16918.55078125,16985.69921875,218400,37.35212669767931,-189.0646024735579,-180.23189953454013,-8.832702939017764,17236.899739510758,17607.6130078125,17763.84535293479,16740.45484237771,17252.15009765625,0.0023988383407489433,-0.04210526315789476,0.0,16951.69921875,0
2023-03-28,^NSEI,17031.75,17061.75,16913.75,16951.69921875,238800,36.42386526692531,-188.68992316141885,-181.9235042599159,-6.766418901502959,17209.737785152593,17587.515,17753.541172958554,16706.659022353946,17230.10009765625,-0.002001683861354908,0.0934065934065933,0.0,17080.69921875,1
2023-03-29,^NSEI,16977.30078125,17126.150390625,16940.599609375,17080.69921875,345900,42.284478638107785,-175.95546018853202,-180.7298954456391,4.774435257107086,17197.448397876156,17571.2319921875,17745.11773760355,16692.757457708954,17218.93759765625,0.007609856589321451,0.4484924623115578,0.0,17359.75,1
2023-03-31,^NSEI,17210.349609375,17381.599609375,17204.650390625,17359.75,263900,52.48762094838828,-141.71266522186852,-172.926449400885,31.21378417901647,17212.905693316523,17557.3609765625,17733.982555798306,16694.777600451693,17214.380078125,0.016337198944623932,-0.23706273489447816,0.0,17398.05078125,1
2023-04-03,^NSEI,17427.94921875,17428.05078125,17312.75,17398.05078125,230200,53.69753496170504,-110.21397248192807,-160.38395401709363,50.16998153516556,17230.538558834,17542.015,17741.98489423345,16694.390301079053,17218.18759765625,0.002206297973761151,-0.12769988632057594,0.0,17557.05078125,1
2023-04-05,^NSEI,17422.30078125,17570.55078125,17402.69921875,17557.05078125,248300,58.43014200430739,-71.59574913887627,-142.62631304145015,71.03056390257387,17261.63496096886,17530.9990234375,17734.989963396674,16697.655349103323,17216.32265625,0.009138954817361267,0.07862728062554303,0.0,17599.150390625,1
2023-04-06,^NSEI,17533.849609375,17638.69921875,17502.849609375,17599.150390625,242700,59.60737924059257,-37.16502697820761,-121.53405582880164,84.36902885059403,17293.779287602774,17522.4290234375,17709.878043987548,16711.53738569995,17210.70771484375,0.002397874785437182,-0.022553362867498983,0.0,17624.05078125,1
2023-04-10,^NSEI,17634.900390625,17694.099609375,17597.94921875,17624.05078125,254800,60.32308760923737,-7.779500939468562,-98.78314485093503,91.00364391146647,17325.23371556918,17512.5390234375,17677.53076745924,16730.84970129076,17204.190234375,0.0014148632219350699,0.049855789039967124,0.0,17722.30078125,1
2023-04-11,^NSEI,17704.80078125,17748.75,17655.150390625,17722.30078125,304300,63.101245073391034,23.169609215547098,-74.39259403763862,97.56220325318571,17363.0496265864,17504.6190234375,17708.6754659519,16712.975119985604,17210.82529296875,0.005574768321964241,0.19427001569858704,0.0,17812.400390625,1
2023-04-12,^NSEI,17759.55078125,17825.75,17717.25,17812.400390625,232800,65.48777549316102,54.340879637959006,-48.6458993025191,102.9867789404781,17405.84493744722,17503.028046875,17787.999039238715,16673.601546698785,17230.80029296875,0.005083967961446945,-0.2349654945777193,0.0,17828.0,1
2023-04-13,^NSEI,17807.30078125,17842.150390625,17729.650390625,17828.0,285800,65.89901767138001,79.38795915394803,-23.039127611225673,102.4270867651737,17446.050181499864,17507.5010546875,17877.747676877345,16651.222830935152,17264.48525390625,0.0008757724412713497,0.2276632302405499,0.0,17706.849609375,0
2023-04-17,^NSEI,17863.0,17863.0,17574.05078125,17706.849609375,357400,59.926725768105115,88.44261468893819,-0.7427791511929023,89.1853938401311,17470.888222249876,17508.6590625,17930.94032744894,16664.38506317606,17297.6626953125,-0.006795512150830185,0.2505248425472357,0.0,17660.150390625,0
2023-04-18,^NSEI,17766.599609375,17766.599609375,17610.19921875,17660.150390625,258900,57.753957962457704,90.80353118000858,17.566482915047395,73.23704826496117,17488.913190666553,17508.6190625,17965.620059025005,16698.505331599994,17332.0626953125,-0.0026373533282438855,-0.2756015668718522,0.0,17618.75,0
2023-04-19,^NSEI,17653.349609375,17666.150390625,17579.849609375,17618.75,281500,55.82165601662058,88.31585873791482,31.716358079620882,56.59950065829394,17501.278601079262,17508.668046875,17988.073261679587,16739.367168007913,17363.72021484375,-0.002344283016240789,0.08729239088451135,0.0,17624.44921875,1
2023-04-20,^NSEI,17638.599609375,17684.44921875,17584.349609375,17624.44921875,215100,56.039702672818606,85.8150176224517,42.53608998818705,43.278927634264655,17513.009136095523,17508.9490234375,18011.83916271407,16768.04111072343,17389.94013671875,0.0003234746363958152,-0.23587921847246895,0.0,17624.05078125,0
2023-04-21,^NSEI,17639.75,17663.19921875,17553.94921875,17624.05078125,230200,56.018886349116585,82.84593606336057,50.59805920322175,32.24787686013882,17523.58453087214,17504.3490234375,18022.91531221053,16820.53000028947,17421.72265625,-2.260708945023282e-05,0.07019990701999079,0.0,17743.400390625,1
2023-04-24,^NSEI,17707.55078125,17754.5,17612.5,17743.400390625,255700,60.72507230352356,89.0963858909854,58.29772454077448,30.79866135021092,17544.519374658128,17503.9250390625,18052.1302833425,16854.905068220003,17453.51767578125,0.006771973756565242,0.11077324066029548,0.0,17769.25,1
2023-04-25,^NSEI,17761.55078125,17807.44921875,17716.849609375,17769.25,297400,61.68145033247262,95.04019563893962,65.64621876040752,29.3939768785321,17565.922291357354,17504.8800390625,18081.267582946948,16887.50272955305,17484.38515625,0.0014568576938982503,0.16308173640985535,0.0,17813.599609375,1
2023-04-26,^NSEI,17767.30078125,17827.75,17711.19921875,17813.599609375,233000,63.33124850133173,102.15180806239368,72.94733662080476,29.20447144158892,17589.510607359036,17503.718046875,18103.722510570187,16938.71772380481,17521.2201171875,0.0024958627615121465,-0.21654337592468054,0.0,17915.05078125,1
2023-04-27,^NSEI,17813.099609375,17931.599609375,17797.900390625,17915.05078125,241400,66.84757364155297,114.65243198461394,81.2883556935666,33.36407629104734,17620.51443344389,17504.150078125,18112.42292347545,17027.017310899548,17569.7201171875,0.005695152810193838,0.036051502145922676,0.0,18065.0,1
2023-04-28,^NSEI,17950.400390625,18089.150390625,17885.30078125,18065.0,290300,71.23779924686437,135.10154872441854,92.05099429973698,43.05055442468155,17662.846392163516,17508.320078125,18137.223650123793,17110.14666237621,17623.68515625,0.008370013603697934,0.2025683512841756,0.0,18147.650390625,1
2023-05-02,^NSEI,18124.80078125,18180.25,18101.75,18147.650390625,265200,73.33391904098521,156.1765112487774,104.87609768954506,51.300413559232325,17709.0182015408,17515.855078125,18146.098847249723,17220.86658243778,17683.48271484375,0.004575166931912511,-0.08646228039958659,0.0,18089.849609375,0
2023-05-03,^NSEI,18113.80078125,18116.349609375,18042.400390625,18089.849609375,226200,69.51828664706397,166.2975561895255,117.16038938954115,49.13716679998434,17745.28785942977,17519.055078125,18139.14026252761,17328.740206222392,17733.940234375,-0.00318502836487633,-0.1470588235294118,0.0,18255.80078125,1
2023-05-04,^NSEI,18081.0,18267.44921875,18066.69921875,18255.80078125,226600,73.7425038539524,185.57029107968992,130.8423697275709,54.72792135211901,17793.908137698363,17523.8541015625,18206.085741749495,17351.399805125508,17778.7427734375,0.009173717607303677,0.0017683465959328348,0.0,18069.0,0
2023-05-05,^NSEI,18117.30078125,18216.94921875,18055.44921875,18069.0,239700,63.13611031695283,183.65376417221705,141.40464861650014,42.24911555571691,17820.10736267947,17524.517109375,18219.70262612998,17404.87784262002,17812.290234375,-0.010232406865540389,0.05781112091791707,0.0,18264.400390625,1
2023-05-08,^NSEI,18120.599609375,18286.94921875,18100.30078125,18264.400390625,228400,68.27615708891754,195.64678691083827,152.2530762753678,43.393710635470484,17862.42098438857,17530.9211328125,18282.206567387697,17413.108862299803,17847.65771484375,0.010814123118324304,-0.04714226115978304,0.0,18265.94921875,1
2023-05-09,^NSEI,18303.400390625,18344.19921875,18229.650390625,18265.94921875,245400,68.31387065378665,202.93699002473295,162.3898590252408,40.54713099949214,17900.852244803944,17539.348125,18336.00191654361,17425.993395956393,17880.99765625,8.480038171931881e-05,0.07443082311733806,0.0,18315.099609375,1
2023-05-10,^NSEI,18313.599609375,18326.75,18211.94921875,18315.099609375,220500,69.5509401930943,210.25684425186046,171.96325607056474,38.29358818129572,17940.304374763095,17549.1161328125,18391.720186893013,17439.380008419488,17915.55009765625,0.0026908205008338015,-0.10146699266503667,0.0,18297.0,0
2023-05-11,^NSEI,18357.80078125,18389.69921875,18270.400390625,18297.0,248900,68.49050964017351,212.15183990130026,180.00097283671187,32.1508670645884,17974.27538669042,17563.9701171875,18439.32738800079,17449.242729186706,17944.28505859375,-0.0009882342854272697,0.12879818594104298,0.0,18314.80078125,1
2023-05-12,^NSEI,18273.75,18342.75,18194.55078125,18314.80078125,241700,68.9912561659067,212.6388436591078,186.52854700119107,26.110296657916734,18006.706376648475,17580.0411328125,18485.6613259301,17453.1488303199,17969.405078125,0.0009728797753729701,-0.0289272800321414,0.0,18398.849609375,1
2023-05-15,^NSEI,18339.30078125,18458.900390625,18287.900390625,18398.849609375,216100,71.30966225793777,217.30191444617594,192.68322049018803,24.618693955987908,18044.05335119386,17598.702109375,18542.141699037005,17453.753418150496,17997.94755859375,0.004589120522186851,-0.10591642532064538,0.0,18286.5,0
2023-05-16,^NSEI,18432.349609375,18432.349609375,18264.349609375,18286.5,219500,64.38044904100487,209.51658038965252,196.04989247008095,13.46668791957157,18067.143508223016,17616.578125,18567.755572919472,17486.104583330525,18026.930078125,-0.006106338807060685,0.01573345673299409,0.0,18181.75,0
2023-05-17,^NSEI,18300.44921875,18309.0,18115.349609375,18181.75,229900,58.65742358890372,192.6731809961966,195.37455017530408,-2.7013691791074734,18078.058412201775,17634.134140625,18570.368665465277,17535.651451722224,18053.01005859375,-0.005728269488420423,0.04738041002277904,0.0,18129.94921875,0
2023-05-18,^NSEI,18287.5,18297.19921875,18104.849609375,18129.94921875,272100,56.006034522004185,173.14882363954166,190.9294048681516,-17.780581228609947,18083.000393777795,17647.7151171875,18556.60165955802,17600.53837950448,18078.57001953125,-0.002849053652701161,0.18355806872553293,0.0,18203.400390625,1
2023-05-19,^NSEI,18186.150390625,18218.099609375,18060.400390625,18203.400390625,260900,58.84659080483571,161.73810923743804,185.0911457420089,-23.353036504570866,18094.467060144194,17665.3451171875,18539.99160999463,17675.04354625537,18107.517578125,0.0040513721791914925,-0.041161337743476634,0.0,18314.400390625,1
2023-05-22,^NSEI,18201.099609375,18335.25,18178.849609375,18314.400390625,262600,62.759785009697836,159.80962234989056,180.03484106358525,-20.225218713694687,18115.413091618557,17679.7461328125,18521.613816291545,17762.456300895952,18142.03505859375,0.006097761825706316,0.006515906477577715,0.0,18348.0,1
2023-05-23,^NSEI,18362.900390625,18419.75,18324.19921875,18348.0,270400,63.87941942261013,159.15781801663252,175.8594364541947,-16.70161843756219,18137.564225750124,17692.4771484375,18514.50328668428,17830.026791440716,18172.2650390625,0.001834600568861644,0.02970297029702973,0.0,18285.400390625,0
2023-05-24,^NSEI,18294.80078125,18392.599609375,18262.94921875,18285.400390625,232600,60.24522018398641,151.8396797653113,171.05548511641805,-19.215805351106752,18151.64386050011,17703.0971484375,18488.827787420905,17907.317329766596,18198.07255859375,-0.0034117947119577385,-0.139792899408284,0.0,18321.150390625,1
2023-05-25,^NSEI,18268.900390625,18338.099609375,18202.400390625,18321.150390625,235900,61.58919248030547,147.22758079615596,166.28990425236566,-19.062323456209697,18167.78733955962,17717.7281640625,18458.882181166908,17988.01801414559,18223.45009765625,0.001955111686716471,0.014187446259673164,0.0,18499.349609375,1
2023-05-26,^NSEI,18368.349609375,18508.55078125,18333.150390625,18499.349609375,198700,67.48909063035802,156.15162804771535,164.26224901143559,-8.110620963720237,18199.36469858966,17739.4571484375,18472.247131187636,18033.082946937364,18252.6650390625,0.009726420827874671,-0.15769393810936838,0.0,18598.650390625,1
2023-05-29,^NSEI,18619.150390625,18641.19921875,18581.25,18598.650390625,265300,70.23293020510768,169.2853270704727,165.266864623243,4.018462447229695,18237.39190735493,17768.344140625,18528.87913397012,18029.815983217377,18279.34755859375,0.005367798508963517,0.33517866129843976,0.0,18633.849609375,1
2023-05-30,^NSEI,18606.650390625,18662.44921875,18575.5,18633.849609375,234400,71.16202370401633,180.45399957182963,168.30429161296036,12.149707958869271,18275.149783737794,17800.1551171875,18589.257978736256,18018.057060326246,18303.65751953125,0.0018925684396833287,-0.11647191858273653,0.0,18534.400390625,0
2023-05-31,^NSEI,18594.19921875,18603.900390625,18483.849609375,18534.400390625,696500,64.99006071734689,179.2146571632402,170.48636472301632,8.728292440223868,18299.840317727052,17831.4001171875,18610.660511099853,18041.109606087648,18325.88505859375,-0.0053370195013254795,1.9714163822525599,0.0,18487.75,0
2023-06-01,^NSEI,18579.400390625,18580.30078125,18464.55078125,18487.75,265600,62.2621044073471,172.47993144097563,170.8850780666082,1.5948533743674318,18317.736477943523,17861.443125,18628.7156643043,18046.2493747582,18337.48251953125,-0.0025169624936233204,-0.618664752333094,0.0,18534.099609375,1
2023-06-02,^NSEI,18550.849609375,18573.69921875,18478.400390625,18534.099609375,270900,63.884152603037286,168.93525840141592,170.49511413356976,-1.559855732153835,18338.342490460807,17890.1241015625,18636.3616126842,18085.1133873158,18360.7375,0.002507044360454902,0.019954819277108404,0.0,18593.849609375,1
2023-06-05,^NSEI,18612.0,18640.150390625,18582.80078125,18593.849609375,256100,65.91786432218518,168.99928655103213,170.19594861706224,-1.1966620660301146,18362.67650178597,17922.2330859375,18666.856930530677,18087.562991344323,18377.2099609375,0.003223787573137793,-0.054632705795496506,0.0,18599.0,1
2023-06-06,^NSEI,18600.80078125,18622.75,18531.599609375,18599.0,220800,66.09509587604228,167.53439063205587,169.66363702006097,-2.1292463880051002,18385.183501615877,17952.0630859375,18694.109918807637,18093.61508119236,18393.8625,0.00027699431442118616,-0.1378367825068333,0.0,18726.400390625,1
2023-06-07,^NSEI,18665.599609375,18738.94921875,18636.0,18726.400390625,260100,70.22033665401605,174.64045045329112,170.65899970670702,3.981450746584102,18417.680348188173,17983.5530859375,18745.08204202054,18083.773036104463,18414.4275390625,0.006849851638528914,0.1779891304347827,0.0,18634.55078125,0
2023-06-08,^NSEI,18725.349609375,18777.900390625,18615.599609375,18634.55078125,286500,64.15941826238617,170.89063730949056,170.70532722726375,0.18531008222680612,18438.33467514644,18014.70609375,18770.60730032724,18092.002855922758,18431.305078125,-0.0049048192636628185,0.10149942329873118,0.0,18563.400390625,0
2023-06-09,^NSEI,18655.900390625,18676.650390625,18555.400390625,18563.400390625,221800,59.849947288567854,160.32946323176657,168.63015442816433,-8.300691196397764,18450.245695668207,18047.0730859375,18783.26880421028,18104.201312977217,18443.73505859375,-0.00381819725413457,-0.2258289703315881,0.0,18601.5,1
2023-06-12,^NSEI,18595.05078125,18633.599609375,18559.75,18601.5,179500,61.34712469840547,153.2672077850366,165.55756509953878,-12.290357314502188,18464.65086750933,18079.3891015625,18799.47936502073,18108.25579122927,18453.867578125,0.0020524046550352004,-0.19071235347159599,0.0,18716.150390625,1
2023-06-13,^NSEI,18631.80078125,18728.900390625,18631.80078125,18716.150390625,233200,65.51450649467125,155.13336692608573,163.47272546484817,-8.33935853876244,18488.603203044157,18114.678125,18829.97325844065,18120.72693687185,18475.35009765625,0.0061635024393194016,0.2991643454038997,0.0,18755.900390625,1
2023-06-14,^NSEI,18744.599609375,18769.69921875,18690.0,18755.900390625,261400,66.84902342798912,157.9984959747635,162.37787956683124,-4.3793835920677395,18514.060078051858,18148.1821484375,18851.854381638226,18156.260852736774,18504.0576171875,0.0021238341844009856,0.12092624356775294,0.0,18688.099609375,0
2023-06-15,^NSEI,18774.44921875,18794.099609375,18669.05078125,18688.099609375,263000,62.412512476914436,153.0340932097679,160.5091222954186,-7.475029085650704,18530.635271511208,18174.749140625,18842.81903004844,18221.111243389063,18531.96513671875,-0.0036149041015322014,0.006120887528691554,0.0,18826.0,1
2023-06-16,^NSEI,18723.30078125,18864.69921875,18710.5,18826.0,272800,67.18298163460027,158.4012265553174,160.08754314739838,-1.6863165920809706,18558.765245652998,18203.308125,18860.50759498916,18265.682639385836,18563.0951171875,0.0073790483520230765,0.03726235741444861,0.0,18755.44921875,0
2023-06-19,^NSEI,18873.30078125,18881.44921875,18719.150390625,18755.44921875,219800,62.7921747694378,155.1731208254132,159.10465868300136,-3.931537857588154,18577.497052614617,18227.27609375,18870.698163457073,18299.59695373043,18585.14755859375,-0.0037475183921172883,-0.19428152492668627,0.0,18816.69921875,1
2023-06-20,^NSEI,18752.349609375,18839.69921875,18660.650390625,18816.69921875,211600,64.9348191328775,155.7616633922953,158.43605962486015,-2.6743962325648454,18600.27821129418,18251.6270703125,18889.32759912495,18327.83743993755,18608.58251953125,0.003265717567498605,-0.03730664240218384,0.0,18856.849609375,1
2023-06-21,^NSEI,18849.400390625,18875.900390625,18794.849609375,18856.849609375,217500,66.30461118958837,157.6505907137289,158.2789658426339,-0.6283751289050201,18624.71358253997,18276.283046875,18895.97968854547,18378.330272392028,18637.15498046875,0.0021337637466720683,0.027882797731568987,0.0,18771.25,0
2023-06-22,^NSEI,18853.599609375,18886.599609375,18759.5,18771.25,252700,60.8472095423258,150.50547273093616,156.72426722029437,-6.218794489358203,18638.66943182188,18297.26203125,18880.088742224252,18439.23117965075,18659.6599609375,-0.004539443817404343,0.16183908045977002,0.0,18665.5,0
2023-06-23,^NSEI,18741.849609375,18756.400390625,18647.099609375,18665.5,210600,54.84174351088186,134.7563863030373,152.33069103684295,-17.57430473380566,18641.22472402932,18314.3240234375,18875.76480370499,18460.170157232507,18667.96748046875,-0.005633615236065759,-0.1666007123070835,0.0,18691.19921875,1
2023-06-26,^NSEI,18682.349609375,18722.05078125,18646.69921875,18691.19921875,171300,55.97882581121502,122.9317532891182,146.450903487298,-23.5191501981798,18645.984199717004,18331.5880078125,18878.12118694131,18467.06865680869,18672.594921875,0.0013768299134766515,-0.18660968660968658,0.0,18817.400390625,1
2023-06-27,^NSEI,18748.55078125,18829.25,18714.25,18817.400390625,222500,61.151941622453364,122.33383796295311,141.62749038242904,-19.293652419475933,18662.30955123205,18353.7990234375,18895.776249798753,18467.768672076247,18681.7724609375,0.00675190341711196,0.29889083479276124,0.0,18972.099609375,1
2023-06-28,^NSEI,18908.150390625,19011.25,18861.349609375,18972.099609375,398800,66.36914642108553,132.81194639159366,139.864381584262,-7.052435192668327,18691.813366293285,18380.0380078125,18941.136012043386,18466.178831706613,18703.657421875,0.00822107281232487,0.7923595505617977,0.0,19189.05078125,1
2023-06-30,^NSEI,19076.849609375,19201.69921875,19024.599609375,19189.05078125,247900,72.040172216122,156.81441033692317,143.25438733479425,13.56002300212893,18739.169310574875,18411.4440234375,19037.51334538929,18439.931576485713,18738.7224609375,0.01143527476356887,-0.37838515546639917,0.0,19322.55078125,1
2023-07-03,^NSEI,19246.5,19345.099609375,19234.400390625,19322.55078125,226100,74.85050034607052,184.4822734241534,151.49996455266609,32.982308871487305,18794.72945063917,18445.4060546875,19156.108561914174,18400.181477148326,18778.14501953125,0.00695709243369369,-0.08793868495361035,0.0,19389.0,1
2023-07-04,^NSEI,19406.599609375,19434.150390625,19300.0,19389.0,226900,76.13624469029787,209.3578044221358,163.07153252656005,46.286271895575766,18851.326645816393,18480.7050390625,19269.97509930622,18365.82997881878,18817.9025390625,0.003438946519135566,0.0035382574082265528,0.0,19398.5,1
2023-07-05,^NSEI,19405.94921875,19421.599609375,19339.599609375,19398.5,224400,76.32261529455388,227.21917139295329,175.9010602998387,51.318111093114595,18903.43839383388,18513.80703125,19363.65675495925,18352.098323165752,18857.8775390625,0.0004899685388621844,-0.011018069634200045,0.0,19497.30078125,1
2023-07-06,^NSEI,19385.69921875,19512.19921875,19373.0,19497.30078125,268300,78.22709544913606,246.50527141119528,190.02190252211,56.483368889085284,18959.99671644494,18548.368046875,19469.296811399847,18323.54830578765,18896.42255859375,0.00509321758125636,0.19563279857397498,0.0,19331.80078125,0
2023-07-07,^NSEI,19422.80078125,19523.599609375,19303.599609375,19331.80078125,237100,68.31468864665462,245.60400764871883,201.13832354743178,44.46568410128705,18995.406627378758,18578.7320703125,19520.7923169901,18341.777800197397,18931.28505859375,-0.00848835445771845,-0.11628773760715616,0.0,19355.900390625,1
2023-07-10,^NSEI,19400.349609375,19435.849609375,19327.099609375,19355.900390625,268200,68.93203851289252,244.02145920776456,209.71495067949837,34.30650852826619,19029.739366735543,18607.5490625,19562.712437311424,18379.107679876073,18970.91005859375,0.0012466303397029588,0.1311682834247152,0.0,19439.400390625,1
2023-07-11,^NSEI,19427.099609375,19515.099609375,19406.44921875,19439.400390625,251300,71.03760521531082,246.661668159064,217.1042941754115,29.557373983652496,19068.754702344064,18635.0370703125,19612.649361896307,18412.96079435369,19012.805078125,0.004313930032438185,-0.06301267710663683,0.0,19384.30078125,0
2023-07-12,^NSEI,19497.44921875,19507.69921875,19361.75,19384.30078125,327900,67.77350904419231,241.5238383199503,221.98820300431925,19.535635315631055,19098.806709858916,18659.770078125,19650.65442785426,18441.770767458238,19046.21259765625,-0.002834429471475497,0.3048149621965779,0.0,19413.75,1
2023-07-13,^NSEI,19495.19921875,19567.0,19385.80078125,19413.75,310400,68.60385840223987,237.09529007483434,225.0096204184223,12.085669656412051,19128.801308919974,18686.2480859375,19688.35279286969,18469.857363380313,19079.105078125,0.0015192303855748879,-0.05336992985666367,0.0,19564.5,1
2023-07-14,^NSEI,19493.44921875,19595.349609375,19433.5,19564.5,291200,72.50876233298945,242.94933016683717,228.59756236810526,14.351767798731913,19170.296422356165,18712.4220703125,19739.404288053367,18506.445907259134,19122.92509765625,0.007765114931427508,-0.061855670103092786,0.0,19711.44921875,1
2023-07-17,^NSEI,19612.150390625,19731.849609375,19562.94921875,19711.44921875,268700,75.68364185723505,256.4896202797536,234.17597395043492,22.313646329318658,19221.834783917482,18745.2710546875,19818.231823821814,18516.163293365687,19167.19755859375,0.007511013251041421,-0.07726648351648346,0.0,19749.25,1
2023-07-18,^NSEI,19787.5,19819.44921875,19690.19921875,19749.25,286400,76.43747119194396,267.19059798611124,240.7788987575702,26.41169922854104,19272.064804496767,18774.968046875,19886.08030862186,18547.69488669064,19216.88759765625,0.001917706853032497,0.06587272050614068,0.0,19833.150390625,1
2023-07-19,^NSEI,19802.94921875,19851.69921875,19727.44921875,19833.150390625,259700,78.06301727571952,279.222556432851,248.46763029262638,30.754926140224597,19325.501526985172,18806.3120703125,19961.54945525133,18573.87085724867,19267.71015625,0.004248282371482448,-0.09322625698324027,0.0,19979.150390625,1
2023-07-20,^NSEI,19831.69921875,19991.849609375,19758.400390625,19979.150390625,274700,80.5744639233171,297.1140047152512,258.1969051771514,38.91709953809982,19387.753799712777,18839.5930859375,20056.14039112954,18591.50999949546,19323.8251953125,0.007361412439498949,0.057758952637658734,0.0,19745.0,0
2023-07-21,^NSEI,19800.44921875,19887.400390625,19700.0,19745.0,312500,67.27261304784292,289.06694295256966,264.37091273223507,24.696030220334592,19421.77724735918,18868.5530859375,20080.476980658408,18664.548409966592,19372.5126953125,-0.011719737128305097,0.13760465962868573,0.0,19672.349609375,0
2023-07-24,^NSEI,19748.44921875,19782.75,19658.30078125,19672.349609375,265600,63.75570162770049,273.6725820008651,266.2312465859611,7.4413354149039606,19445.641281836877,18895.7040625,20062.45115193077,18783.259199631728,19422.85517578125,-0.0036794322929856182,-0.15008,0.0,19680.599609375,1
2023-07-25,^NSEI,19729.349609375,19729.349609375,19615.94921875,19680.599609375,369700,63.98594958142543,259.15081678798015,264.8151606263649,-5.664343838384752,19468.018265411938,18921.3390625,20025.060423152045,18919.589967472955,19472.3251953125,0.0004193703428323481,0.3919427710843373,0.0,19778.30078125,1
2023-07-26,^NSEI,19733.349609375,19825.599609375,19716.69921875,19778.30078125,244700,66.68508859522753,252.6139054255982,262.3749095862116,-9.761004160613368,19497.56898120604,18951.175078125,19999.14140065883,19041.59902902867,19520.37021484375,0.004964339187534694,-0.3381119826886665,0.0,19659.900390625,0
2023-07-27,^NSEI,19850.900390625,19867.55078125,19603.55078125,19659.900390625,334900,60.743642503939206,235.1685573234463,256.9336391336585,-21.765081810212223,19513.029115436417,18980.7380859375,19964.961121587436,19144.559386225064,19554.76025390625,-0.0059863783008722304,0.3686146301593789,0.0,19646.05078125,0
2023-07-28,^NSEI,19659.75,19695.900390625,19563.099609375,19646.05078125,258700,60.06944656568389,217.7157538479878,249.0900620765244,-31.37430822853659,19525.6978455139,19011.0601171875,19953.23555955649,19201.984948256006,19577.61025390625,-0.0007044597937843067,-0.2275306061510899,0.0,19753.80078125,1
2023-07-31,^NSEI,19666.349609375,19772.75,19597.599609375,19753.80078125,295100,63.46677654761385,210.156255354701,241.3033007321597,-31.14704537745871,19547.42193463162,19042.068125,19963.08504840403,19235.260459408466,19599.17275390625,0.005484562836559181,0.14070351758793964,0.0,19733.55078125,0
2023-08-01,^NSEI,19784.0,19795.599609375,19704.599609375,19733.55078125,298000,62.39239998440575,200.2232436536433,233.08728931645643,-32.86404566281314,19565.14849145242,19070.4511328125,19971.396038334373,19261.404547603124,19616.40029296875,-0.0010251191770254131,0.00982717722805826,0.0,19526.55078125,0
2023-08-02,^NSEI,19655.400390625,19678.25,19423.55078125,19526.55078125,290700,52.59169618730821,173.64640264963236,221.19911198309165,-47.55270933345929,19561.47251905219,19094.0221484375,19966.279888933102,19279.3257751294,19622.80283203125,-0.010489749274959825,-0.02449664429530196,0.0,19381.650390625,0
2023-08-03,^NSEI,19463.75,19537.650390625,19296.44921875,19381.650390625,315700,47.02338663554036,139.28620941828922,204.8165314701312,-65.53032205184198,19544.346602059122,19115.9471484375,19972.440466034685,19261.600158965317,19617.0203125,-0.007420685416911321,0.08599931200550404,0.0,19517.0,1
2023-08-04,^NSEI,19462.80078125,19538.849609375,19436.44921875,19517.0,280800,52.12266048272158,121.57564271232695,188.16835371857036,-66.5927110062434,19541.742163767776,19139.864140625,19960.512639335222,19292.047907539778,19626.2802734375,0.006983389270114548,-0.11054798859676906,0.0,19597.30078125,1
2023-08-07,^NSEI,19576.849609375,19620.44921875,19524.80078125,19597.30078125,216600,54.896503033930266,112.72012550438376,173.07870807573303,-60.358582571349274,19547.033460670846,19161.8231640625,19949.277035008094,19327.423550929405,19638.35029296875,0.004114401867602702,-0.2286324786324786,0.0,19570.849609375,0
2023-08-08,^NSEI,19627.19921875,19634.400390625,19533.099609375,19570.849609375,260300,53.79097179860816,102.38741739412217,158.94044993941088,-56.553032545288715,19549.301665309336,19181.2671484375,19944.08442536954,19345.761082442958,19644.92275390625,-0.0013497354646058168,0.20175438596491224,0.0,19632.55078125,1
2023-08-09,^NSEI,19578.80078125,19645.5,19467.5,19632.55078125,266500,56.01609128368822,98.04721344142308,146.7618026398133,-48.71458919839023,19557.23015254178,19201.241171875,19931.793403107447,19382.877104705054,19657.33525390625,0.003152707884763739,0.023818670764502503,0.0,19543.099609375,0
2023-08-10,^NSEI,19605.55078125,19623.599609375,19495.400390625,19543.099609375,312200,52.099255832146305,86.39371556889455,134.68818522562955,-48.294469656735004,19555.884386525893,19221.41515625,19920.51884949182,19407.08661925818,19663.802734375,-0.004556268458015711,0.17148217636022522,0.0,19428.30078125,0
2023-08-11,^NSEI,19554.25,19557.75,19412.75,19428.30078125,235500,47.50805895635133,67.12119715088193,121.17478761068003,-54.0535904597981,19543.733566975807,19240.226171875,19930.55755344958,19383.427993425423,19656.9927734375,-0.005874136161590715,-0.24567584881486226,0.0,19434.55078125,1
2023-08-14,^NSEI,19383.94921875,19465.849609375,19257.900390625,19434.55078125,243900,47.77788019947959,51.755307254708896,107.29089153948581,-55.53558428477692,19533.335206430493,19258.2351953125,19931.89332513154,19354.402377993458,19643.1478515625,0.00032169565781225984,0.03566878980891719,0.0,19465.0,1
2023-08-16,^NSEI,19369.0,19482.75,19317.19921875,19465.0,0,49.14927185560936,41.55569806534186,94.14385284465703,-52.588154779315175,19526.82709153235,19275.658203125,19923.319057131037,19334.551645993964,19628.9353515625,0.0015667570139761278,-1.0,0.0,19365.25,0
2023-08-18,^NSEI,19301.75,19373.80078125,19253.599609375,19310.150390625,256100,42.82195530135836,7.585658133448305,65.79059218304104,-58.20493404959274,19492.268472674437,19302.658203125,19846.127251366877,19298.053412695623,19572.09033203125,-0.0028452826260957353,-0.04689244510606627,0.0,19393.599609375,1
2023-08-21,^NSEI,19320.650390625,19425.94921875,19296.30078125,19393.599609375,262600,46.97473976765328,0.4076503757860337,52.71400382159004,-52.30635344580401,19482.87143807449,19317.8391796875,19827.015537729916,19282.025087270085,19554.5203125,0.0043215209131937105,0.025380710659898442,0.0,19396.44921875,1
2023-08-22,^NSEI,19417.099609375,19443.5,19381.30078125,19396.44921875,208700,47.11598774187244,-4.993471197896724,41.172508817692695,-46.16598001558942,19474.64075051978,19334.50015625,19815.885215583,19265.5653703545,19540.72529296875,0.00014693555773015454,-0.20525514089870522,0.0,19444.0,1
2023-08-23,^NSEI,19439.19921875,19472.05078125,19366.599609375,19444.0,225200,49.531858730301565,-5.374988784704328,31.86300929721329,-37.23799808191762,19471.72258380361,19351.35015625,19799.28647515786,19258.50414984214,19528.8953125,0.0024515199000461063,0.07906085289889786,0.0,19386.69921875,0
2023-08-24,^NSEI,19535.150390625,19584.44921875,19369.0,19386.69921875,268300,46.75975704304143,-10.18364763437421,23.453677910895788,-33.63732554527,19463.62512046517,19364.7611328125,19760.67392480167,19257.95654394833,19509.315234375,-0.002946964680621278,0.19138543516873896,0.0,19265.80078125,0
2023-08-25,^NSEI,19297.400390625,19339.55078125,19229.69921875,19265.80078125,466500,41.48437505969275,-23.47938223016172,14.067065882684286,-37.54644811284601,19444.784707206585,19374.959140625,19752.19876498679,19227.021742825706,19489.61025390625,-0.006236153774081932,0.7387253074916138,0.0,19306.05078125,1
2023-08-28,^NSEI,19298.349609375,19366.849609375,19249.69921875,19306.05078125,248200,43.75927579087694,-30.41787079118876,5.170078547909677,-35.58794933909844,19431.571952353577,19387.3181640625,19736.505715088784,19208.714792723713,19472.61025390625,0.002089194238900971,-0.4679528403001072,0.0,19342.650390625,1
2023-08-29,^NSEI,19374.849609375,19377.900390625,19309.099609375,19342.650390625,307400,45.821852012629044,-32.587739191807486,-2.3814850000337566,-30.20625419177373,19423.10323218895,19397.651171875,19687.668223413544,19216.437245336456,19452.052734375,0.0018957584743610756,0.2385173247381145,0.0,19347.44921875,1
2023-08-30,^NSEI,19433.44921875,19452.80078125,19334.75,19347.44921875,233000,46.100967222192466,-33.53359578982054,-8.611907157991114,-24.921688631829426,19415.89808805191,19409.491171875,19633.655753465006,19231.839559034997,19432.74765625,0.0002480956863764039,-0.24202992843201043,0.0,19253.80078125,0
2023-08-31,^NSEI,19375.55078125,19388.19921875,19223.650390625,19253.80078125,562600,41.59722307874559,-41.36303291601507,-15.162132309595906,-26.200900606419168,19400.46024930887,19418.233203125,19629.502003677724,19208.718308822277,19419.11015625,-0.004840350603388277,1.4145922746781117,0.0,19435.30078125,1
2023-09-01,^NSEI,19258.150390625,19458.55078125,19255.69921875,19435.30078125,333000,51.48881769536066,-32.547201229521306,-18.639146093580987,-13.90805513594032,19403.778395208024,19429.8022265625,19631.572861402656,19212.012490159843,19421.79267578125,0.009426710188917609,-0.4081052257376466,0.0,19528.80078125,1
2023-09-04,^NSEI,19525.05078125,19545.150390625,19432.849609375,19528.80078125,296800,55.655516235786386,-17.810612857145316,-18.473439446293852,0.662826589148537,19415.685289116784,19444.9532421875,19633.294055708087,19211.47137397941,19422.38271484375,0.004810833701642592,-0.10870870870870875,0.0,19574.900390625,1
2023-09-05,^NSEI,19564.650390625,19587.05078125,19525.75,19574.900390625,256800,57.589675083851525,-2.3844210727256723,-15.255635771580216,12.871214698854544,19430.848632117566,19463.14125,19628.655169197824,19213.870221427176,19421.2626953125,0.0023605960187407238,-0.13477088948787064,0.0,19611.05078125,1
2023-09-06,^NSEI,19581.19921875,19636.44921875,19491.5,19611.05078125,287600,59.096334854184434,12.612591356068151,-9.681990346050544,22.294581702118695,19448.01074155875,19481.53828125,19637.104770739767,19209.440737072735,19423.27275390625,0.0018467726478093027,0.1199376947040498,0.0,19727.05078125,1
2023-09-07,^NSEI,19598.650390625,19737.0,19550.05078125,19727.05078125,304900,63.5687980051709,33.47221543725391,-1.051149189389653,34.52336462664356,19474.585983434106,19499.7312890625,19663.22442832198,19192.771079490518,19427.99775390625,0.005915032360780392,0.06015299026425591,0.0,19819.94921875,1
2023-09-08,^NSEI,19774.80078125,19867.150390625,19727.05078125,19819.94921875,288100,66.70826604099466,56.84447757564703,10.527976163617685,46.316501412029346,19507.477720130857,19516.68828125,19729.313074877784,19154.367393872213,19441.840234375,0.004709190366575022,-0.05510003279763853,0.0,19996.349609375,1
2023-09-11,^NSEI,19890.0,20008.150390625,19865.349609375,19996.349609375,248800,71.69602847897106,88.58010468463544,26.138401867821237,62.44170281681421,19554.03694767792,19532.8342578125,19845.573603563385,19094.911747999115,19470.24267578125,0.008900143420050854,-0.13641096841374523,0.0,19993.19921875,0
2023-09-12,^NSEI,20110.150390625,20110.349609375,19914.650390625,19993.19921875,328100,71.49002983079076,112.18342690325153,43.34740687490729,68.83602002834424,19595.86192587526,19546.2472265625,19936.57485983948,19059.775335473023,19498.17509765625,-0.0001575482868895195,0.3187299035369775,0.0,20070.0,1
2023-09-13,^NSEI,19989.5,20096.900390625,19944.099609375,20070.0,251400,73.48974906891914,135.52417270810838,61.78276004154751,73.74141266656088,19641.01793293476,19559.8672265625,20032.12215725607,19024.72803805643,19528.42509765625,0.003841345269944396,-0.23377019201462967,0.0,20103.099609375,1
2023-09-14,^NSEI,20127.94921875,20167.650390625,20043.44921875,20103.099609375,275100,74.32557324982119,154.90707147735156,80.40762232870833,74.49944914864324,19685.025711643353,19573.95921875,20121.187566318084,19009.447589931915,19565.317578125,0.001649208239910216,0.09427207637231505,0.0,20192.349609375,1
2023-09-15,^NSEI,20156.44921875,20222.44921875,20129.69921875,20192.349609375,438200,76.47898551301142,175.44743864439442,99.41558559184554,76.03185305254888,19733.342273332084,19587.8601953125,20215.08459060696,19003.770487518043,19609.4275390625,0.004439613877174287,0.5928753180661577,0.0,20133.30078125,0
2023-09-18,^NSEI,20155.94921875,20195.349609375,20115.69921875,20133.30078125,264900,72.16629234023631,184.83047006564448,116.49856248660534,68.33190757903914,19771.433559800458,19603.8901953125,20284.31633771283,19008.50885759967,19646.41259765625,-0.002924316846098174,-0.395481515289822,0.0,19901.400390625,0
2023-09-20,^NSEI,19980.75,20050.650390625,19878.849609375,19901.400390625,378100,58.2692920923145,171.5763413564746,127.51411826057918,44.062223095895405,19783.81135321232,19614.8001953125,20307.96106106797,19035.35925143203,19671.66015625,-0.011518249945432046,0.42733106832767076,0.0,19742.349609375,0
2023-09-21,^NSEI,19840.55078125,19848.75,19709.94921875,19742.349609375,275100,51.01341263309959,146.54895493069853,131.32108559460306,15.227869336095466,19779.862615704005,19620.8591796875,20314.767327008154,19058.387946429346,19686.57763671875,-0.007991939166498319,-0.27241470510446975,0.0,19674.25,0
2023-09-22,^NSEI,19744.849609375,19798.650390625,19657.5,19674.25,246400,48.24340016543075,119.83808271043745,129.02448501776993,-9.186402307332486,19769.804271351244,19626.6581640625,20314.013422182565,19087.89692937994,19700.95517578125,-0.003449417659114995,-0.10432569974554706,0.0,19674.55078125,1
2023-09-25,^NSEI,19678.19921875,19734.150390625,19601.55078125,19674.55078125,188400,48.25676432805924,97.56907895996846,122.73340380620965,-25.164324846241186,19760.73251038922,19631.8741796875,20301.424758385132,19141.36059317737,19721.39267578125,1.5288066889551644e-05,-0.23538961038961037,0.0,19664.69921875,0
2023-09-26,^NSEI,19682.80078125,19699.349609375,19637.44921875,19664.69921875,204900,47.821216676700566,78.224075833994,113.83153821176651,-35.60746237777252,19751.586482614057,19633.8781640625,20288.225800494256,19190.42439481824,19739.32509765625,-0.0005007261720755274,0.08757961783439483,0.0,19716.44921875,1
2023-09-27,^NSEI,19637.05078125,19730.69921875,19554.0,19716.44921875,203600,50.355962927941526,66.30449702208716,104.32612997383065,-38.021632951743484,19748.240076531765,19633.9781640625,20276.213092382335,19239.816985742662,19758.0150390625,0.002631619198663282,-0.006344558321132232,0.0,19523.55078125,0
2023-09-28,^NSEI,19761.80078125,19766.650390625,19492.099609375,19523.55078125,352800,42.1387391050826,40.8222793258974,91.625359844244,-50.803080518346604,19726.84109602874,19629.4641796875,20262.30063540982,19271.33959896518,19766.8201171875,-0.009783629666773708,0.7328094302554027,0.0,19638.30078125,1
2023-09-29,^NSEI,19581.19921875,19726.25,19551.05078125,19638.30078125,243500,47.615065040459314,29.546213845111197,79.20953064441744,-49.663316799306244,19718.40868509743,19625.5671875,20227.279995195433,19344.810239179566,19786.0451171875,0.005877516917168757,-0.3098072562358276,0.0,19528.75,0
2023-10-03,^NSEI,19622.400390625,19623.19921875,19479.650390625,19528.75,221700,43.39261352618652,11.635886957374169,65.69480190700878,-54.05891494963461,19700.345953183387,19616.5591796875,20218.779171395272,19362.65598485473,19790.717578125,-0.005578424654468894,-0.08952772073921966,0.0,19436.099609375,0
2023-10-04,^NSEI,19446.30078125,19457.80078125,19333.599609375,19436.099609375,277100,40.14981271999886,-9.919937485527043,50.57185402850162,-60.49179151402866,19675.179634725446,19610.381171875,20227.1964408888,19344.9685981737,19786.08251953125,-0.004744307271330683,0.2498872350022554,0.0,19545.75,1
2023-10-05,^NSEI,19521.849609375,19576.94921875,19487.30078125,19545.75,234900,45.35462955011019,-17.94831650078413,36.86781992264447,-54.8161364234286,19662.85300284683,19607.8491796875,20228.70310105619,19340.54689894381,19784.625,0.005641584105285702,-0.15229159148321902,0.0,19653.5,1
2023-10-06,^NSEI,19621.19921875,19675.75,19589.400390625,19653.5,159100,49.95984896992783,-15.438376224978128,26.406580693119952,-41.84495691809808,19661.962240670942,19607.3071875,20227.882918272335,19345.612003602662,19786.7474609375,0.0055127073660514725,-0.3226905065985526,0.0,19512.349609375,0
2023-10-09,^NSEI,19539.44921875,19588.94921875,19480.5,19512.349609375,165100,44.65124841902939,-24.55582311031685,16.214099932432593,-40.76992304274944,19647.713418642757,19601.9881640625,20232.614661713156,19319.410142974342,19776.01240234375,-0.00718194675884698,0.037712130735386484,0.0,19689.849609375,1
2023-10-10,^NSEI,19565.599609375,19717.80078125,19565.44921875,19689.849609375,216600,51.61398189069205,-17.259739352557517,9.519332075434571,-26.779071427992086,19651.726389188683,19602.5871484375,20227.126347170823,19311.88849657918,19769.507421875,0.00909680297624016,0.31193216232586307,0.0,19811.349609375,1
2023-10-11,^NSEI,19767.0,19839.19921875,19756.94921875,19811.349609375,213700,55.72018426939985,-1.654434535481414,7.284578753251374,-8.939013288732788,19666.928600635,19605.893125,20206.49895839295,19314.015885357054,19760.257421875,0.006170692128707245,-0.013388734995383178,0.0,19794.0,0
2023-10-12,^NSEI,19822.69921875,19843.30078125,19772.650390625,19794.0,217900,55.00238975926197,9.206783414196252,7.669019685440349,1.5377637287559027,19679.030638669763,19606.697109375,20184.014006386053,19316.58091548895,19750.2974609375,-0.0008757409120068171,0.019653720168460564,0.0,19751.05078125,0
2023-10-13,^NSEI,19654.55078125,19805.400390625,19635.30078125,19751.05078125,255000,53.176162455402334,14.185215543842787,8.972258857120838,5.212956686721949,19685.88969986788,19607.047109375,20142.579012389007,19326.12098761099,19734.35,-0.0021698099802970328,0.17026158788435053,0.0,19731.75,0
2023-10-16,^NSEI,19737.25,19781.30078125,19691.849609375,19731.75,181000,52.335209801564304,16.384378217568155,10.454682729210301,5.929695488357854,19690.25734749951,19611.15109375,20087.371026282235,19344.194012780266,19715.78251953125,-0.0009772027556287366,-0.2901960784313725,0.0,19811.5,1
2023-10-17,^NSEI,19843.19921875,19849.75,19775.650390625,19811.5,185800,55.46891620131627,24.282475717292982,13.220241326826837,11.062234390466145,19701.80426678527,19619.7480859375,20001.75919106585,19391.720887059153,19696.7400390625,0.004041709427698992,0.026519337016574607,0.0,19671.099609375,0
2023-10-18,^NSEI,19820.44921875,19840.94921875,19659.94921875,19671.099609375,198900,49.32116538337941,18.993689312890638,14.374930924039598,4.61875838885104,19698.880013698577,19622.830078125,19903.66218225594,19443.597778681564,19673.62998046875,-0.007086812741337156,0.07050592034445646,0.0,19624.69921875,0
2023-10-19,^NSEI,19545.19921875,19681.80078125,19512.349609375,19624.69921875,230300,47.44946678020663,10.93214527881355,13.68637379499439,-2.7542285161808397,19691.815176084427,19623.378046875,19865.348200646746,19454.241643103254,19659.794921875,-0.0023588102112444,0.15786827551533444,0.0,19542.650390625,0
2023-10-20,^NSEI,19542.150390625,19593.80078125,19518.69921875,19542.650390625,198300,44.2515544967253,-2.0536677638883702,10.538365483217838,-12.592033247106208,19677.60900604067,19622.8140625,19857.739914500784,19441.880007374213,19649.8099609375,-0.004180896084593599,-0.13894919669995653,0.0,19281.75,0
2023-10-23,^NSEI,19521.599609375,19556.849609375,19257.849609375,19281.75,176000,35.95369974983335,-33.01690096384846,1.8273121938045787,-34.84421315765304,19639.90814832251,19615.798046875,19892.231649441692,19368.138272433305,19630.1849609375,-0.013350307425555652,-0.11245587493696418,0.0,19122.150390625,0
2023-10-25,^NSEI,19286.44921875,19347.30078125,19074.150390625,19122.150390625,225300,32.00060467459302,-69.6311761451434,-12.464385473985018,-57.16679067115838,19590.59788568465,19607.3790625,19944.388236054965,19260.741646757535,19602.56494140625,-0.008277236732921023,0.2801136363636363,0.0,18857.25,0
2023-10-26,^NSEI,19027.25,19041.69921875,18837.849609375,18857.25,300400,26.744503967375977,-118.6557114949319,-33.70265067817439,-84.9530608167575,19520.75522990516,19595.958046875,20031.926619156122,19092.45834178138,19562.19248046875,-0.013853064912347501,0.33333333333333326,0.0,19047.25,1
2023-10-27,^NSEI,18928.75,19076.150390625,18926.650390625,19047.25,205200,34.992098896457904,-140.55635074055317,-55.07339069065015,-85.48296004990303,19475.659493723717,19588.21203125,20042.975660936005,19014.4893781265,19528.73251953125,0.010075700327460302,-0.3169107856191744,0.0,19140.900390625,1
2023-10-30,^NSEI,19053.400390625,19158.5,18940.0,19140.900390625,180100,38.65803960347292,-148.64250302568325,-73.78721315765677,-74.85528986802649,19443.77767438098,19581.7300390625,20050.94940401504,18968.25059598496,19509.6,0.004916740769664862,-0.12231968810916183,0.0,19079.599609375,0
2023-10-31,^NSEI,19232.94921875,19233.69921875,19056.44921875,19079.599609375,206000,37.180053331828645,-158.17396667613866,-90.66456386135314,-67.50940281478552,19409.094049142317,19576.01703125,20050.527838949714,18912.802043862783,19481.66494140625,-0.0032026069828995363,0.14380899500277633,0.0,18989.150390625,0
2023-11-01,^NSEI,19064.05078125,19096.05078125,18973.69921875,18989.150390625,194100,35.05068598746803,-171.05440759400517,-106.74253260788356,-64.31187498612161,19369.099414997814,19569.59703125,20061.944406985775,18847.425514889223,19454.6849609375,-0.004740624572936891,-0.05776699029126209,0.0,19133.25,1
2023-11-02,^NSEI,19120.0,19175.25,19064.150390625,19133.25,245600,40.861701966066924,-167.70145762117681,-118.93431761054222,-48.76714001063459,19346.637565950405,19564.3900390625,20062.79352115774,18816.29143977976,19439.54248046875,0.007588523257266999,0.265327150953117,0.0,19230.599609375,1
2023-11-03,^NSEI,19241.0,19276.25,19210.900390625,19230.599609375,189500,44.475924820265675,-155.39759398723618,-126.22697288588103,-29.170621101355152,19335.586331990842,19561.073046875,20051.418675191268,18796.151246683734,19423.7849609375,0.005087980838331285,-0.22842019543973946,0.0,19411.75,1
2023-11-06,^NSEI,19345.849609375,19423.0,19309.69921875,19411.75,180700,50.53409924242733,-129.5361586231811,-126.88881003334104,-2.647348589840064,19342.84001465838,19560.428046875,20030.417766783066,18792.977155091932,19411.6974609375,0.00941990339899168,-0.04643799472295518,0.0,19406.69921875,0
2023-11-07,^NSEI,19404.05078125,19423.5,19329.099609375,19406.69921875,198700,50.36908233410529,-108.20106607444541,-123.15126124156193,14.950195167116519,19348.92184361949,19560.828046875,20023.409286844857,18789.42059596764,19406.41494140625,-0.000260191958478706,0.09961261759822904,0.0,19443.5,1
2023-11-08,^NSEI,19449.599609375,19464.400390625,19401.5,19443.5,195000,51.60899673939105,-87.3168022846985,-115.98436945018925,28.667567165490752,19357.929287084302,19564.38203125,19997.656206310054,18790.538715564948,19394.0974609375,0.0018962926582819506,-0.01862103673880222,0.0,19395.30078125,0
2023-11-09,^NSEI,19457.400390625,19463.900390625,19378.349609375,19395.30078125,208400,49.8523177826047,-73.80437599889046,-107.5483707599295,33.74399476103903,19361.488477004845,19566.16703125,19945.774374060875,18800.815665001628,19373.29501953125,-0.002478937369815082,0.06871794871794878,0.0,19425.349609375,1
2023-11-10,^NSEI,19351.849609375,19451.30078125,19329.44921875,19425.349609375,152200,50.97272768323026,-59.979584203749255,-98.03461344869346,38.05502924494421,19367.570489611528,19567.821015625,19894.785624346503,18814.939375653496,19354.8625,0.001549283945833313,-0.2696737044145874,0.0,19443.55078125,1
2023-11-13,^NSEI,19486.75,19494.400390625,19414.75,19443.55078125,189300,51.6769933477397,-47.01272126079493,-87.83023501111377,40.81751375031884,19374.80670786281,19569.743046875,19850.125834940038,18828.84916505996,19339.4875,0.0009369804014345284,0.24375821287779242,0.0,19675.44921875,1
2023-11-15,^NSEI,19651.400390625,19693.19921875,19579.650390625,19675.44921875,291500,59.63320316961584,-17.81871999482246,-73.82793200785552,56.009212013033064,19403.4393279473,19578.176015625,19839.18603572179,18834.158886153215,19336.6724609375,0.011926753508604282,0.5398837823560485,0.0,19765.19921875,1
2023-11-16,^NSEI,19674.69921875,19875.25,19627.0,19765.19921875,282700,62.225430702492204,12.416679515496071,-56.57900970318521,68.99568921868128,19437.89265088089,19584.773984375,19828.455846564724,18840.258997185276,19334.357421875,0.004561522280999375,-0.030188679245283012,0.0,19731.80078125,0
2023-11-17,^NSEI,19674.75,19806.0,19667.44921875,19731.80078125,236800,60.664232953236336,33.299619393772446,-38.60328388379368,71.90290327756612,19465.883901392233,19588.833984375,19840.39306851214,18834.391892425356,19337.39248046875,-0.0016897597201204206,-0.1623629288998939,0.0,19694.0,0
2023-11-20,^NSEI,19731.150390625,19756.44921875,19670.5,19694.0,173800,58.86411914053223,46.265967296767485,-21.62943364768145,67.89540094444894,19487.609244116782,19591.2159765625,19852.605814901217,18829.109224161286,19340.85751953125,-0.0019157289123818977,-0.26604729729729726,0.0,19783.400390625,1
2023-11-21,^NSEI,19770.900390625,19829.099609375,19754.05078125,19783.400390625,195000,61.754598065154624,63.02919448091416,-4.6977080219623275,67.72690250287648,19515.779829498515,19594.66296875,19893.57188992187,18812.21814914063,19352.89501953125,0.0045394734754240496,0.12197928653624857,0.0,19811.849609375,1
2023-11-22,^NSEI,19784.0,19825.55078125,19703.849609375,19811.849609375,184500,62.653908786280844,77.71394896159109,11.784623374748355,65.92932558684274,19543.976951391516,19596.3589453125,19954.41040213523,18804.389597864774,19379.4,0.0014380348265852216,-0.05384615384615388,0.0,19802.0,0
2023-11-23,^NSEI,19828.44921875,19875.150390625,19786.75,19802.0,170000,62.10937970438906,87.54774561070735,26.937247821940154,60.6104977887672,19568.550575068515,19595.9999609375,20003.72940743955,18823.055553497947,19413.39248046875,-0.0004971574875239915,-0.07859078590785906,0.0,19794.69921875,0
2023-11-24,^NSEI,19809.599609375,19832.849609375,19768.849609375,19794.69921875,145900,61.68145972496297,93.67219353396649,40.284236964345425,53.38795656962107,19590.08854113342,19591.966953125,20014.277261651336,18906.252621161166,19460.26494140625,-0.00036868908443588033,-0.1417647058823529,0.0,19889.69921875,1
2023-11-28,^NSEI,19844.650390625,19916.849609375,19800.0,19889.69921875,229600,65.05530795465995,104.98140836234597,53.22367124394554,51.757737118400435,19618.62289138262,19589.896953125,20052.47733632565,18952.29746836185,19502.38740234375,0.004799264638990497,0.5736806031528443,0.0,20096.599609375,1
2023-11-29,^NSEI,19976.55078125,20104.650390625,19956.30078125,20096.599609375,236200,71.03652590038214,129.15040945025248,68.40901888520693,60.74139056504555,19664.14448357237,19590.4289453125,20131.505643740704,18968.839082821796,19550.17236328125,0.010402389113554511,0.028745644599303066,0.0,20133.150390625,1
2023-11-30,^NSEI,20108.5,20158.69921875,20015.849609375,20133.150390625,486600,71.94992885921963,149.53016881314034,84.63324887079362,64.89691994234671,19708.811712815477,19591.0299609375,20194.908702812398,19010.791101875104,19602.84990234375,0.0018187545137213768,1.0601185436071128,0.0,20267.900390625,1
2023-12-01,^NSEI,20194.099609375,20291.55078125,20183.69921875,20267.900390625,265800,75.07118997435254,174.5424569884708,102.61509049432907,71.92736649414174,19762.058253559244,19592.5409765625,20256.12145009871,19077.45335458879,19666.78740234375,0.0066929416105065975,-0.4537607891491985,0.0,20686.80078125,1
2023-12-04,^NSEI,20601.94921875,20702.650390625,20507.75,20686.80078125,381100,81.83734726145401,225.56644661172322,127.2053617178079,98.36108489391532,19850.128970482172,19603.6109765625,20433.182914333953,19055.74696847855,19744.46494140625,0.020668169003769332,0.43378480060195646,0.0,20855.099609375,1
2023-12-05,^NSEI,20808.900390625,20864.05078125,20711.150390625,20855.099609375,421000,83.74611361502444,276.3974966044516,157.04378869513664,119.35370790931495,19945.840459900537,19622.6849609375,20626.834623083505,19024.545259728995,19825.68994140625,0.008135565760247543,0.1046969299396483,0.0,20937.69921875,1
2023-12-06,^NSEI,20950.75,20961.94921875,20852.150390625,20937.69921875,359200,84.60144618825196,319.6617069294771,189.56737234200475,130.09433458747233,20040.30319883858,19646.591953125,20813.903660757405,18990.071143930098,19901.98740234375,0.003960643244200535,-0.14679334916864606,0.0,20901.150390625,0
2023-12-07,^NSEI,20932.400390625,20941.25,20850.80078125,20901.150390625,275000,82.5318783460099,346.9997235225346,221.05384257811073,125.94588094442389,20122.288645675384,19671.1299609375,20956.434757896674,18996.985163978326,19976.7099609375,-0.0017455990623970186,-0.23440979955456576,0.0,20969.400390625,1
2023-12-08,^NSEI,20934.099609375,21006.099609375,20862.69921875,20969.400390625,292400,83.35092002498237,369.9084291322215,250.8247598889329,119.0836692432886,20202.965954718205,19697.026953125,21090.695321131923,19015.31463980558,20053.00498046875,0.003265370504707432,0.06327272727272737,0.0,20997.099609375,1
2023-12-11,^NSEI,20965.30078125,21026.099609375,20923.69921875,20997.099609375,212900,83.6852609005358,385.8509888220651,277.8300056755594,108.02098314650573,20278.597731352183,19723.6749609375,21202.156014226493,19064.033829523505,20133.094921875,0.001320935183362959,-0.2718878248974008,0.0,20906.400390625,0
2023-12-12,^NSEI,21018.55078125,21037.900390625,20867.150390625,20906.400390625,244900,78.15106121698062,386.70917068650306,299.6058386777481,87.10333200875493,20338.38846080674,19747.473984375,21275.03139149361,19139.26353038139,20207.1474609375,-0.004319607014175553,0.15030530765617667,0.0,20926.349609375,1
2023-12-13,^NSEI,20929.75,20950.0,20769.5,20926.349609375,260300,78.48803259322126,384.56598394854154,316.59786773190683,67.96811621663471,20394.384760670382,19775.5299609375,21332.583523191995,19229.991281495506,20281.28740234375,0.0009542158562574343,0.06288280930992252,0.0,21182.69921875,1
2023-12-14,^NSEI,21110.400390625,21210.900390625,21074.44921875,21182.69921875,334400,82.27175925566209,398.9538721928948,333.06906862410443,65.88480356879035,20469.462328106536,19806.4179296875,21439.05748717347,19274.24231751403,20356.64990234375,0.012250087289956912,0.2846715328467153,0.0,21456.650390625,1
2023-12-15,^NSEI,21287.44921875,21492.30078125,21235.30078125,21456.650390625,508800,85.2562644700437,427.5336060701702,351.9619761133176,75.57162995685263,20563.480238822583,19844.9759375,21587.97157981558,19294.47334205942,20441.2224609375,0.012932779200891975,0.5215311004784688,0.0,21418.650390625,0
2023-12-18,^NSEI,21434.80078125,21482.80078125,21365.349609375,21418.650390625,249700,83.16484286525403,442.0216185829122,369.97390460723653,72.04771397567566,20644.92501518472,19884.626953125,21699.019743784982,19352.110139027518,20525.56494140625,-0.0017710126840955187,-0.5092374213836478,0.0,21453.099609375,1
2023-12-19,^NSEI,21477.650390625,21505.05078125,21337.75,21453.099609375,249800,83.55860541310136,451.08342796089346,386.19580927796795,64.8876186829255,20721.894024155223,19922.7739453125,21788.17558230076,19438.86426144924,20613.519921875,0.0016083748565725031,0.0004004805766919528,0.0,21150.150390625,0
2023-12-20,^NSEI,21543.5,21593.0,21087.349609375,21150.150390625,363900,68.4060212173296,428.87569503240593,394.73178642885557,34.14390860355036,20762.680344771394,19952.706953125,21813.63064549841,19550.08419825159,20681.857421875,-0.01412146609423337,0.4567654123298639,0.0,21255.05078125,1
2023-12-21,^NSEI,21033.94921875,21288.349609375,20976.80078125,21255.05078125,277500,70.4071466723242,414.95712409803673,398.7768539626918,16.180270135344927,20809.572767293164,19987.5609765625,21837.719349143914,19670.315611793583,20754.01748046875,0.004959794076523361,-0.23742786479802147,0.0,21349.400390625,1
2023-12-22,^NSEI,21295.849609375,21390.5,21232.44921875,21349.400390625,284700,72.11773583457811,406.84986928081344,400.3914570263162,6.4584122544972615,20860.984921896197,20020.7519921875,21851.237472201115,19811.537527798886,20831.3875,0.004438926556610712,0.025945945945945903,0.0,21441.349609375,1
2023-12-26,^NSEI,21365.19921875,21477.150390625,21329.44921875,21441.349609375,219500,73.71251492943739,403.1965461273685,400.9524748465267,2.2440712808418084,20916.25774927513,20053.3519921875,21847.767998592073,19979.67204047043,20913.72001953125,0.004306875934107168,-0.2290129961362838,0.0,21654.75,1
2023-12-27,^NSEI,21497.650390625,21675.75,21495.80078125,21654.75,256500,77.00045299838342,412.7628164572634,403.31454316867405,9.448273288589348,20986.59034458226,20090.5669921875,21863.014340906248,20140.93077628125,21001.97255859375,0.0099527499207277,0.16856492027334857,0.0,21778.69921875,1
2023-12-28,^NSEI,21715.0,21801.44921875,21678.0,21778.69921875,393100,78.66928731858106,425.44159480453527,407.7399534958463,17.701641308688977,21062.029284979184,20131.1199609375,21904.502358708993,20267.652719416004,21086.0775390625,0.005723881307796219,0.5325536062378167,0.0,21731.400390625,0
2023-12-29,^NSEI,21737.650390625,21770.30078125,21676.900390625,21731.400390625,270900,76.39141302202518,426.7536474506378,411.5426922868046,15.210955163833205,21125.778914088307,20171.11296875,21904.873955041407,20427.106123083595,21165.9900390625,-0.0021717930740454694,-0.3108623759857543,0.0,21741.900390625,1
2024-01-01,^NSEI,21727.75,21834.349609375,21680.849609375,21741.900390625,154000,76.55371439392178,423.75592633347696,413.9853390961391,9.77058723733785,21184.457149948943,20209.7209765625,21894.857364692827,20584.522713432176,21239.6900390625,0.00048317180721269004,-0.4315245478036176,0.0,21665.80078125,0
2024-01-02,^NSEI,21751.349609375,21755.599609375,21555.650390625,21665.80078125,263700,72.65522071294102,410.5075329572537,413.2897778683621,-2.7822449111083642,21230.299400549044,20249.615,21917.00027110637,20660.279807018625,21288.6400390625,-0.003500136051024061,0.7123376623376623,0.0,21517.349609375,0
2024-01-03,^NSEI,21661.099609375,21677.0,21500.349609375,21517.349609375,311900,65.63352240620021,383.607330328221,407.3532883603339,-23.745958032112924,21257.637515675327,20287.4680078125,21924.51367190454,20718.991406220463,21321.7525390625,-0.00685186637566948,0.18278346605991658,0.0,21658.599609375,1
2024-01-04,^NSEI,21605.80078125,21685.650390625,21564.55078125,21658.599609375,339200,68.7301608177068,369.4278857575773,399.76820783978263,-30.34032208220532,21295.82438174196,20329.7869921875,21950.518242153896,20765.076875033603,21357.79755859375,0.006564470186349425,0.08752805386341778,0.0,21710.80078125,1
2024-01-05,^NSEI,21705.75,21749.599609375,21629.19921875,21710.80078125,309300,69.81273032319764,358.27282596424993,391.46913146467614,-33.196305500426206,21335.34594359987,20378.3680078125,21970.97493492746,20825.58522132254,21398.280078125,0.002410182228605562,-0.08814858490566035,0.0,21513.0,0
2024-01-08,^NSEI,21747.599609375,21763.94921875,21492.900390625,21513.0,231500,61.17087018001132,329.67124584452904,379.10955434064675,-49.43830849611771,21352.26537754274,20426.185,21964.782752794403,20886.1373643931,21425.46005859375,-0.00911070868564301,-0.25153572583252504,0.0,21544.849609375,1
2024-01-09,^NSEI,21653.599609375,21724.44921875,21517.849609375,21544.849609375,228600,61.98682763772817,306.04637275677305,364.496918023872,-58.45054526709896,21370.606732955337,20479.9369921875,21956.852425565317,20948.84269162218,21452.84755859375,0.0014804820050666745,-0.012526997840172749,0.0,21618.69921875,1
2024-01-10,^NSEI,21529.30078125,21641.849609375,21448.650390625,21618.69921875,217000,63.88205644427049,289.94028578338475,349.5855915757746,-59.64530579238982,21394.234588745305,20531.3659765625,21929.742074515594,21047.18292548441,21488.4625,0.0034277152411805734,-0.05074365704286965,0.0,21647.19921875,1
2024-01-11,^NSEI,21688.0,21726.5,21593.75,21647.19921875,212500,64.61526053140832,276.2908981457331,334.92665288976633,-58.63575474403325,21418.32645826956,20581.491953125,21886.96423349708,21162.04572744042,21524.50498046875,0.0013183031833516878,-0.020737327188940058,0.0,21894.55078125,1
2024-01-12,^NSEI,21773.55078125,21928.25,21715.150390625,21894.55078125,294700,70.25839877987254,282.1800678239779,324.37733587660864,-42.19726805263076,21463.681155696268,20637.7909765625,21921.109922401232,21199.085194786265,21560.09755859375,0.011426492637705898,0.3868235294117648,0.0,22097.44921875,1
2024-01-15,^NSEI,22053.150390625,22115.55078125,21963.55078125,22097.44921875,345500,73.93102974833583,299.7639927248929,319.4546672462655,-19.690674521372614,21524.040018844244,20699.956953125,22018.556066039284,21165.718933960718,21592.1375,0.009267074694848665,0.172378690193417,0.0,22032.30078125,0
2024-01-16,^NSEI,22080.5,22124.150390625,21969.80078125,22032.30078125,292400,70.90348539016036,304.9274318327334,316.5492201635591,-11.621788330825666,21572.445805740033,20757.93796875,22081.945615476583,21163.694423585916,21622.82001953125,-0.0029482333845447517,-0.1536903039073806,0.0,21571.94921875,0
2024-01-17,^NSEI,21647.25,21851.5,21550.44921875,21571.94921875,456000,54.05768933842763,268.7747032781044,306.9943167864682,-38.21961350836375,21572.398511740983,20804.7649609375,22081.98609239715,21175.53890760285,21628.7625,-0.020894393512082443,0.5595075239398084,0.0,21462.25,0
2024-01-18,^NSEI,21414.19921875,21539.400390625,21285.55078125,21462.25,387300,50.9511521306944,228.6360215384011,291.32265773685475,-62.68663619845364,21561.90817728946,20845.7749609375,22049.545139436806,21239.189821500695,21644.36748046875,-0.0050852715087356115,-0.1506578947368421,0.0,21622.400390625,1
2024-01-19,^NSEI,21615.19921875,21670.599609375,21575.0,21622.400390625,343100,55.01550221348157,207.35832744418076,274.52979167831995,-67.1714642341392,21567.669340464276,20890.088984375,22026.881209196195,21298.588712678807,21662.7349609375,0.00746195718645537,-0.11412341853860053,0.0,21238.80078125,0
2024-01-23,^NSEI,21716.69921875,21750.25,21192.599609375,21238.80078125,449700,45.32704652374941,157.72417289093937,251.16866792084386,-93.44449502990449,21536.34852530101,20925.995,22042.936097356953,21271.473863580544,21657.20498046875,-0.01774084294273448,0.31069658991547655,0.0,21453.94921875,1
2024-01-24,^NSEI,21185.25,21482.349609375,21137.19921875,21453.94921875,407500,50.583427324569804,134.20242661257726,227.77541965919056,-93.5729930466133,21528.500972296155,20967.16796875,22042.192580508945,21273.477341366055,21657.8349609375,0.010129971071150878,-0.0938403380031132,0.0,21352.599609375,0
2024-01-25,^NSEI,21454.599609375,21459.0,21247.05078125,21352.599609375,418100,48.23103665809984,106.15946651143531,203.4522290296395,-97.2927625182042,21511.74846154176,21005.71296875,22049.482468061084,21235.972414751413,21642.72744140625,-0.004724053755400193,0.026012269938650245,0.0,21737.599609375,1
2024-01-29,^NSEI,21433.099609375,21763.25,21429.599609375,21737.599609375,376700,56.50580471680411,113.69094259730628,185.4999717431729,-71.80902914586662,21533.258094668734,21051.5939453125,22045.067367846925,21236.277554028078,21640.6724609375,0.018030591452244726,-0.09901937335565658,0.0,21522.099609375,0
2024-01-30,^NSEI,21775.75,21813.05078125,21501.80078125,21522.099609375,375100,51.53987102072627,101.10516525606727,168.62101044575178,-67.51584518968451,21532.195381783615,21088.526953125,22035.500853038662,21224.913990711335,21630.207421875,-0.009913698102483215,-0.004247411733474871,0.0,21725.69921875,1
2024-01-31,^NSEI,21487.25,21741.349609375,21448.849609375,21725.69921875,410600,55.517391702452926,106.33388215816376,156.1635847882342,-49.82970263007044,21550.624318637554,21127.736953125,22033.85850278066,21224.93622378184,21629.39736328125,0.009460025419002926,0.09464142895227945,0.0,21697.44921875,0
2024-02-01,^NSEI,21780.650390625,21832.94921875,21658.75,21697.44921875,332500,54.84474181746259,106.96511184318297,146.32389019922397,-39.358778356041,21564.607642457784,21167.049921875,22036.245088837415,21225.714481475086,21630.97978515625,-0.0013003033741542103,-0.19020944958597175,0.0,21853.80078125,1
2024-02-02,^NSEI,21812.75,22126.80078125,21805.55078125,21853.80078125,442800,57.88601095617579,118.71317869791164,140.8017478989615,-22.088569201049864,21592.14984615228,21210.2459375,22060.664849128796,21234.939838371207,21647.80234375,0.007205988175093214,0.33172932330827076,0.0,21771.69921875,0
2024-02-05,^NSEI,21921.05078125,21964.30078125,21726.94921875,21771.69921875,440800,55.7621790456102,120.01523545078453,136.64444540932612,-16.629209958541594,21609.249786399683,21250.0119140625,22069.83972546694,21237.07492297056,21653.45732421875,-0.0037568550808078083,-0.004516711833784992,0.0,21929.400390625,1
2024-02-06,^NSEI,21825.19921875,21951.400390625,21737.55078125,21929.400390625,371000,58.88278138604727,132.24782085743936,135.7651204989488,-3.5172996415094246,21639.74032013543,21292.3629296875,22097.362716164524,21231.41189321048,21664.3873046875,0.007243402101531293,-0.15834845735027225,0.0,21930.5,1
2024-02-07,^NSEI,22045.05078125,22053.30078125,21860.150390625,21930.5,346300,58.90454979273638,140.41237574604747,136.69457154836854,3.7178041976789302,21667.43171821777,21334.9329296875,22127.19466892539,21243.329940449614,21685.2623046875,5.014315737827957e-05,-0.0665768194070081,0.0,21717.94921875,0
2024-02-08,^NSEI,22009.650390625,22011.05078125,21665.30078125,21717.94921875,491100,53.05723491057712,128.25334787249085,135.00632681319303,-6.752978940702178,21672.242908744647,21373.3979296875,22131.267398546468,21256.567171766033,21693.91728515625,-0.009692017110872975,0.4181345654057176,0.0,21782.5,1
2024-02-09,^NSEI,21727.0,21804.44921875,21629.900390625,21782.5,349200,54.53336269978052,122.41481744025077,132.48802493860458,-10.07320749835381,21682.7435841023,21411.2539453125,22139.651199383396,21264.5634490541,21702.10732421875,0.0029722318898448563,-0.28894318875992675,0.0,21616.05078125,0
2024-02-12,^NSEI,21800.80078125,21831.69921875,21574.75,21616.05078125,287400,50.15386189835925,103.16742922478443,126.62390579584056,-23.45647657105613,21676.391888592556,21441.64296875,22139.085084684713,21262.01472000279,21700.54990234375,-0.0076414194307357075,-0.17697594501718217,0.0,21743.25,1
2024-02-13,^NSEI,21664.30078125,21766.80078125,21543.349609375,21743.25,365800,53.24406112874915,97.05881568873883,120.71088777442021,-23.652072085681382,21682.759327774216,21473.8449609375,22123.009953655568,21262.959772906932,21692.98486328125,0.005884480011507653,0.2727905358385525,0.0,21840.05078125,1
2024-02-14,^NSEI,21578.150390625,21870.849609375,21530.19921875,21840.05078125,359100,55.50478428170207,98.88878118683715,116.3464664569036,-17.45768527006645,21697.73946620048,21505.28796875,22074.914172246194,21285.315710566305,21680.11494140625,0.004451992284961959,-0.018316019682886875,0.0,21910.75,1
2024-02-15,^NSEI,21906.55078125,21953.849609375,21794.80078125,21910.75,345400,57.13495945404046,104.83540087980145,114.04425334148317,-9.208852461681715,21718.0261837052,21529.766953125,22050.269006067847,21297.805798619655,21674.03740234375,0.0032371361888359207,-0.038150932887775046,0.0,22040.69921875,1
2024-02-16,^NSEI,22020.30078125,22068.650390625,21968.94921875,22040.69921875,343900,60.03338448709068,118.66604742409618,114.96861215800578,3.6974352660903946,21748.75694894756,21553.4789453125,22102.6375019158,21292.3123027717,21697.47490234375,0.005930843022260657,-0.004342790966994747,0.0,22122.25,1
2024-02-19,^NSEI,22103.44921875,22186.650390625,22021.05078125,22122.25,0,61.77996669065365,134.65517985994666,118.90592569839396,15.749254161552699,21784.327715714462,21577.1699609375,22160.38344828491,21300.566356402593,21730.47490234375,0.0037000088082788096,-1.0,0.0,22196.94921875,1
2024-02-21,^NSEI,22248.849609375,22249.400390625,21997.94921875,22055.05078125,364500,58.42041430610461,151.84048593000261,130.72495491217938,21.11553101782323,21845.66555214948,21624.7989453125,22223.55113923091,21376.47854826909,21800.01484375,-0.006392700010330099,0.23266824484274595,0.0,22217.44921875,1
2024-02-22,^NSEI,22081.55078125,22252.5,21875.25,22217.44921875,343500,62.065113133705324,163.24816965761784,137.22959786126708,26.018571796350756,21881.07352039715,21649.2059375,22267.668224131015,21408.71146336898,21838.18984375,0.0073633218581414805,-0.057613168724279795,0.0,22212.69921875,0
2024-02-23,^NSEI,22290.0,22297.5,22186.099609375,22212.69921875,226000,61.894218659239264,169.94651822304513,143.7729819336227,26.17353628942243,21912.65692024028,21675.3319140625,22278.618835927584,21483.770812509916,21881.19482421875,-0.0002137959201901074,-0.34206695778748175,0.0,22122.05078125,0
2024-02-26,^NSEI,22169.19921875,22202.150390625,22075.150390625,22122.05078125,207800,58.5792771187351,166.02658526748928,148.22370260039602,17.802882667093257,21932.599192717396,21699.2459375,22305.320111019497,21495.5146546055,21900.4173828125,-0.004080928508836235,-0.08053097345132743,0.0,22198.349609375,1
2024-02-27,^NSEI,22090.19921875,22218.25,22085.650390625,22198.349609375,252200,60.497051573057604,167.14988806992187,152.0089396943012,15.140948375620667,21957.9087562086,21719.5589453125,22319.588071345755,21548.87169427924,21934.2298828125,0.003448994348646428,0.2136669874879693,0.0,21951.150390625,0
2024-02-28,^NSEI,22214.099609375,22229.150390625,21915.849609375,21951.150390625,203000,52.08325707692861,146.4055307861272,150.8882579126664,-4.482727126539203,21957.265102343496,21729.4489453125,22318.80246056871,21572.20242224379,21945.50244140625,-0.011135927809948543,-0.19508326724821567,0.0,21982.80078125,1
2024-02-29,^NSEI,21935.19921875,22060.55078125,21860.650390625,21982.80078125,360200,52.98485343643559,131.00920759898145,146.91244784992944,-15.903240250947988,21959.697071763163,21740.731953125,22315.45358977519,21604.08644928731,21959.77001953125,0.0014418556686905948,0.7743842364532019,0.0,22338.75,1
2024-03-01,^NSEI,22048.30078125,22353.30078125,22047.75,22338.75,351500,61.710509656839214,145.84838827743806,146.69963593543116,-0.851247657993099,21995.79735064286,21758.4449609375,22372.13899999666,21595.895960940838,21984.01748046875,0.016192168700068565,-0.024153248195446952,0.0,22405.599609375,1
2024-03-04,^NSEI,22403.5,22440.900390625,22358.30078125,22405.599609375,298800,63.095771733783515,161.1451694625248,149.5887426408499,11.556426821674904,22034.82613718878,21783.5539453125,22431.826073798173,21599.59892620183,22015.7125,0.0029925402887358565,-0.14992887624466567,0.0,22356.30078125,0
2024-03-05,^NSEI,22371.25,22416.900390625,22269.150390625,22356.30078125,296200,61.33350142837531,167.36074484870915,153.14314308242174,14.217601766287402,22065.442769956513,21805.5789453125,22476.41863101467,21597.69640804783,22037.05751953125,-0.00220029050703785,-0.00870147255689424,0.0,22474.05078125,1
2024-03-06,^NSEI,22327.5,22497.19921875,22224.349609375,22474.05078125,312300,63.92520396791876,179.7164150817698,158.45779748229137,21.25861759947844,22104.357818651133,21828.071953125,22539.63534564642,21588.83477154108,22064.23505859375,0.005266971542034149,0.054355165428764396,0.0,22493.55078125,1
2024-03-07,^NSEI,22505.30078125,22525.650390625,22430.0,22493.55078125,379900,64.35134352828598,188.90428873922065,164.54709573367722,24.357193005543422,22141.42381508912,21849.1159765625,22585.580651919492,21620.449621518008,22103.01513671875,0.0008676673462120199,0.2164585334614153,0.0,22332.650390625,0
2024-03-11,^NSEI,22517.5,22526.599609375,22307.25,22332.650390625,277900,58.23821922694497,181.11465102794682,167.86060679253114,13.254044235415677,22159.63586990206,21862.673984375,22599.39716113597,21661.64815136403,22130.52265625,-0.007153178801771132,-0.26849170834430114,0.0,22335.69921875,1
2024-03-12,^NSEI,22334.44921875,22452.55078125,22256.0,22335.69921875,299200,58.31901787214512,173.19088525241023,168.92666248450698,4.264222767903249,22176.40380788758,21873.813984375,22578.994574867364,21754.015581382635,22166.505078125,0.0001365188668460693,0.07664627563871895,0.0,21997.69921875,0
2024-03-13,^NSEI,22432.19921875,22446.75,21905.650390625,21997.69921875,493300,47.375697203629905,138.04615838836253,162.7505616652781,-24.70440327691557,22159.38432320781,21879.1399609375,22552.550793459668,21805.904284665332,22179.2275390625,-0.015132725270416536,0.6487299465240641,0.0,22146.650390625,1
2024-03-14,^NSEI,21982.55078125,22204.599609375,21917.5,22146.650390625,426700,51.678862060094545,120.82008514429617,154.36446636108172,-33.54438121678555,22158.171567723733,21887.2349609375,22534.607954880226,21854.50708418227,22194.55751953125,0.006771215952804832,-0.135009122237989,0.0,22023.349609375,0
2024-03-15,^NSEI,22064.849609375,22120.900390625,21931.69921875,22023.349609375,661500,48.167600146556296,96.11104708818311,142.713782506502,-46.6027354183189,22145.331381214328,21894.3859375,22524.626400152607,21875.748599847393,22200.1875,-0.005567468627318717,0.5502695101945161,0.0,22055.69921875,1
2024-03-18,^NSEI,21990.099609375,22123.69921875,21916.55078125,22055.69921875,356300,49.143895605785644,78.2374271699955,129.8185114392007,-51.581084269205206,22136.794984789154,21905.1529296875,22523.964465197543,21877.910534802457,22200.9375,0.0014688778023679294,-0.46137566137566133,0.0,21817.44921875,0
2024-03-19,^NSEI,21946.44921875,21978.30078125,21793.099609375,21817.44921875,344200,42.75641252790645,44.33658618372283,112.72212638810514,-68.38554020438231,22106.381102309235,21908.329921875,22548.45315410053,21822.941767774468,22185.6974609375,-0.010802196640288697,-0.033960145944428866,0.0,21839.099609375,1
2024-03-20,^NSEI,21843.900390625,21930.900390625,21710.19921875,21839.099609375,312400,43.475389975761885,18.997934678136517,93.97728804611143,-74.97935336797491,22080.925722029784,21910.8958984375,22560.63041653885,21774.97954439865,22167.80498046875,0.0009923428906801757,-0.09238814642649618,0.0,22011.94921875,1
2024-03-21,^NSEI,21989.900390625,22080.94921875,21941.30078125,22011.94921875,353200,48.98445965107645,12.717786985122075,77.72538783391356,-65.00760084879148,22074.356531241232,21920.8748828125,22561.388133477234,21769.911671210266,22165.64990234375,0.0079146856998078,0.1306017925736236,0.0,22096.75,1
2024-03-22,^NSEI,21932.19921875,22180.69921875,21883.30078125,22096.75,388700,51.48280520710935,14.417245992190146,65.06375946556888,-50.64651347337873,22076.48924255159,21931.912890625,22555.69052767629,21763.53935513621,22159.61494140625,0.0038524885010076115,0.10050962627406568,0.0,22004.69921875,0
2024-03-26,^NSEI,21947.900390625,22073.19921875,21947.55078125,22004.69921875,328400,48.69509550264318,8.241349604650168,53.69927749338514,-45.45792788873497,22069.652097427628,21939.632890625,22550.063314440435,21748.36656837207,22149.21494140625,-0.00416580634029895,-0.1551324929251351,0.0,22123.650390625,1
2024-03-27,^NSEI,22053.94921875,22193.599609375,22052.849609375,22123.650390625,409100,52.29025659040486,12.797748201544891,45.518971635017095,-32.721223433472204,22074.794792017856,21949.1619140625,22550.12222073148,21748.46762301852,22149.294921875,0.005405716783151604,0.24573690621193656,0.0,22326.900390625,1
2024-03-28,^NSEI,22163.599609375,22516.0,22163.599609375,22326.900390625,410500,57.73954898180186,32.43540809140177,42.90225892629403,-10.466850834892263,22098.80484902806,21957.80890625,22563.551761635503,21747.8931602395,22155.7224609375,0.009187001078543977,0.0034221461745294057,0.0,22462.0,1
2024-04-01,^NSEI,22455.0,22529.94921875,22427.75,22462.0,0,60.933619013425925,58.22858159523457,45.96752346008215,12.261058135152425,22133.39486340634,21965.099921875,22598.52541769209,21764.00446512041,22181.26494140625,0.006050979178091831,-1.0,0.0,22453.30078125,0
2024-04-03,^NSEI,22385.69921875,22521.099609375,22346.5,22434.650390625,309600,59.89492903454835,89.48234621929805,59.64838506838606,29.83396115091199,22189.651455291245,21990.7739453125,22640.516318050188,21778.653603824812,22209.5849609375,-0.0008306302403686683,0.0694300518134714,0.0,22514.650390625,1
2024-04-04,^NSEI,22592.099609375,22619.0,22303.80078125,22514.650390625,401000,61.98375633327681,104.56179439056359,68.63106693282157,35.93072745774202,22220.60373484684,22011.821953125,22658.33373121761,21771.741268782385,22215.0375,0.003565912488363576,0.295219638242894,0.0,22513.69921875,0
2024-04-05,^NSEI,22486.400390625,22537.599609375,22427.599609375,22513.69921875,242200,61.942447274292704,115.10871250178025,77.92659604661331,37.182116455166934,22248.517590456664,22029.6479296875,22681.287730629538,21764.52711312046,22222.907421875,-4.224679746289706e-05,-0.39600997506234414,0.0,22666.30078125,1
2024-04-08,^NSEI,22578.349609375,22697.30078125,22550.349609375,22666.30078125,227600,65.87216058799416,134.2335312498617,89.18798308726299,45.045548162598706,22288.306465770314,22058.1979296875,22718.77895126658,21746.260892483417,22232.519921875,0.006778164752814453,-0.06028075970272506,0.0,22642.75,0
2024-04-09,^NSEI,22765.099609375,22768.400390625,22612.25,22642.75,232400,64.76077925524146,145.80894194992652,100.5121748597957,45.296767090130814,22322.06299283981,22081.9739453125,22746.196793915402,21733.762971709595,22239.9798828125,-0.0010390218270411866,0.02108963093145877,0.0,22753.80078125,1
2024-04-10,^NSEI,22720.25,22775.69921875,22673.69921875,22753.80078125,276800,67.54169605224791,162.07510733373783,112.82476135458413,49.25034597915371,22363.1808774503,22109.99796875,22813.818283979424,21708.256520708077,22261.03740234375,0.0049044741142307835,0.1910499139414803,0.0,22519.400390625,0
2024-04-12,^NSEI,22677.400390625,22726.44921875,22503.75,22519.400390625,357200,57.26863383472346,154.2736375722343,121.11453659811417,33.15910097412012,22378.05892632408,22125.633984375,22833.662476620924,21706.782445254077,22270.2224609375,-0.010301592814249916,0.29046242774566466,0.0,22272.5,0
2024-04-15,^NSEI,22339.05078125,22427.44921875,22259.55078125,22272.5,355500,48.84174512238957,126.70751315000962,122.23313190849326,4.474381241516355,22368.005695245596,22140.6419921875,22833.377416533895,21734.54758346611,22283.9625,-0.010963897188301042,-0.004759238521836462,0.0,22147.900390625,0
2024-04-16,^NSEI,22125.30078125,22213.75,22079.44921875,22147.900390625,317300,45.22507176113857,93.72659197846951,116.53182392248851,-22.805231944019,22347.043285281732,22149.086015625,22833.377702123376,21734.672297876627,22284.025,-0.005594325260972033,-0.10745428973277071,0.0,21995.849609375,0
2024-04-18,^NSEI,22212.349609375,22326.5,21961.69921875,21995.849609375,456900,41.21434416419808,54.68932256226253,104.16332365044332,-49.474001088180785,22313.596268528712,22155.0540234375,22834.736504206663,21730.56349579334,22282.65,-0.0068652458503182245,0.4399621809013552,0.0,22147.0,1
2024-04-19,^NSEI,21861.5,22179.55078125,21777.650390625,22147.0,362500,46.311527460659455,35.538908197006094,90.43844055975589,-54.899532362749795,22297.729957240263,22160.9180078125,22833.195810590732,21741.234267534266,22287.2150390625,0.0068717686886063944,-0.2066097614357627,0.0,22336.400390625,1
2024-04-22,^NSEI,22336.900390625,22375.650390625,22198.150390625,22336.400390625,279300,51.9354582737475,35.238883565285505,79.39852916086181,-44.15964559557631,22301.412855657858,22172.21203125,22814.90930094941,21811.41589436309,22313.16259765625,0.008551965982977361,-0.2295172413793104,0.0,22368.0,1
2024-04-23,^NSEI,22447.05078125,22447.55078125,22349.44921875,22368.0,231500,52.82337315229558,37.123005373017804,70.94342440329301,-33.820419030275204,22307.75448845235,22180.9840234375,22791.942319372793,21887.272915002206,22339.6076171875,0.0014147135985376202,-0.17114214106695314,0.0,22402.400390625,1
2024-04-24,^NSEI,22421.55078125,22476.44921875,22384.0,22402.400390625,235900,53.823452208846874,40.920305695341085,64.93880066170263,-24.018494966361544,22316.768383897364,22190.42203125,22786.2118341216,21932.0485174409,22359.13017578125,0.0015379287654238016,0.01900647948164136,0.0,22570.349609375,1
2024-04-25,^NSEI,22316.900390625,22625.94921875,22305.25,22570.349609375,475000,58.45403444127246,56.82672874621858,63.31638627860582,-6.489657532387241,22340.9189768,22207.4700390625,22801.51032998734,21964.109982512662,22382.81015625,0.0074969296067168845,1.013565069944892,0.0,22419.94921875,0
2024-04-26,^NSEI,22620.400390625,22620.400390625,22385.55078125,22419.94921875,329900,53.299462248573725,56.64367600122205,61.981844223129066,-5.338168221907019,22348.445666509524,22220.2190234375,22784.712782245584,22022.432530254413,22403.57265625,-0.006663626980883297,-0.30547368421052634,0.0,22643.400390625,1
2024-04-29,^NSEI,22475.55078125,22655.80078125,22441.900390625,22643.400390625,292000,59.07375025230883,73.67991133917167,64.32145764633759,9.358453692834075,22376.53659261576,22240.766015625,22801.57973704582,22057.540575454183,22429.56015625,0.00996662256880243,-0.11488329796908159,0.0,22604.849609375,0
2024-04-30,^NSEI,22679.650390625,22783.349609375,22568.400390625,22604.849609375,361900,57.747143221516986,83.11245606161901,68.07965732939388,15.032798732225132,22398.280689449974,22257.9980078125,22819.83971531811,22067.075519056893,22443.4576171875,-0.00170251731563964,0.23938356164383556,0.0,22648.19921875,1
2024-05-02,^NSEI,22567.849609375,22710.5,22567.849609375,22648.19921875,445900,58.86577652129928,93.01356442892939,73.06643874930099,19.9471256796284,22422.082454145217,22274.1609765625,22839.5903320997,22065.9448241503,22452.767578125,0.0019177127972140884,0.23210831721470027,0.0,22475.849609375,0
2024-05-03,^NSEI,22766.349609375,22794.69921875,22348.05078125,22475.849609375,438100,52.87241330610488,85.9621726363257,75.64558552670593,10.316587109619775,22427.203135595675,22285.46296875,22840.84883805264,22066.94120100986,22453.89501953125,-0.007609859296553445,-0.017492711370262426,0.0,22442.69921875,0
2024-05-06,^NSEI,22561.599609375,22588.80078125,22409.44921875,22442.69921875,320300,51.78037975394463,76.81347642261971,75.87916370588869,0.9343127167310286,22428.678953038943,22293.50296875,22841.187119463833,22067.40780241117,22454.2974609375,-0.0014749338156797576,-0.26888838164802553,0.0,22302.5,0
2024-05-07,^NSEI,22489.75,22499.05078125,22232.05078125,22302.5,297800,47.32823961518826,57.58634397401693,72.22059975951433,-14.634255785497402,22416.661909892377,22297.10796875,22834.987179573396,22052.392703239104,22443.68994140625,-0.006246985595782073,-0.07024664377146428,0.0,22302.5,0
2024-05-08,^NSEI,22231.19921875,22368.650390625,22185.19921875,22302.5,277400,47.32823961518826,41.86609668267192,66.14969914414586,-24.283602461473933,22405.789347045484,22299.218984375,22827.6856009144,22038.574360023104,22433.12998046875,0.0,-0.06850235057085297,0.0,21957.5,0
2024-05-09,^NSEI,22224.80078125,22307.75,21932.400390625,21957.5,331300,38.00292508922322,1.5511895833806193,53.22999723199281,-51.67880764861219,22363.095123517345,22297.26796875,22827.830852442374,21967.549030370126,22397.68994140625,-0.01546911781190452,0.19430425378514782,0.0,22055.19921875,1
2024-05-10,^NSEI,21990.94921875,22131.30078125,21950.30078125,22055.19921875,265800,41.51714078282198,-22.25857134436592,38.13228351672107,-60.390854861086986,22333.771704015693,22294.02296875,22807.6506964851,21928.974108202397,22368.31240234375,0.0044494691449390444,-0.19770600664050708,0.0,22104.05078125,1
2024-05-13,^NSEI,22027.94921875,22131.650390625,21821.05078125,22104.05078125,278200,43.24934907430226,-36.7622927681623,23.153368259744397,-59.915661027906694,22311.89352089515,22291.85,22751.80923966463,21919.840565022867,22335.82490234375,0.0022149680905385605,0.04665161775771254,0.0,22217.849609375,1
2024-05-14,^NSEI,22112.900390625,22270.05078125,22081.25,22217.849609375,230200,47.17452343964414,-38.62869457149645,10.796955693496226,-49.42565026499268,22302.93695789323,22293.7659765625,22730.841598951836,21910.653127610665,22320.74736328125,0.005148324587705533,-0.17253774263120059,0.0,22200.55078125,0
2024-05-15,^NSEI,22255.599609375,22297.55078125,22151.75,22200.55078125,231900,46.64635866725838,-41.03072564024842,0.43141942674729705,-41.46214506699572,22293.185893451016,22293.81,22730.12616955911,21904.17363512839,22317.14990234375,-0.0007786004689536163,0.00738488271068638,0.0,22403.849609375,1
2024-05-16,^NSEI,22319.19921875,22432.25,22054.55078125,22403.849609375,368900,53.268180282175436,-26.227501862031204,-4.900364831008403,-21.3271370310228,22303.725294967586,22302.863984375,22736.97142356983,21922.923302992673,22329.94736328125,0.009157377676264788,0.5907718844329453,0.0,22466.099609375,1
2024-05-17,^NSEI,22415.25,22502.150390625,22345.650390625,22466.099609375,242700,55.105544623324995,-9.364833638504933,-5.793258592507709,-3.571575045997224,22319.18951538734,22312.5299609375,22734.038974661577,21972.88075190092,22353.45986328125,0.0027785403439750667,-0.34209812957441044,0.0,22529.05078125,1
2024-05-21,^NSEI,22404.55078125,22591.099609375,22404.55078125,22529.05078125,347600,56.94892816708737,8.975126214838383,-2.8395816310384907,11.814707845876875,22339.17630261236,22316.3359765625,22748.091537152093,21997.033267535404,22372.56240234375,0.002802051667603722,0.4322208487845076,0.0,22597.80078125,1
2024-05-22,^NSEI,22576.599609375,22629.5,22483.150390625,22597.80078125,290300,58.93218152873703,28.726090473555814,3.47355278988037,25.252537683675445,22363.807205339755,22320.18,22773.219517501093,21998.04532624891,22385.632421875,0.0030516154749500313,-0.16484464902186424,0.0,22967.650390625,1
2024-05-23,^NSEI,22614.099609375,22993.599609375,22577.44921875,22967.650390625,369800,67.58373898718948,73.37680235889275,17.454202703682846,55.9225996552099,22421.316080128825,22332.4069921875,22878.55635618294,21952.67352662956,22415.61494140625,0.01636661960848307,0.2738546331381331,0.0,22957.099609375,0
2024-05-24,^NSEI,22930.75,23026.400390625,22908.0,22957.099609375,261900,67.14915138849202,106.68169319659137,35.29970080226455,71.38199239432682,22472.343082914176,22342.06796875,22962.815055690156,21923.884748997345,22443.34990234375,-0.0004593757337192361,-0.2917793401838832,0.0,22932.44921875,0
2024-05-27,^NSEI,23038.94921875,23110.80078125,22871.19921875,22932.44921875,260000,66.08002467507629,129.59310992046812,54.15838262590527,75.43472729456286,22516.16271489854,22350.8459375,23021.053602802745,21901.856162822256,22461.4548828125,-0.0010737589261899938,-0.0072546773577701895,0.0,22888.150390625,0
2024-05-28,^NSEI,22977.150390625,22998.55078125,22858.5,22888.150390625,217900,64.10473022027313,142.53299588025038,71.8333052767743,70.69969060347609,22551.590112586775,22361.9559375,23073.9556570765,21895.774225735997,22484.86494140625,-0.0019317094176221072,-0.16192307692307695,0.0,22704.69921875,0
2024-05-29,^NSEI,22762.75,22825.5,22685.44921875,22704.69921875,269900,56.563980172248385,136.41249400822562,84.74914302306456,51.66335098516106,22566.17193222137,22369.3359375,23080.91303602416,21894.946729600837,22487.9298828125,-0.008015115627261094,0.23864157870582847,0.0,22488.650390625,0
2024-05-30,^NSEI,22617.44921875,22705.75,22417.0,22488.650390625,373400,49.220725540749044,112.82800632065118,90.3649156825819,22.46309063806929,22558.78892825981,22379.1549609375,23072.679027081987,21891.560816668014,22482.119921875,-0.009515599658179275,0.38347536124490555,0.0,22530.69921875,1
2024-05-31,^NSEI,22568.099609375,22653.75,22465.099609375,22530.69921875,572100,50.56584967708459,96.41866457744618,91.57566546155476,4.842999115891416,22556.113717830307,22386.8359375,23062.399779647032,21890.09006410297,22476.244921875,0.0018697799732139142,0.5321371183717194,0.0,23263.900390625,1
2024-06-03,^NSEI,23337.900390625,23338.69921875,23062.30078125,23263.900390625,569400,66.98728347796107,140.9525368703471,101.45103974331325,39.50149712703386,22623.521972382183,22411.646953125,23194.946712510347,21836.348209364653,22515.6474609375,0.03254231769535276,-0.004719454640797038,0.0,21884.5,0
2024-06-04,^NSEI,23179.5,23179.5,21281.44921875,21884.5,1006100,40.039445334852786,64.1998126411927,94.00079432288915,-29.800981681696456,22553.138927393404,22408.22296875,23220.49717669572,21754.977823304278,22487.7375,-0.05929359941641077,0.7669476642079383,0.0,22620.349609375,1
2024-06-05,^NSEI,22128.349609375,22670.400390625,21791.94921875,22620.349609375,638500,51.295454988574654,62.03454383468852,87.60754422524903,-25.57300039056051,22559.539944724987,22424.2809765625,23233.411501253395,21773.848459684108,22503.62998046875,0.033624236760035675,-0.36537123546367156,0.0,22821.400390625,1
2024-06-06,^NSEI,22798.599609375,22910.150390625,22642.599609375,22821.400390625,480400,53.84486799650849,75.66940075170714,85.21991553054065,-9.550514778833502,22584.479034810705,22443.9269921875,23265.777040767578,21793.372959232423,22529.575,0.008888049244237806,-0.24761158966327335,0.0,23290.150390625,1
2024-06-07,^NSEI,22821.849609375,23320.19921875,22789.05078125,23290.150390625,473600,59.2063349285938,122.88281399721018,92.75249522387455,30.13031877333563,22651.685830602542,22469.491015625,23354.148742868452,21838.266296194048,22596.20751953125,0.020539931466807104,-0.014154870940882636,0.0,23259.19921875,0
2024-06-10,^NSEI,23319.150390625,23411.900390625,23227.150390625,23259.19921875,304400,58.721292488518685,156.00396662975982,105.4027895050516,50.601177124708215,22709.544248521346,22492.74,23424.100388052022,21888.71465101048,22656.40751953125,-0.0013289382574128705,-0.3572635135135135,0.0,23264.849609375,1
2024-06-11,^NSEI,23283.75,23389.44921875,23206.650390625,23264.849609375,305200,58.78767058347252,180.62650806831516,120.44753321770432,60.17897485061084,22762.43047336455,22517.9430078125,23481.844726542244,21947.050195332755,22714.4474609375,0.0002429314342191624,0.0026281208935610145,0.0,23322.94921875,1
2024-06-12,^NSEI,23344.44921875,23441.94921875,23295.94921875,23322.94921875,295600,59.50867855607688,202.49397794247488,136.85682216265843,65.63715577981645,22815.813211020308,22541.928984375,23545.214597602473,21994.19028521003,22769.70244140625,0.002497312914139238,-0.03145478374836175,0.0,23398.900390625,1
2024-06-13,^NSEI,23480.94921875,23481.05078125,23353.900390625,23398.900390625,268300,60.48199457472679,223.37777029610152,154.16101178934707,69.21675850675445,22871.34532336361,22563.368984375,23605.15198178853,22054.08786196147,22829.619921875,0.0032564994745150067,-0.09235453315290931,0.0,23465.599609375,1
2024-06-14,^NSEI,23464.94921875,23490.400390625,23334.25,23465.599609375,223100,61.360400958054896,242.51483565525268,171.8317765625282,70.68305909272448,22927.94096965041,22583.4409765625,23679.460084945527,22085.95475880447,22882.707421875,0.0028505279152657437,-0.16846813268729033,0.0,23557.900390625,1
2024-06-18,^NSEI,23570.80078125,23579.05078125,23499.69921875,23557.900390625,272200,62.59933753483084,262.10758638501284,189.88693852702514,72.2206478579877,22987.937104981324,22605.53296875,23761.529959552598,22113.064962322405,22937.2974609375,0.003933450786960613,0.22008068130883007,0.0,23516.0,0
2024-06-19,^NSEI,23629.849609375,23664.0,23412.900390625,23516.0,328800,61.63322277060515,271.1285697686144,206.135264775343,64.99330499327141,23038.228809268818,22627.1599609375,23825.253757755996,22148.036085994,22986.644921875,-0.0017786131162043084,0.20793534166054362,0.0,23567.0,1
2024-06-20,^NSEI,23586.150390625,23624.0,23442.599609375,23567.0,280300,62.393992111763495,279.1748835903163,220.74318853833768,58.431695051978636,23088.587970290835,22648.206953125,23890.08661277101,22180.123152853987,23035.1048828125,0.0021687361796223215,-0.14750608272506083,0.0,23501.099609375,0
2024-06-21,^NSEI,23661.150390625,23667.099609375,23398.19921875,23501.099609375,609900,60.71857949810124,277.0404842430398,232.00264767927814,45.03783656376169,23127.874793060753,22667.9549609375,23939.654483904906,22183.900203595094,23061.77734375,-0.00279629951309035,1.17588298251873,0.0,23537.849609375,1
2024-06-24,^NSEI,23382.30078125,23558.099609375,23350.0,23537.849609375,239400,61.34198777505213,275.142701458215,240.63065843506553,34.51204302314949,23166.92001366211,22685.3859375,23991.05539070745,22190.574296792547,23090.81484375,0.00156375661610908,-0.6074766355140186,0.0,23721.30078125,1
2024-06-25,^NSEI,23577.099609375,23754.150390625,23562.05078125,23721.30078125,298100,64.38088707652318,285.15458675975606,249.53544410000364,35.61914265975241,23219.718182003817,22706.956953125,24067.645678549037,22192.869165200966,23130.257421875,0.007793879853915442,0.24519632414369252,0.0,23868.80078125,1
2024-06-26,^NSEI,23723.099609375,23889.900390625,23670.44921875,23868.80078125,287800,66.65084515052482,301.5154132864918,259.93143793730127,41.58397534919055,23281.535572408215,22729.256953125,24162.36984033782,22196.21004247468,23179.28994140625,0.006218040121837909,-0.03455216370345526,0.0,24044.5,1
2024-06-27,^NSEI,23881.55078125,24087.44921875,23805.400390625,24044.5,515200,69.17115793722256,324.9135436759716,272.9278590850353,51.98568459093627,23354.19885122648,22759.7589453125,24272.518668416644,22220.041292520855,23246.27998046875,0.007361040898544724,0.7901320361362056,0.0,24010.599609375,0
2024-06-28,^NSEI,24085.900390625,24174.0,23985.80078125,24010.599609375,354800,68.10174021803613,336.8383891030426,285.70996508863675,51.12842401440582,23416.713209145386,22794.5209375,24338.27061017027,22306.48427264223,23322.37744140625,-0.0014099020825968367,-0.3113354037267081,0.0,24141.94921875,1
2024-07-01,^NSEI,23992.94921875,24164.0,23992.69921875,24141.94921875,0,70.03481250892662,352.8206341131081,299.132098893531,53.68853521957709,23485.783305298206,22834.4019140625,24410.444960110606,22395.434922701894,23402.93994140625,0.005470484349075377,-1.0,0.0,24123.849609375,0
2024-07-05,^NSEI,24213.349609375,24363.0,24168.849609375,24323.849609375,298400,72.40568235623863,386.3968815753615,345.7709729597587,40.62590861560278,23743.375583126945,22998.18390625,24457.243487149848,22993.25631753765,23725.24990234375,0.0008928929498506211,0.1878980891719746,0.0,24320.55078125,0
2024-07-08,^NSEI,24329.44921875,24344.599609375,24240.55078125,24320.55078125,266300,72.26324842943012,384.74580064991096,353.56593849778915,31.179862152121814,23798.344649614854,23036.5469140625,24523.905564722416,23029.63427902758,23776.769921875,-0.00013562113637344275,-0.10757372654155495,0.0,24433.19921875,1
2024-07-09,^NSEI,24351.0,24443.599609375,24331.900390625,24433.19921875,250500,74.13441829147315,388.0538513419451,360.4635210666204,27.59033027532473,23858.806989532488,23073.80390625,24595.096742508347,23075.84310124165,23835.469921875,0.004631820986013446,-0.05933158092377022,0.0,24324.44921875,0
2024-07-10,^NSEI,24459.849609375,24461.05078125,24141.80078125,24324.44921875,292300,69.27564148170651,377.5481491622886,363.88044668575407,13.667702476534544,23903.153868505582,23111.89390625,24629.06048534308,23147.839319344417,23888.44990234375,-0.004450911197766749,0.16686626746506983,0.0,24315.94921875,0
2024-07-11,^NSEI,24396.55078125,24402.650390625,24193.75,24315.94921875,306400,68.89556353943284,364.3365802276603,363.97167339413534,0.36490683352496944,23942.467711386,23145.3448828125,24653.107926163888,23223.091878523614,23938.09990234375,-0.0003494426502141934,0.04823811152925073,0.0,24502.150390625,1
2024-07-12,^NSEI,24387.94921875,24592.19921875,24331.150390625,24502.150390625,325800,72.46009691439289,364.6873068218665,364.1148000796816,0.5725067421849417,23995.770823694478,23183.2908984375,24703.57799169872,23282.94681298878,23993.26240234375,0.007657573644356042,0.0633159268929504,0.0,24586.69921875,1
2024-07-15,^NSEI,24587.599609375,24635.05078125,24522.75,24586.69921875,305400,73.9215089276806,367.5507477723477,364.8019896182148,2.7487581541328723,24052.04971846167,23222.0608984375,24761.165287589818,23337.469478035182,24049.3173828125,0.003450669707641296,-0.06261510128913439,0.0,24613.0,1
2024-07-16,^NSEI,24615.900390625,24661.25,24587.650390625,24613.0,283200,74.37700629930114,367.70363992417697,365.38231967940726,2.3213202447697086,24105.473554798653,23264.80390625,24816.806281757617,23387.338444804886,24102.07236328125,0.0010697158254551198,-0.07269155206286837,0.0,24800.849609375,1
2024-07-18,^NSEI,24543.80078125,24837.75,24504.44921875,24800.849609375,350900,77.41169033248211,378.6182263759074,368.02950101870726,10.588725357200133,24171.699845710686,23311.9669140625,24889.708204214923,23442.921483285074,24166.31484375,0.007632129743428306,0.23905367231638408,0.0,24530.900390625,0
2024-07-19,^NSEI,24853.80078125,24854.80078125,24508.150390625,24530.900390625,343800,65.42069519875963,361.32039231243834,366.6876792774535,-5.367286965015182,24205.90942141681,23356.534921875,24899.167282830975,23529.85244373153,24214.50986328125,-0.010884676251089243,-0.020233684810487373,0.0,24509.25,0
2024-07-22,^NSEI,24445.75,24595.19921875,24362.30078125,24509.25,324200,64.55700028282138,341.92325022069053,361.734793466101,-19.811543245410462,24234.799000329494,23400.669921875,24876.61634603395,23653.21841959105,24264.9173828125,-0.0008825762723847497,-0.057009889470622466,0.0,24479.05078125,0
2024-07-23,^NSEI,24568.900390625,24582.55078125,24074.19921875,24479.05078125,436400,63.30162174490017,320.42044337990956,353.47192344886275,-33.0514800689532,24258.061074702877,23451.1009375,24830.400182205514,23793.554700606983,24311.97744140625,-0.0012321559717249908,0.3460826650215916,0.0,24413.5,0
2024-07-24,^NSEI,24444.94921875,24504.25,24307.25,24413.5,366600,60.549250714216534,294.6928777681278,341.7161143127158,-47.023236544587974,24272.864781874032,23498.266953125,24789.591153121844,23903.583651565656,24346.58740234375,-0.002677831825905974,-0.15994500458295147,0.0,24406.099609375,0
2024-07-25,^NSEI,24230.94921875,24426.150390625,24210.80078125,24406.099609375,391800,60.23085105299229,270.58728519886427,327.4903484899455,-56.90306329108125,24285.553813064602,23544.3079296875,24758.702590205896,23988.202097294103,24373.45234375,-0.0003031269840456652,0.06873977086743044,0.0,24834.849609375,1
2024-07-26,^NSEI,24423.349609375,24861.150390625,24410.900390625,24834.849609375,383800,70.05546628315058,282.8198005910526,318.55623891016694,-35.73643831911431,24337.867698427497,23596.6479296875,24816.834635507705,24009.1050129298,24412.96982421875,0.01756732976027453,-0.020418580908626804,0.0,24836.099609375,1
2024-07-29,^NSEI,24943.30078125,24999.75,24774.599609375,24836.099609375,355000,70.07867443975414,289.28037760098596,312.70106664833077,-23.42068904734481,24385.318356612974,23649.35890625,24853.894281063196,24054.595367374302,24454.24482421875,5.03324972633834e-05,-0.07503908285565397,0.0,24857.30078125,1
2024-07-30,^NSEI,24839.400390625,24971.75,24798.650390625,24857.30078125,385000,70.49634460629497,292.73670232984296,308.70819378463324,-15.971491454790282,24430.26906372126,23698.4279296875,24899.386951671146,24080.637853016353,24490.01240234375,0.0008536433743000504,0.08450704225352124,0.0,24951.150390625,1
2024-07-31,^NSEI,24886.69921875,24984.599609375,24856.5,24951.150390625,333600,72.33714584882705,299.59519678459037,306.88559438462465,-7.290397600034282,24479.876809140667,23748.1289453125,24951.44632440846,24111.30855840404,24531.37744140625,0.00377553501085659,-0.13350649350649346,0.0,25010.900390625,1
2024-08-01,^NSEI,25030.94921875,25078.30078125,24956.400390625,25010.900390625,431300,73.47196405084938,306.3208525906193,306.7726460258236,-0.45179343520425164,24530.450483567744,23797.7659375,25020.593892171684,24114.601029703317,24567.5974609375,0.0023946791656728195,0.2928657074340528,0.0,24717.69921875,0
2024-08-02,^NSEI,24789.0,24851.900390625,24686.849609375,24717.69921875,345000,60.381731938054735,284.71013784360184,302.36014438937923,-17.650006545777387,24548.283696442246,23840.16390625,25028.707318295073,24148.042486392424,24588.37490234375,-0.011722935491954689,-0.2000927428703918,0.0,24055.599609375,0
2024-08-05,^NSEI,24302.849609375,24350.05078125,23893.69921875,24055.599609375,487000,42.12837581051881,211.717043344157,284.2315241803348,-72.51448083617782,24501.36140243584,23861.922890625,25060.70743046867,24089.21737421883,24574.96240234375,-0.02678645789462286,0.41159420289855064,0.0,23992.55078125,0
2024-08-06,^NSEI,24189.849609375,24382.599609375,23960.400390625,23992.55078125,312300,40.86162507124385,147.08645545748004,256.80251043576385,-109.71605497828381,24452.903248037186,23882.6319140625,25096.86343061285,24020.261374074646,24558.56240234375,-0.0026209626510589334,-0.3587268993839836,0.0,24297.5,1
2024-08-07,^NSEI,24289.400390625,24337.69921875,24184.900390625,24297.5,317600,48.86972954020918,119.10018945842967,229.26204624029702,-110.16185678186736,24438.10293870031,23909.9329296875,25099.565159668742,24003.98972314376,24551.77744140625,0.012710162480444431,0.01697086135126491,0.0,24117.0,0
2024-08-08,^NSEI,24248.55078125,24340.5,24079.69921875,24117.0,311900,44.98663291634964,81.41750026306181,199.69313704485,-118.2756367817882,24407.521706443138,23934.509921875,25113.341771594805,23969.468189342693,24541.40498046875,-0.007428747813561065,-0.017947103274559173,0.0,24367.5,1
2024-08-09,^NSEI,24386.849609375,24419.75,24311.19921875,24367.5,215100,50.82627917779859,70.94909704432575,173.9443290447452,-102.99523200041943,24403.710115353315,23967.7659375,25112.284944795323,23975.68009426718,24543.98251953125,0.010386864037815746,-0.3103558832959282,0.0,24347.0,0
2024-08-12,^NSEI,24320.05078125,24472.80078125,24212.099609375,24347.0,279900,50.35520048921869,60.30349227700572,151.2161616911973,-90.91266941419158,24398.309151986334,24004.9329296875,25110.800815121314,23961.649184878683,24536.225,-0.0008412844977941925,0.3012552301255229,0.0,24139.0,0
2024-08-13,^NSEI,24342.349609375,24359.94921875,24116.5,24139.0,239700,45.72448479764917,34.68310686355471,127.9095507256688,-93.22644386211408,24373.61304227335,24037.0989453125,25113.1571773048,23914.522900820197,24513.8400390625,-0.008543146999630324,-0.1436227224008575,0.0,24143.75,1
2024-08-14,^NSEI,24184.400390625,24196.5,24099.69921875,24143.75,303300,45.84695814925846,14.593823626648373,105.24640530586473,-90.65258167921635,24351.721323961607,24054.6959375,25108.767274098565,23871.987804026438,24490.3775390625,0.00019677699987563635,0.265331664580726,0.0,24541.150390625,1
2024-08-16,^NSEI,24334.849609375,24563.900390625,24204.5,24541.150390625,271600,54.99656923850643,30.38950098517671,90.27502444172714,-59.88552345655043,24369.76218745336,24107.8289453125,25079.86118540517,23874.92397084483,24477.392578125,0.016459762490292462,-0.10451697988789976,0.0,24572.650390625,1
2024-08-19,^NSEI,24636.349609375,24638.80078125,24522.94921875,24572.650390625,243600,55.63641218535441,44.93153309245827,81.20632617187337,-36.274793079415105,24389.08487346971,24146.8749609375,25082.964282642286,23875.995873607717,24479.480078125,0.0012835584110202358,-0.1030927835051546,0.0,24698.849609375,1
2024-08-20,^NSEI,24648.900390625,24734.30078125,24607.19921875,24698.849609375,238300,58.200481933353835,65.87999697317719,78.14106033213415,-12.26106335895696,24418.586276889262,24184.4239453125,25099.927368342473,23877.99274884503,24488.96005859375,0.005135759339910173,-0.021756978653530323,0.0,24770.19921875,1
2024-08-21,^NSEI,24680.55078125,24787.94921875,24654.5,24770.19921875,257100,59.6214158369128,87.23354865923102,79.95955799755353,7.273990661677487,24452.073223733143,24214.024921875,25126.600808556243,23880.434152381255,24503.51748046875,0.0028887826964991703,0.07889215274863615,0.0,24811.5,1
2024-08-22,^NSEI,24863.400390625,24867.349609375,24784.44921875,24811.5,220300,60.45932706269164,106.26407399833988,85.2204611977108,21.043612800629077,24486.30434528237,24245.0709375,25159.026488310807,23887.808472626693,24523.41748046875,0.001667357653657442,-0.14313496693893424,0.0,24823.150390625,1
2024-08-23,^NSEI,24845.400390625,24858.400390625,24771.650390625,24823.150390625,206800,60.707028597608435,120.89241904039955,92.35485276624857,28.537566274150976,24518.384921029286,24276.236953125,25190.392890368606,23898.147148693894,24544.27001953125,0.00046955607782672715,-0.061280072628234206,0.0,25010.599609375,1
2024-08-26,^NSEI,24906.099609375,25043.80078125,24874.69921875,25010.599609375,210300,64.55448544764046,145.92889577944516,103.06966136888789,42.859234410557264,24565.262510395543,24309.9899609375,25219.219092469917,23886.89594659258,24553.05751953125,0.007551387144671073,0.016924564796905184,0.0,25017.75,1
2024-08-27,^NSEI,25024.80078125,25073.099609375,24973.650390625,25017.75,223300,64.69649173312496,164.45176318006997,115.34608173112431,49.10568144894566,24608.35655702454,24342.366953125,25248.147712468704,23876.132365656293,24562.1400390625,0.0002858944102370753,0.061816452686638046,0.0,25052.349609375,1
2024-08-28,^NSEI,25030.80078125,25129.599609375,24964.650390625,25052.349609375,220400,65.41845774278646,179.84996986084298,128.24685935706805,51.60311050377493,24650.641609629347,24374.101953125,25279.60937255069,23864.175588386806,24571.89248046875,0.0013830024432652799,-0.012987012987012991,0.0,25151.94921875,1
2024-08-29,^NSEI,25035.30078125,25192.900390625,24998.5,25151.94921875,354000,67.48012635178692,197.80978758240963,142.15944500213635,55.650342580273275,24698.38519145036,24405.9829296875,25316.088978125943,23847.77586562406,24581.932421875,0.00397565940632294,0.6061705989110708,0.0,25235.900390625,1
2024-08-30,^NSEI,25249.69921875,25268.349609375,25199.400390625,25235.900390625,638200,69.14963479996013,216.32358682913764,156.99227336753663,59.33131346160101,24749.577115181277,24440.3809375,25359.479829069976,23826.885014680025,24593.182421875,0.003337760073577778,0.8028248587570621,0.0,25278.69921875,1
2024-09-02,^NSEI,25333.599609375,25333.650390625,25235.5,25278.69921875,222800,69.99533863395833,231.77762566968522,171.94934382796635,59.828281841718876,24799.969696473538,24474.614921875,25442.785996203842,23799.678847546158,24621.232421875,0.001695950113232314,-0.6508931369476654,0.0,25279.849609375,1
2024-09-03,^NSEI,25313.400390625,25321.69921875,25235.80078125,25279.849609375,212100,70.01912895900111,241.3359194473851,185.8266589518501,55.50926049553499,24845.672545321297,24510.189921875,25508.71946407405,23856.170379675954,24682.444921875,4.550829989491412e-05,-0.048025134649910206,0.0,25198.69921875,0
2024-09-04,^NSEI,25089.94921875,25216.0,25083.80078125,25198.69921875,253800,66.04120394411297,239.60080883079718,196.58148892763955,43.01931990315762,24879.294133266885,24543.4069140625,25534.14010793899,23951.364579561006,24742.75234375,-0.0032100820170585243,0.19660537482319662,0.0,25145.099609375,0
2024-09-05,^NSEI,25250.5,25275.44921875,25127.75,25145.099609375,222200,63.476095180304995,231.23514581830386,203.51222030577244,27.72292551253142,24904.608940515274,24571.882890625,25567.33247561105,24002.93217282645,24785.13232421875,-0.0021270784221717465,-0.12450748620961383,0.0,24852.150390625,0
2024-09-06,^NSEI,25093.69921875,25168.75,24801.30078125,24852.150390625,311700,51.66472396988099,198.67652463110062,202.5450811708381,-3.868556539737483,24899.612888144773,24591.5498828125,25541.647260927173,24102.132426572825,24821.88984375,-0.011650350298901935,0.40279027902790276,0.0,24936.400390625,1
2024-09-09,^NSEI,24823.400390625,24957.5,24753.150390625,24936.400390625,254400,54.29852281377258,177.6243111695403,197.56092717057857,-19.93661600103826,24903.116459809557,24609.387890625,25540.365855400818,24160.30387116168,24850.33486328125,0.003390048695012693,-0.18383060635226178,0.0,25041.099609375,1
2024-09-10,^NSEI,24999.400390625,25130.5,24896.80078125,25041.099609375,251300,57.40478046240822,167.45827748975353,191.54039723441358,-24.082119744660048,24916.257712149123,24629.997890625,25539.206541281863,24230.87314621814,24885.03984375,0.0041986500501236534,-0.01218553459119498,0.0,24918.44921875,0
2024-09-11,^NSEI,25034.0,25113.69921875,24885.150390625,24918.44921875,279200,52.8712456185347,147.80100310399575,182.79251840833,-34.99151530433426,24916.46642706349,24645.527890625,25481.476926783576,24366.547682591427,24924.0123046875,-0.004897963449619458,0.11102268205332266,0.0,25388.900390625,1
2024-09-12,^NSEI,25059.650390625,25433.349609375,24941.44921875,25388.900390625,380100,64.46402227463878,168.24453114957942,179.8829209565799,-11.638389807000493,24961.460137878872,24670.82890625,25451.807302411504,24520.732346025998,24986.26982421875,0.01887963282727112,0.36138968481375366,0.0,25356.5,0
2024-09-13,^NSEI,25430.44921875,25430.5,25292.44921875,25356.5,250800,63.30900789754007,179.75957716222183,179.8582521977083,-0.0986750354864796,24999.08298189041,24692.22890625,25471.857502437364,24582.217106937635,25027.0373046875,-0.0012761636040355961,-0.34017363851618,0.0,25383.75,1
2024-09-16,^NSEI,25406.650390625,25445.69921875,25336.19921875,25383.75,168700,63.894928996611974,188.9065838426468,181.667918526696,7.238665315950783,25035.717935996086,24713.8608984375,25486.449633698834,24648.734936613666,25067.59228515625,0.0010746751326089488,-0.3273524720893142,0.0,25418.55078125,1
2024-09-17,^NSEI,25416.900390625,25441.650390625,25352.25,25418.55078125,216000,64.67085442900222,196.69639118379928,184.67361305811667,12.022778125682606,25072.178206972647,24735.754921875,25513.091594622616,24694.063092877383,25103.57734375,0.0013709866056039743,0.2803793716656786,0.0,25377.55078125,0
2024-09-18,^NSEI,25402.400390625,25482.19921875,25285.55078125,25377.55078125,215700,62.95430326833908,197.2873070073947,187.1963518479723,10.090955159422407,25101.261309284775,24756.894921875,25529.921255143116,24737.968588606887,25133.944921875,-0.0016129951842196455,-0.001388888888888884,0.0,25415.80078125,1
2024-09-19,^NSEI,25487.05078125,25611.94921875,25376.05078125,25415.80078125,314500,63.916554378624255,198.5532688975909,189.46773525789604,9.085533639694859,25131.217449471937,24776.546953125,25549.179261402394,24779.140660472607,25164.1599609375,0.0015072376499098983,0.45804357904496995,0.0,25790.94921875,1
2024-09-20,^NSEI,25525.94921875,25849.25,25426.599609375,25790.94921875,533100,71.68485227383721,227.2087751489198,197.0159432361008,30.192831912819003,25194.04904654604,24805.876953125,25653.218672902964,24771.88113178454,25212.54990234375,0.014760441377741573,0.6950715421303657,0.0,25939.05078125,1
2024-09-23,^NSEI,25872.55078125,25956.0,25847.349609375,25939.05078125,209200,74.0591904561488,258.88476622732196,209.38970783434505,49.495058392976915,25265.001592708322,24838.338984375,25790.924217025295,24727.020704849707,25258.9724609375,0.005742385099666292,-0.607578315513037,0.0,25940.400390625,1
2024-09-24,^NSEI,25921.44921875,26011.55078125,25886.849609375,25940.400390625,384100,74.08052007806049,280.85954555538774,223.6836753785536,57.17587017683414,25329.325287748008,24867.103984375,25901.503322947312,24708.706637990188,25305.10498046875,5.2030021699067674e-05,0.8360420650095601,0.0,26004.150390625,1
2024-09-25,^NSEI,25899.44921875,26032.80078125,25871.349609375,26004.150390625,278500,75.12112794501053,299.9610445097933,238.93914920480157,61.021895304991716,25393.594345164864,24895.4530078125,26009.64827297327,24695.741766089228,25352.69501953125,0.0024575565157058943,-0.27492840406144237,0.0,26216.05078125,1
2024-09-26,^NSEI,26005.400390625,26250.900390625,25998.400390625,26216.05078125,370900,78.24728342892668,328.4119817517385,256.83371571418894,71.57826603754955,25471.923529553922,24927.5140234375,26155.087200326365,24656.712994986134,25405.90009765625,0.008148714241454025,0.33177737881508085,0.0,26178.94921875,0
2024-09-27,^NSEI,26248.25,26277.349609375,26151.400390625,26178.94921875,490300,76.43625847605489,344.0003466079397,274.2670418929391,69.7333047150006,25539.25930947736,24955.076015625,26269.219747746843,24636.885330378158,25453.0525390625,-0.0014152231703233875,0.3219196548935024,0.0,25810.849609375,0
2024-09-30,^NSEI,26061.30078125,26134.69921875,25794.099609375,25810.849609375,343100,61.28168539418512,322.92914970344646,283.9994634550406,38.92968624840586,25565.12505232475,24980.675,26305.98989878664,24653.330218400857,25479.66005859375,-0.014060900852023384,-0.3002243524372833,0.0,25796.900390625,0
2024-10-01,^NSEI,25788.44921875,25907.599609375,25739.19921875,25796.900390625,247400,60.789822149361065,301.6275147389206,287.5250737118166,14.102441027103964,25587.19889406763,25006.4280078125,26337.552880466737,24673.47231484576,25505.51259765625,-0.0005404401234794243,-0.27892742640629553,0.0,25250.099609375,0
2024-10-03,^NSEI,25452.849609375,25639.44921875,25230.30078125,25250.099609375,423400,45.40529649321508,237.8814134591521,277.59634166128376,-39.71492820213166,25555.094200287378,25021.848984375,26336.626449002797,24679.538785372206,25508.0826171875,-0.021196375260987388,0.7113985448666127,0.0,25014.599609375,0
2024-10-04,^NSEI,25181.900390625,25485.05078125,24966.80078125,25014.599609375,374900,40.635446293478076,166.44066273044882,255.3652058751168,-88.92454314466798,25503.618524962392,25033.8709765625,26343.3820298455,24659.7332045295,25501.5576171875,-0.009326695880144675,-0.11454888993859236,0.0,24795.75,0
2024-10-07,^NSEI,25084.099609375,25143.0,24694.349609375,24795.75,374300,36.76974421792719,91.11371639479694,222.51490797905285,-131.4011915842559,25436.202474965976,25041.663984375,26349.574515649365,24647.900679663137,25498.73759765625,-0.008748875168602677,-0.001600426780474784,0.0,25013.150390625,1
2024-10-08,^NSEI,24832.19921875,25044.0,24756.80078125,25013.150390625,333200,42.61032871658273,48.40102645068691,187.6921316733797,-139.29110522269278,25395.911800266833,25045.23,26343.871071519883,24661.279123792614,25502.57509765625,0.00876764730346924,-0.10980496927598182,0.0,24981.94921875,0
2024-10-09,^NSEI,25065.80078125,25234.05078125,24947.69921875,24981.94921875,290600,42.01055822574789,11.896107211559865,152.53292678101573,-140.63681956945587,25356.486792503325,25048.1469921875,26347.76984266984,24651.465313580156,25499.617578125,-0.0012473907279866303,-0.1278511404561825,0.0,24998.44921875,1
2024-10-10,^NSEI,25067.05078125,25134.05078125,24979.400390625,24998.44921875,261400,42.47171580701557,-15.523941847150127,118.92155305538256,-134.4454949025327,25322.38797595539,25050.9699609375,26341.460568399754,24665.774587850243,25503.617578125,0.0006604768849507447,-0.10048176187198898,0.0,24964.25,0
2024-10-11,^NSEI,24985.30078125,25028.650390625,24920.05078125,24964.25,210500,41.73095889447002,-39.55811805443591,87.22561883341888,-126.78373688785479,25288.27959729297,25051.231953125,26351.71184815845,24613.05826902905,25482.38505859375,-0.0013680536120755926,-0.1947207345065034,0.0,25127.94921875,1
2024-10-14,^NSEI,25023.44921875,25159.75,25017.5,25127.94921875,206400,46.537577318166356,-44.87888118772389,60.80471882919032,-105.68360001691421,25273.010037431734,25053.5729296875,26352.525585976764,24589.389453085736,25470.95751953125,0.006557345754428789,-0.019477434679334937,0.0,25057.349609375,0
2024-10-15,^NSEI,25186.30078125,25212.05078125,25008.150390625,25057.349609375,257200,44.82038958499786,-54.16800768175017,37.81017352700222,-91.97818120875239,25252.47094904538,25060.3659375,26353.96511216516,24555.309887834843,25454.6375,-0.0028096049048969007,0.24612403100775193,0.0,24971.30078125,0
2024-10-16,^NSEI,25008.55078125,25093.400390625,24908.44921875,24971.30078125,226800,42.74988451668983,-67.69280808810436,16.709577203980906,-84.40238529208526,25225.69283782677,25078.6799609375,26355.991544651042,24508.55845534896,25432.275,-0.0034340754096676696,-0.11819595645412129,0.0,24749.849609375,0
2024-10-17,^NSEI,25027.400390625,25029.5,24728.900390625,24749.849609375,252800,37.89776019205523,-95.18335421885786,-5.669009080586845,-89.51434513827101,25180.37443511708,25093.8259375,26371.38162193767,24430.39826087483,25400.88994140625,-0.008868227322834543,0.11463844797178124,0.0,24854.05078125,1
2024-10-18,^NSEI,24664.94921875,24886.19921875,24567.650390625,24854.05078125,290900,41.275275058454966,-107.3244766022799,-26.000102584925457,-81.32437401735444,25149.295991891642,25104.956953125,26372.03245403738,24373.572428775118,25372.80244140625,0.004210173941240125,0.15071202531645578,0.0,24781.099609375,0
2024-10-21,^NSEI,24956.150390625,24978.30078125,24679.599609375,24781.099609375,242000,39.64945822556655,-121.4331477177584,-45.08671161149205,-76.34643610626635,25114.2296697472,25118.2389453125,26333.900667999114,24310.719253875883,25322.3099609375,-0.00293518237799828,-0.16809900309384673,0.0,24472.099609375,0
2024-10-22,^NSEI,24798.650390625,24882.0,24445.80078125,24472.099609375,279500,33.6104354343133,-155.7526689880906,-67.21990308681175,-88.53276590127884,25053.07442590223,25120.3309375,26283.512537281455,24214.412267406045,25248.96240234375,-0.012469180337869368,0.1549586776859504,0.0,24435.5,0
2024-10-23,^NSEI,24378.150390625,24604.25,24378.099609375,24435.5,284600,32.96989054462341,-183.78585057182136,-90.53309258381367,-93.25275798800769,24994.25781391154,25122.1009375,26215.050013397115,24132.38475222789,25173.7173828125,-0.001495564743491773,0.018246869409660027,0.0,24399.400390625,0
2024-10-24,^NSEI,24412.69921875,24480.650390625,24341.19921875,24399.400390625,216700,32.315706684603285,-206.53448474771358,-113.73337101659365,-92.80111373111993,24937.60472597949,25127.3089453125,26113.583302412895,24073.376463212102,25093.4798828125,-0.0014773427748562273,-0.23858046380885456,0.0,24180.80078125,0
2024-10-25,^NSEI,24418.05078125,24440.25,24073.900390625,24180.80078125,372600,28.6133172933186,-239.44196486703004,-138.87508978668095,-100.56687508034909,24865.528159814778,25128.0499609375,25947.621198652487,24035.813566972516,24991.7173828125,-0.008959220549493163,0.7194277803414859,0.0,24339.150390625,1
2024-10-28,^NSEI,24251.099609375,24492.599609375,24134.900390625,24339.150390625,278600,34.47011395368281,-249.8636176044747,-161.0727953502397,-88.79082225423502,24815.396943701468,25124.0099609375,25726.267432733686,24073.18745007881,24899.72744140625,0.0065485676346082045,-0.2522812667740204,0.0,24466.849609375,1
2024-10-29,^NSEI,24328.849609375,24484.5,24140.849609375,24466.849609375,332000,38.82870897917901,-244.99444924942873,-177.85712613007752,-67.13732311935121,24782.2019594799,25121.8939453125,25565.025168203785,24100.029714608718,24832.52744140625,0.0052466588480091225,0.1916726489590812,0.0,24340.849609375,0
2024-10-30,^NSEI,24371.44921875,24498.19921875,24307.30078125,24340.849609375,285200,36.26558958565254,-248.43889627325916,-191.97348015871387,-56.46541611454529,24740.16840232705,25114.7339453125,25374.296673622724,24145.153131064777,24759.72490234375,-0.005149825253829232,-0.14096385542168677,0.0,24205.349609375,0
2024-10-31,^NSEI,24349.849609375,24372.44921875,24172.599609375,24205.349609375,287000,33.690034874467074,-259.1154414198718,-205.40187241094546,-53.71356900892633,24689.23327918876,25103.436953125,25324.05561337933,24090.919191308174,24707.48740234375,-0.005566773640794054,0.006311360448807868,0.0,24304.349609375,1
2024-11-01,^NSEI,24302.75,24368.25,24280.19921875,24304.349609375,38800,37.19933768460592,-256.6299375726885,-215.64748544329407,-40.98245212939443,24652.57769158745,25093.2939453125,25295.47489650336,24048.47490818414,24671.97490234375,0.004090004961616156,-0.864808362369338,0.0,23995.349609375,0
2024-11-04,^NSEI,24315.75,24316.75,23816.150390625,23995.349609375,285500,31.58135087012677,-276.4076204551202,-227.7995124456593,-48.60810800946089,24589.98454090055,25076.7379296875,25318.137174423813,23945.77259120119,24631.9548828125,-0.0127137736646451,6.358247422680412,0.0,24213.30078125,1
2024-11-05,^NSEI,23916.5,24229.05078125,23842.75,24213.30078125,289500,38.6224501527473,-271.3665933848897,-236.5129286335054,-34.853664751384315,24554.109897124305,25060.791953125,25277.849267402784,23906.075537284716,24591.96240234375,0.00908305881860727,0.014010507880910739,0.0,24484.05078125,1
2024-11-06,^NSEI,24308.75,24537.599609375,24204.05078125,24484.05078125,351100,46.050086997286066,-242.72628336251728,-237.75559957930778,-4.970683783209495,24547.437600374375,25050.11796875,25230.29655350396,23903.838407433544,24567.06748046875,0.011181870759630508,0.21278065630397247,0.0,24199.349609375,0
2024-11-07,^NSEI,24489.599609375,24503.349609375,24179.05078125,24199.349609375,322200,40.4999795497421,-240.23238713145474,-238.2509570897372,-1.9814300417175446,24514.28636313634,25033.05796875,25177.737159217537,23876.48784078246,24527.1125,-0.011628025706147627,-0.08231273141555118,0.0,24148.19921875,0
2024-11-08,^NSEI,24207.69921875,24276.150390625,24066.650390625,24148.19921875,298700,39.57707037707871,-239.62116184779006,-238.52499804134777,-1.0961638064422914,24479.42092081383,25012.98296875,25124.393242779628,23848.22667909537,24486.3099609375,-0.002113709312467793,-0.0729360645561763,0.0,24141.30078125,0
2024-11-11,^NSEI,24087.25,24336.80078125,24004.599609375,24141.30078125,273400,39.44651365227022,-236.96185885519662,-238.21237020411758,1.250511348920952,24447.219002760132,24991.0909765625,25019.112920700398,23854.842157424602,24436.9775390625,-0.00028567088740283353,-0.08470036826247074,0.0,23883.44921875,0
2024-11-12,^NSEI,24225.80078125,24242.0,23839.150390625,23883.44921875,255800,34.82249849811599,-252.74729472874242,-241.11935510904254,-11.627939619699873,24393.526642378212,24963.1859765625,24934.526710904454,23822.038328158047,24378.28251953125,-0.010680930776533315,-0.06437454279444033,0.0,23559.05078125,0
2024-11-13,^NSEI,23822.44921875,23873.599609375,23509.599609375,23559.05078125,304600,30.04997184746506,-288.11242845042943,-250.51796977731993,-37.5944586731095,24314.05275084219,24928.77,24902.10849091959,23713.231548142914,24307.67001953125,-0.013582562322921432,0.19077404222048466,0.0,23532.69921875,0
2024-11-14,^NSEI,23542.150390625,23675.900390625,23484.150390625,23532.69921875,257700,29.693956432992778,-314.6389407286624,-263.3421639675885,-51.29677676107394,24239.638128738174,24895.45,24894.542332577083,23599.082667422917,24246.8125,-0.0011185324376894457,-0.15397242284963886,0.0,23453.80078125,0
2024-11-18,^NSEI,23605.30078125,23606.80078125,23350.400390625,23453.80078125,263300,28.601363990806945,-338.13008421470295,-278.2997480170114,-59.830336197691565,24164.796476596443,24861.6240234375,24849.089213476764,23504.510786523235,24176.8,-0.0033527151631265184,0.021730694606131085,0.0,23518.5,1
2024-11-19,^NSEI,23529.55078125,23780.650390625,23464.80078125,23518.5,297500,30.848388190509212,-347.5203007298114,-292.1438585595714,-55.37644217024001,24103.244431206305,24834.951015625,24784.242449059268,23443.097590003235,24113.67001953125,0.002758581406631766,0.12988985947588305,0.0,23349.900390625,0
2024-11-21,^NSEI,23488.44921875,23507.30078125,23263.150390625,23349.900390625,420300,28.344955998670798,-364.36650415213444,-306.588387678084,-57.77811647405042,24031.497379722372,24803.221015625,24784.229534635142,23330.890582552358,24057.56005859375,-0.007168807933116472,0.4127731092436975,0.0,23907.25,1
2024-11-22,^NSEI,23411.80078125,23956.099609375,23359.0,23907.25,367600,44.40638237375874,-328.9518342433912,-311.06107699114546,-17.89075725224575,24019.664295939292,24780.5440234375,24739.108680171856,23323.186437015647,24031.14755859375,0.023869464111237804,-0.12538662859862004,0.0,24221.900390625,1
2024-11-25,^NSEI,24253.55078125,24351.55078125,24135.44921875,24221.900390625,687200,51.07388686618139,-272.35624307706894,-303.32011020833016,30.963867131261225,24038.92487638555,24766.613046875,24715.84965314915,23328.695464038352,24022.27255859375,0.013161295867362366,0.869423286180631,0.0,24194.5,0
2024-11-26,^NSEI,24343.30078125,24343.30078125,24125.400390625,24194.5,230700,50.50582839263795,-227.0969792436008,-288.0754840153843,60.97850477178349,24053.74155482502,24742.7250390625,24717.186248585964,23328.728790476536,24022.95751953125,-0.0011312238174179257,-0.664289871944121,0.0,24274.900390625,1
2024-11-27,^NSEI,24204.80078125,24354.55078125,24145.650390625,24274.900390625,295000,52.186305208321805,-182.63573591403474,-266.9875343951144,84.35179848107964,24074.804301091684,24721.093046875,24708.665699532085,23330.824339530413,24019.74501953125,0.003323085437806128,0.27871694841785866,0.0,23914.150390625,0
2024-11-28,^NSEI,24274.150390625,24345.75,23873.349609375,23914.150390625,366700,44.831159200808955,-174.49788731208173,-248.48960497850786,73.99171766642613,24059.503928666287,24691.7010546875,24650.749930866637,23333.47018632086,23992.11005859375,-0.014861029054492936,0.24305084745762717,0.0,24131.099609375,1
2024-11-29,^NSEI,23927.150390625,24188.44921875,23927.150390625,24131.099609375,282100,49.44570772896233,-148.82700970585574,-228.55708592397744,79.7300762181217,24066.32256492426,24665.95203125,24624.200409839883,23339.044707347617,23981.62255859375,0.009072001940535257,-0.2307062994273248,0.0,24276.05078125,1
2024-12-02,^NSEI,24140.849609375,24301.69921875,24008.650390625,24276.05078125,220400,52.315565158801675,-115.4554080162925,-205.93675034244046,90.48134232614797,24086.296680764804,24643.92203125,24633.372971343895,23336.942263031102,23985.1576171875,0.006006820004948565,-0.2187167671038639,0.0,24457.150390625,1
2024-12-03,^NSEI,24367.5,24481.349609375,24280.0,24457.150390625,339500,55.69927842085148,-73.54714260547917,-179.45882879504822,105.91168618956905,24121.616081703873,24624.7490234375,24659.22724340585,23326.36806909415,23992.79765625,0.007460011144599932,0.5403811252268602,0.0,24467.44921875,1
2024-12-04,^NSEI,24488.75,24573.19921875,24366.30078125,24467.44921875,348000,55.890968403048255,-39.05332851460844,-151.37772873896026,112.32440022435182,24154.55257094636,24598.2790234375,24714.22577540705,23318.579498030453,24016.40263671875,0.00042109681465385407,0.025036818851251752,0.0,24708.400390625,1
2024-12-05,^NSEI,24539.150390625,24857.75,24295.55078125,24708.400390625,361500,60.22709403050948,7.637967786096851,-119.57458943394883,127.21255722004568,24207.299982344328,24573.666015625,24797.81097181896,23284.504262556038,24041.1576171875,0.009847825562885104,0.0387931034482758,0.0,24677.80078125,0
2024-12-06,^NSEI,24729.44921875,24751.05078125,24620.5,24677.80078125,226700,59.42811058882326,41.691430888800824,-87.3213853693989,129.01281625819973,24252.109582240104,24548.4140234375,24834.41447669876,23267.275757676238,24050.8451171875,-0.0012384293961259507,-0.37289073305670817,0.0,24619.0,0
2024-12-09,^NSEI,24633.900390625,24705.0,24580.05078125,24619.0,248100,57.84019463156993,63.20571793919589,-57.215964707679944,120.42168264687584,24287.051526788666,24520.711015625,24891.808827962876,23251.846445474624,24071.82763671875,-0.0023827399277279726,0.09439788266431415,0.0,24610.05078125,0
2024-12-10,^NSEI,24652.650390625,24677.80078125,24510.650390625,24610.05078125,261000,57.587989327079995,78.62744996797846,-30.047281772548267,108.67473174052674,24317.81336054689,24488.591015625,24947.566913242175,23242.273516445326,24094.92021484375,-0.0003635086213900074,0.051995163240628806,0.0,24641.80078125,1
2024-12-11,^NSEI,24620.5,24691.75,24583.849609375,24641.80078125,187300,58.28298324482638,92.34672776866864,-5.568479864304887,97.91520763297353,24348.669305375755,24457.848046875,25005.31905068049,23234.571379007008,24119.94521484375,0.0012901233029631864,-0.28237547892720305,0.0,24548.69921875,0
2024-12-12,^NSEI,24604.44921875,24675.25,24527.94921875,24548.69921875,266100,55.4153717267009,94.61616005959877,14.468448120475845,80.14771193912293,24367.71977331616,24432.6050390625,25050.448586348564,23255.966843338934,24153.20771484375,-0.003778196379659149,0.4207154297917779,0.0,24768.30078125,1
2024-12-13,^NSEI,24498.349609375,24792.30078125,24180.80078125,24768.30078125,310100,60.36852653391502,112.83403182531765,34.14156486144421,78.69246696387344,24405.870345500334,24412.033046875,25105.568039481994,23321.772390205508,24213.67021484375,0.008945547808588916,0.16535137166478764,0.0,24668.25,0
2024-12-16,^NSEI,24753.400390625,24781.25,24601.75,24668.25,187600,57.248007273484134,117.84017636455246,50.88128716206586,66.9588892024866,24430.85888402411,24400.3960546875,25125.533264563994,23415.362243248506,24270.44775390625,-0.004039468921733236,-0.39503386004514673,0.0,24336.0,0
2024-12-17,^NSEI,24584.80078125,24624.099609375,24303.44921875,24336.0,264900,48.31621896637755,93.9151878825869,59.48806730617008,34.427120576416826,24421.824704593244,24386.8240625,25083.235436470346,23545.879993217157,24314.55771484375,-0.013468730047733413,0.4120469083155651,0.0,24198.849609375,0
2024-12-18,^NSEI,24297.94921875,24394.44921875,24149.849609375,24198.849609375,235300,45.18246625478438,63.159508333952544,60.222355511726576,2.9371528222259684,24400.588981239125,24374.8860546875,25028.408101162953,23668.742289462047,24348.5751953125,-0.005635699812006956,-0.11174027935069841,0.0,23951.69921875,0
2024-12-19,^NSEI,23877.150390625,24004.900390625,23870.30078125,23951.69921875,271100,40.131173110993316,18.62771104987769,51.9034266193568,-33.27571556947911,24357.83757528778,24353.65703125,24917.722644441918,23839.607628995585,24378.66513671875,-0.010213311567061067,0.1521461963450914,0.0,23587.5,0
2024-12-20,^NSEI,23960.69921875,24065.80078125,23537.349609375,23587.5,442700,34.08408056579313,-45.52708445531243,32.417324404422956,-77.94440885973539,24284.47209192704,24325.768046875,24971.202578273354,23754.152695164143,24362.67763671875,-0.01520556915080562,0.632976761342678,0.0,23753.44921875,1
2024-12-23,^NSEI,23738.19921875,23869.55078125,23647.19921875,23753.44921875,189800,38.62240474205816,-82.03387163794469,9.527085195949429,-91.56095683389411,24233.8984849578,24300.868046875,25001.35502974735,23677.15512650265,24339.255078125,0.0070354729729729115,-0.5712672238536255,0.0,23727.650390625,0
2024-12-24,^NSEI,23769.099609375,23867.650390625,23685.150390625,23727.650390625,177700,38.18227927328702,-111.75922256720514,-14.730176356681486,-97.02904621052366,24185.68438073563,24276.1360546875,25027.82418808471,23604.00100722779,24315.91259765625,-0.0010861087115143775,-0.06375131717597471,0.0,23750.19921875,1
2024-12-26,^NSEI,23775.80078125,23854.5,23653.599609375,23750.19921875,177700,38.838311743422295,-131.97593888566553,-38.1793288624783,-93.79661002318723,24144.209603403666,24248.5810546875,25043.159406514063,23536.195671610938,24289.6775390625,0.0009503186263191132,0.0,0.0,23813.400390625,1
2024-12-27,^NSEI,23801.400390625,23938.849609375,23800.599609375,23813.400390625,176800,40.73669566867471,-141.2695583145396,-58.79737475289056,-82.47218356164905,24112.70396409141,24223.7020703125,25049.36042948983,23519.91964863517,24284.6400390625,0.002661079652128029,-0.005064715813168252,0.0,23644.900390625,0
2024-12-30,^NSEI,23796.900390625,23915.349609375,23599.30078125,23644.900390625,364900,37.40339094958178,-160.38257002303362,-79.11441380691917,-81.26815621611445,24068.151242808897,24197.1740625,25072.470342844743,23448.189813405257,24260.330078125,-0.007075847935867907,1.0639140271493215,0.0,23644.80078125,0
2024-12-31,^NSEI,23560.599609375,23689.849609375,23460.44921875,23644.80078125,193600,37.40144261936684,-173.53737629723037,-97.99900630498142,-75.53836999224895,24027.83215123186,24175.0730859375,25083.935911796794,23373.599244453206,24228.767578125,-4.212721278373799e-06,-0.4694436832008769,0.0,23742.900390625,1
2025-01-01,^NSEI,23637.650390625,23822.80078125,23562.80078125,23742.900390625,154900,40.67872463539656,-174.0406046667922,-113.2073259773436,-60.833278689448605,24000.695793078827,24152.850078125,25066.549778314264,23319.560377935733,24193.055078125,0.004148887118253564,-0.199896694214876,0.0,24188.650390625,1
2025-01-02,^NSEI,23783.0,24226.69921875,23751.55078125,24188.650390625,283200,52.776741779587205,-136.89309863534436,-117.94448050894377,-18.94861812640059,24018.596230940366,24141.00109375,25043.499978537267,23314.73029490023,24179.11513671875,0.018774033191665485,0.828276307295029,0.0,24004.75,0
2025-01-03,^NSEI,24196.400390625,24196.44921875,23976.0,24004.75,312300,48.39191438339516,-120.89900856215536,-118.5353861195861,-2.363622442569266,24017.27754227938,24131.6541015625,24975.955441527927,23311.909792847073,24143.9326171875,-0.007602755327609123,0.1027542372881356,0.0,23616.05078125,0
2025-01-06,^NSEI,24045.80078125,24089.94921875,23551.900390625,23616.05078125,278100,40.69574481122941,-137.99760491721463,-122.42782987911181,-15.569775038102819,23979.06546980039,24115.2651171875,24915.295026412477,23266.39520796252,24090.8451171875,-0.016192595996625703,-0.10951008645533145,0.0,23707.900390625,1
2025-01-07,^NSEI,23679.900390625,23795.19921875,23637.80078125,23707.900390625,262300,43.00252274397806,-142.49428444847217,-126.4411207929839,-16.053163655488277,23953.240224164638,24101.4351171875,24848.38194000883,23242.198333428674,24045.29013671875,0.0038892874268343647,-0.05681409564904716,0.0,23688.94921875,0
2025-01-08,^NSEI,23746.650390625,23751.849609375,23496.150390625,23688.94921875,266400,42.634037723689744,-145.9052318724098,-130.33394300886908,-15.571288863540701,23928.069652220387,24091.5980859375,24772.589451138843,23225.880666048655,23999.23505859375,-0.0007993610384197103,0.015630956919557848,0.0,23526.5,0
2025-01-09,^NSEI,23674.75,23689.5,23503.05078125,23526.5,269200,39.508780497282835,-159.87380092965395,-136.24191459302608,-23.631886336627872,23889.824923437496,24075.345078125,24683.575149685337,23203.364889377164,23943.47001953125,-0.006857594959147506,0.010510510510510551,0.0,23431.5,0
2025-01-10,^NSEI,23551.900390625,23596.599609375,23344.349609375,23431.5,261000,37.76531607919731,-176.57426043684973,-144.30838376179082,-32.265876675058905,23846.17493072916,24054.6380859375,24604.852309300582,23170.367807886916,23887.61005859375,-0.004037999702463213,-0.03046062407132244,0.0,23085.94921875,0
2025-01-13,^NSEI,23195.400390625,23340.94921875,23047.25,23085.94921875,316500,32.19936124944938,-215.21172823665256,-158.48905265676316,-56.7226755798894,23773.77248196924,24029.540078125,24481.387877291723,23125.59708364578,23803.49248046875,-0.014747275302477436,0.21264367816091956,0.0,23176.05078125,1
2025-01-14,^NSEI,23165.900390625,23264.94921875,23134.150390625,23176.05078125,311200,34.893834032486,-235.84310425374133,-173.9598629761588,-61.88324127758253,23716.846605710267,24008.9541015625,24334.234555635794,23123.530483426704,23728.88251953125,0.003902874499386977,-0.016745655608214838,0.0,23213.19921875,1
2025-01-15,^NSEI,23250.44921875,23293.650390625,23146.44921875,23213.19921875,228000,36.02274203299743,-246.35620891951112,-188.4391321648293,-57.91707675468183,23668.880187904528,23987.13109375,24250.074099207013,23095.41086173049,23672.74248046875,0.0016028803979861728,-0.26735218508997427,0.0,23311.80078125,1
2025-01-16,^NSEI,23377.25,23391.650390625,23272.05078125,23311.80078125,299400,39.04395367256445,-243.91984196055637,-199.53527412397472,-44.38456783658165,23634.872625366002,23973.4601171875,24172.578684285774,23084.201393839223,23628.3900390625,0.004247650725383689,0.3131578947368421,0.0,23203.19921875,0
2025-01-17,^NSEI,23277.099609375,23292.099609375,23100.349609375,23203.19921875,272900,36.97296932224003,-247.89466665698637,-209.20715263057707,-38.6875140264093,23593.760872354953,23953.2580859375,24143.94825823963,23037.981819885368,23590.9650390625,-0.004658651792672774,-0.08851035404141616,0.0,23344.75,1
2025-01-20,^NSEI,23290.400390625,23391.099609375,23170.650390625,23344.75,301500,41.34037178592105,-236.89203489029023,-214.74412908251972,-22.147905807770513,23570.04555117829,23930.4720703125,24142.14195647028,23015.513121654716,23578.8275390625,0.006100485537167577,0.10480029314767325,0.0,23024.650390625,0
2025-01-21,^NSEI,23421.650390625,23426.30078125,22976.849609375,23024.650390625,312900,35.371321822943074,-251.10712659142155,-222.0167285843001,-29.09039800712145,23518.10315493512,23906.9780859375,24148.469746962255,22936.305448350242,23542.38759765625,-0.013711845677293555,0.037810945273631935,0.0,23155.349609375,1
2025-01-22,^NSEI,23099.150390625,23169.55078125,22981.30078125,23155.349609375,276000,39.22961608322069,-248.95653851862153,-227.4046905711644,-21.551847947457134,23483.55519821511,23887.12109375,24135.990776141287,22891.554341046216,23513.77255859375,0.0056764909144164655,-0.11792905081495686,0.0,23205.349609375,1
2025-01-23,^NSEI,23128.30078125,23270.80078125,23090.650390625,23205.349609375,275600,40.68840145121706,-240.44588930467216,-230.01293031786597,-10.432958986806199,23457.05942784938,23868.4020703125,24112.654929312124,22860.405226937877,23486.530078125,0.0021593282262408753,-0.0014492753623188692,0.0,23092.19921875,0
2025-01-24,^NSEI,23183.900390625,23347.30078125,23050.0,23092.19921875,264300,38.439610262588396,-240.06411963642677,-232.02316818157814,-8.040951454848624,23422.310836506582,23852.5770703125,24080.201345624588,22820.738693437914,23450.47001953125,-0.004876047658393667,-0.04100145137880984,0.0,22829.150390625,0
2025-01-27,^NSEI,22940.150390625,23007.44921875,22786.900390625,22829.150390625,257400,33.76722285951797,-258.01319100447654,-237.22117274615783,-20.792018258318706,23365.81936547024,23837.9790625,24087.58667562588,22731.778363436617,23409.68251953125,-0.011391241935562957,-0.026106696935300766,0.0,22957.25,1
2025-01-28,^NSEI,22960.44921875,23137.94921875,22857.650390625,22957.25,361900,37.736311781805085,-258.9167602343805,-241.56029024380237,-17.35646999057812,23326.907997330218,23826.470078125,24071.515941047186,22679.094019890315,23375.30498046875,0.005611229817278129,0.4059829059829059,0.0,23163.099609375,1
2025-01-29,^NSEI,23026.75,23183.349609375,22976.5,23163.099609375,226300,43.586719627282086,-240.25301503434457,-241.29883520191083,1.0458201675662622,23311.307198477338,23820.6560546875,24026.997656744887,22665.632226067613,23346.31494140625,0.008966649288351114,-0.3746891406465874,0.0,23249.5,1
2025-01-30,^NSEI,23169.5,23322.05078125,23139.19921875,23249.5,361900,45.885082730260116,-216.00015769061793,-236.2390996996523,20.23894200903436,23305.420798622352,23815.2760546875,23860.14057887283,22738.57426487717,23299.357421875,0.003730087599762788,0.5992045956694654,0.0,23508.400390625,1
2025-01-31,^NSEI,23296.75,23546.80078125,23277.400390625,23508.400390625,304900,52.17306770466727,-173.88406840917378,-223.7680934415566,49.88402503238282,23324.75218833689,23818.4460546875,23744.899563958163,22804.180318854334,23274.53994140625,0.011135740150325812,-0.15750207239568936,0.0,23482.150390625,0
2025-02-01,^NSEI,23528.599609375,23632.44921875,23318.30078125,23482.150390625,281000,51.5194155316323,-140.99956463129638,-207.21438767950457,66.21482304820819,23339.74249331671,23809.9440625,23722.106267754094,22813.583575995905,23267.844921875,-0.0011166221250199504,-0.0783863561823549,0.0,23361.05078125,0
2025-02-03,^NSEI,23319.349609375,23381.599609375,23222.0,23361.05078125,329700,48.50054117517337,-123.28888732377163,-190.429287608358,67.14040028458638,23341.771854072264,23792.7270703125,23660.573200146326,22840.431682666174,23250.50244140625,-0.005157091976693451,0.17330960854092536,0.0,23739.25,1
2025-02-04,^NSEI,23509.900390625,23762.75,23423.150390625,23739.25,376700,56.97900432335311,-77.83826073156888,-167.9110822330002,90.07282150143132,23379.626915589193,23783.6220703125,23674.27802381617,22831.75693712133,23253.01748046875,0.016189306820631133,0.1425538368213528,0.0,23696.30078125,0
2025-02-05,^NSEI,23801.75,23807.30078125,23680.44921875,23696.30078125,267000,55.85442173344421,-44.76789825070591,-143.28244543654137,98.51454718583545,23409.786331366413,23772.050078125,23710.41018334681,22812.60485571569,23261.50751953125,-0.001809207062143936,-0.2912131669763738,0.0,23603.349609375,0
2025-02-06,^NSEI,23761.94921875,23773.55078125,23556.25,23603.349609375,307000,53.398092766518026,-25.762802915262,-119.7785169322855,94.0157140170235,23428.220929271993,23765.8340625,23737.871304050223,22802.328695949775,23270.1,-0.003922602634608197,0.14981273408239693,0.0,23559.94921875,0
2025-02-07,^NSEI,23649.5,23694.5,23443.19921875,23559.94921875,368100,52.242834319174975,-14.041317184757645,-98.63107698277994,84.5897597980223,23440.76648065085,23754.4110546875,23769.80782007006,22817.79217992994,23293.8,-0.0018387386257991967,0.1990228013029316,0.0,23381.599609375,0
2025-02-10,^NSEI,23543.80078125,23568.599609375,23316.30078125,23381.599609375,234200,47.677907674858766,-18.92512122428161,-82.68988583108028,63.764764606798664,23435.131540529343,23736.52203125,23778.34500316696,22829.80987964554,23304.07744140625,-0.007570033692307909,-0.3637598478674273,0.0,23071.80078125,0
2025-02-11,^NSEI,23383.55078125,23390.05078125,22986.650390625,23071.80078125,268000,40.979573662485436,-47.249089353827,-75.60172653562962,28.35263718180262,23400.528611074165,23708.8150390625,23780.60704812615,22813.40799093635,23297.00751953125,-0.013249684936046169,0.14432109308283514,0.0,23045.25,0
2025-02-12,^NSEI,23050.80078125,23144.69921875,22798.349609375,23045.25,279700,40.45500291853248,-71.01979235442559,-74.68533969938882,3.6655473449632296,23366.692552876626,23680.3710546875,23779.4527232421,22787.907237695403,23283.67998046875,-0.0011507892904301098,0.04365671641791047,0.0,23031.400390625,0
2025-02-13,^NSEI,23055.75,23235.5,22992.19921875,23031.400390625,265700,40.16617312560998,-89.93903229245188,-77.73607821800144,-12.202954074450446,23334.759965995516,23646.8310546875,23781.971713413168,22768.20836471183,23275.0900390625,-0.0006009745771905495,-0.05005362888809439,0.0,22929.25,0
2025-02-14,^NSEI,23096.44921875,23133.69921875,22774.849609375,22929.25,254500,38.010605132317295,-111.88560149839759,-84.56598287408067,-27.319618624316917,23296.13996923404,23611.8600390625,23781.717346399815,22726.912731725188,23254.3150390625,-0.004435266153706374,-0.04215280391418896,0.0,22959.5,1
2025-02-17,^NSEI,22809.900390625,22974.19921875,22725.44921875,22959.5,207400,39.05368780989357,-125.39205199880234,-92.73119669902502,-32.660855299777324,23264.07901978318,23578.6700390625,23784.85969202012,22717.255347042377,23251.05751953125,0.0013192755977626813,-0.1850687622789784,0.0,22945.30078125,0
2025-02-18,^NSEI,22963.650390625,22992.5,22801.5,22945.30078125,210600,38.72429913969447,-135.67776084386423,-101.32050952799287,-34.357251315871366,23233.719187541927,23545.3750390625,23789.525924381385,22691.584231868612,23240.555078125,-0.0006184463402948426,0.015429122468659573,0.0,22932.900390625,0
2025-02-19,^NSEI,22847.25,23049.94921875,22814.849609375,22932.900390625,207000,38.41954165138871,-143.17938428122943,-109.69228447864019,-33.48709980258924,23205.069778311743,23511.19703125,23792.00703760807,22661.85819676693,23226.9326171875,-0.0005404326900405598,-0.017094017094017144,0.0,22913.150390625,0
2025-02-20,^NSEI,22821.099609375,22923.849609375,22812.75,22913.150390625,240800,37.907840631392396,-149.00054926171288,-117.55393743525472,-31.446611826458152,23177.267931865386,23478.4860546875,23796.81500126734,22639.14535029516,23217.98017578125,-0.0008612081186238907,0.16328502415458934,0.0,22795.900390625,0
2025-02-21,^NSEI,22857.19921875,22921.0,22720.30078125,22795.900390625,242800,34.933210082534615,-161.2165554514213,-126.28646103848806,-34.930094412933244,23140.947213652016,23439.038046875,23799.782540373017,22632.852811189485,23216.31767578125,-0.005117148798882476,0.008305647840531671,0.0,22553.349609375,0
2025-02-24,^NSEI,22609.349609375,22668.05078125,22518.80078125,22553.349609375,214300,29.73507526032391,-188.29905503935152,-138.68897983866077,-49.610075200690744,23084.985537054206,23396.7400390625,23838.992792627145,22553.252519872858,23196.12265625,-0.010640105330068539,-0.11738056013179576,0.0,22547.55078125,0
2025-02-25,^NSEI,22516.44921875,22625.30078125,22513.900390625,22547.55078125,250300,29.621589949443177,-207.83426402517216,-152.51803667596306,-55.3162273492091,23033.801274596663,23360.9710546875,23867.772435081355,22462.917994606145,23165.34521484375,-0.00025711604818956513,0.16798880074661682,0.0,22545.05078125,0
2025-02-27,^NSEI,22568.94921875,22613.30078125,22508.400390625,22545.05078125,289200,29.569194380891545,-220.9705757488191,-166.20854449053428,-54.76203125828482,22987.25360856365,23327.895078125,23881.107536714324,22379.137971098175,23130.12275390625,-0.00011087678764998277,0.15541350379544538,0.0,22124.69921875,0
2025-02-28,^NSEI,22433.400390625,22450.349609375,22104.849609375,22124.69921875,551300,22.39598259118584,-262.2766930451362,-185.42217420145468,-76.85451884368152,22905.10557143854,23291.355078125,23908.515631315862,22213.359759309136,23060.9376953125,-0.018644959666695105,0.9062932226832643,0.0,22119.30078125,0
2025-03-03,^NSEI,22194.55078125,22261.55078125,22004.69921875,22119.30078125,282400,22.321091581515375,-292.080772060257,-206.75389377321517,-85.32687828704184,22830.267019992014,23261.99109375,23910.21919298501,22075.371236702493,22992.79521484375,-0.00024400049223838316,-0.4877562125884274,0.0,22082.650390625,0
2025-03-04,^NSEI,21974.44921875,22105.05078125,21964.599609375,22082.650390625,253300,21.788394870595127,-315.02666829506416,-228.408448677585,-86.61821961747916,22759.065436242774,23228.5751171875,23910.646027968283,21947.104362656715,22928.8751953125,-0.0016569416451024388,-0.1030453257790368,0.0,22337.30078125,1
2025-03-05,^NSEI,22073.05078125,22394.900390625,22067.80078125,22337.30078125,305900,33.63870834413679,-309.10018354831845,-244.5467956517317,-64.55338789658674,22718.89737386251,23200.768125,23798.389326680197,21919.1661420698,22858.777734375,0.011531695069225467,0.20765890248716934,0.0,22544.69921875,1
2025-03-06,^NSEI,22476.349609375,22556.44921875,22245.849609375,22544.69921875,372100,41.42319750114419,-284.38981235302344,-252.51539899199008,-31.874413361033362,22702.307073375603,23176.658125,23666.673349029912,21935.721963470085,22801.19765625,0.009284847776867,0.2164105916966328,0.0,22552.5,1
2025-03-07,^NSEI,22508.650390625,22633.80078125,22464.75,22552.5,289800,41.70021013694144,-261.1666408341698,-254.24564736042603,-6.920993473743778,22688.039733054116,23151.4401171875,23537.125770947634,21960.184580614863,22748.65517578125,0.00034601398645017767,-0.22117710292932002,0.0,22460.30078125,0
2025-03-10,^NSEI,22521.849609375,22676.75,22429.05078125,22460.30078125,293900,39.332650351402414,-247.35051375148396,-252.86662063863764,5.516106887153683,22666.350309072775,23127.748125,23396.939175057476,21990.40633275502,22693.67275390625,-0.004088203913091726,0.014147688060731634,0.0,22497.900390625,1
2025-03-11,^NSEI,22345.94921875,22522.099609375,22314.69921875,22497.900390625,347900,40.80856868752832,-230.70770444879236,-248.43483740066858,17.72713295187623,22650.307459696796,23104.8101171875,23281.77815979129,22017.19742614621,22649.48779296875,0.0016740474556060647,0.18373596461381414,0.0,22470.5,0
2025-03-12,^NSEI,22536.349609375,22577.400390625,22329.55078125,22470.5,369700,40.04402357092675,-217.22510490880813,-242.19289090229648,24.96778599348835,22633.182939725673,23079.362109375,23225.156322130282,22013.689185682215,22619.42275390625,-0.0012179087892316698,0.06266168439206665,0.0,22397.19921875,0
2025-03-13,^NSEI,22541.5,22558.05078125,22377.349609375,22397.19921875,287500,37.993352944622536,-210.0336706691196,-235.76104685566114,25.727376186541534,22610.70829963275,23043.5330859375,23166.954994568972,22007.085435118526,22587.02021484375,-0.003262089461738671,-0.22234243981606705,0.0,22508.75,1
2025-03-17,^NSEI,22353.150390625,22577.0,22353.150390625,22508.75,251100,42.79449669625264,-193.10717216885678,-227.23027191830028,34.1230997494435,22600.997985382015,23013.6130859375,23104.324178820556,22017.451211804444,22560.8876953125,0.004980568336268254,-0.12660869565217392,0.0,22834.30078125,1
2025-03-18,^NSEI,22662.25,22857.80078125,22599.19921875,22834.30078125,272600,53.99095131343237,-151.6751560684388,-212.11924874832798,60.44409267988917,22623.217299274205,22997.9780859375,23088.16076374922,22024.119705000783,22556.140234375,0.01446329899483545,0.08562325766626833,0.0,22907.599609375,1
2025-03-19,^NSEI,22874.94921875,22940.69921875,22807.94921875,22907.599609375,324000,56.075502151883626,-111.63848302174665,-192.02309560301174,80.38461258126509,22650.301328807614,22981.9720703125,23078.124880404877,22028.965549282624,22553.54521484375,0.0032100316461272094,0.18855465884079248,0.0,23190.650390625,1
2025-03-20,^NSEI,23036.599609375,23216.69921875,22973.94921875,23190.650390625,313700,63.03950616692797,-56.41893631255152,-164.9022637449197,108.48332743236818,22701.763144218792,22972.00609375,23135.96002491373,21995.66536571127,22565.8126953125,0.012356195589090069,-0.03179012345679011,0.0,23350.400390625,1
2025-03-21,^NSEI,23168.25,23402.69921875,23132.80078125,23350.400390625,541000,66.28810828496115,0.23078189336956711,-131.87565461726186,132.10643651063143,22763.538120067,22968.4841015625,23234.368025466658,21939.00736515834,22586.6876953125,0.0068885519512889015,0.7245776219317819,0.0,23658.349609375,1
2025-03-24,^NSEI,23515.400390625,23708.75,23433.5,23658.349609375,311900,71.49017819078647,69.17758389922528,-91.66500691396445,160.84259081318973,22848.75826190586,22973.02109375,23412.81574702096,21835.079565479038,22623.94765625,0.013188177230298859,-0.42347504621072085,0.0,23668.650390625,1
2025-03-25,^NSEI,23751.5,23869.599609375,23601.400390625,23668.650390625,338200,71.64777807768957,123.22909982803685,-48.68618556556419,171.91528539360104,22926.843226545778,22984.6751171875,23577.01528060367,21758.155031896327,22667.58515625,0.00043539728764163677,0.08432189804424506,0.0,23486.849609375,0
2025-03-26,^NSEI,23700.94921875,23736.5,23451.69921875,23486.849609375,278600,64.83561129118522,149.6702069679559,-9.014907058860175,158.68511402681605,22980.177167767608,22990.89109375,23688.92821532386,21739.592097176137,22714.26015625,-0.007681079328545448,-0.17622708456534597,0.0,23591.94921875,1
2025-03-27,^NSEI,23433.94921875,23646.44921875,23412.19921875,23591.94921875,510300,66.80078267379496,177.06454513919743,28.20098338075135,148.86356175844608,23038.441172623072,22998.46609375,23809.350808062383,21723.60934818762,22766.480078125,0.004474827877002596,0.8316582914572865,0.0,23519.349609375,0
2025-03-28,^NSEI,23600.400390625,23649.19921875,23450.19921875,23519.349609375,295400,64.13449559532964,190.7180942959967,60.70440556380042,130.01368873219627,23084.241976123256,23002.6170703125,23902.229102165864,21728.160936896635,22815.19501953125,-0.0030773044101545244,-0.421124828532236,0.0,23165.69921875,0
2025-04-01,^NSEI,23341.099609375,23565.150390625,23136.400390625,23165.69921875,314300,53.03057738437465,171.03046667045055,82.76961778513045,88.2608488853201,23091.999808754375,23001.8670703125,23916.063419142913,21818.426619919584,22867.24501953125,-0.015036571865236992,0.06398104265402837,0.0,23332.349609375,1
2025-04-02,^NSEI,23192.599609375,23350.0,23158.44921875,23332.349609375,341000,56.824101362189715,166.95067029948768,99.6058282880019,67.34484201148578,23114.89026595634,23001.6190625,23936.20569751644,21919.58922435856,22927.8974609375,0.0071938424586863725,0.08495068405981554,0.0,23250.099609375,0
2025-04-03,^NSEI,23150.30078125,23306.5,23145.80078125,23250.099609375,283200,54.48515606278791,155.29042333877078,110.74274729815569,44.54767604061509,23127.76734628193,23006.128046875,23924.84887224972,22047.690971500277,22986.269921875,-0.0035251486188494496,-0.16950146627565987,0.0,22904.44921875,0
2025-04-04,^NSEI,23190.400390625,23214.69921875,22857.44921875,22904.44921875,466800,45.92930540883512,116.81196024745441,111.95658988801544,4.855370359438965,23106.49895318365,23001.1100390625,23906.15446559217,22123.100221907825,23014.62734375,-0.014866619775066536,0.6483050847457628,0.0,22161.599609375,0
2025-04-07,^NSEI,21758.400390625,22254.0,21743.650390625,22161.599609375,647100,33.68632486681098,26.07516750214927,94.78030541084222,-68.70513790869295,23016.50853948759,22980.2350390625,23941.367563851876,22049.577162710622,22995.47236328125,-0.03243254628305536,0.38624678663239065,0.0,22535.849609375,1
2025-04-08,^NSEI,22446.75,22697.19921875,22270.849609375,22535.849609375,468300,42.065143844970315,-15.45736433536149,72.73277146160147,-88.19013579696296,22970.73149852449,22969.108046875,23942.1210680299,22047.158619470098,22994.63984375,0.016887318902814252,-0.27630968938340283,0.0,22399.150390625,0
2025-04-09,^NSEI,22460.30078125,22468.69921875,22353.25,22399.150390625,383800,40.07343790123171,-58.72572593927907,46.44107198142537,-105.16679792070444,22916.295202534064,22960.508046875,23946.308027064417,22036.856621373085,22991.58232421875,-0.006065856008070525,-0.18043988896006835,0.0,22828.55078125,1
2025-04-11,^NSEI,22695.400390625,22923.900390625,22695.400390625,22828.55078125,402200,48.346785658237444,-57.7020381894763,25.612449947245036,-83.31448813672134,22907.9385909832,22957.9340625,23939.23210669551,22076.997580804495,23008.11484375,0.019170387409190415,0.04794163626889003,0.0,23328.55078125,1
2025-04-15,^NSEI,23368.349609375,23368.349609375,23207.0,23328.55078125,388300,55.969472182238704,-16.35639065684518,17.218681826426995,-33.57507248327217,22947.996894818134,22961.2430859375,23957.85074120164,22144.18402442336,23051.0173828125,0.02190239778210845,-0.03455992043759326,0.0,23437.19921875,1
2025-04-16,^NSEI,23344.099609375,23452.19921875,23273.05078125,23437.19921875,348400,57.43927111816953,24.890432374781085,18.753031936097813,6.137400438683272,22994.587592335454,22964.9970703125,23972.420847055273,22233.61391856973,23103.0173828125,0.004657316201027051,-0.10275560133917072,0.0,23851.650390625,1
2025-04-17,^NSEI,23401.849609375,23872.349609375,23298.55078125,23851.650390625,505300,62.57186388467556,89.98429965881951,32.99928548064216,56.98501417817735,23076.212620743983,22971.8620703125,24052.935363341225,22287.389441346277,23170.16240234375,0.017683476937954135,0.4503444316877152,0.0,24125.55078125,1
2025-04-21,^NSEI,23949.150390625,24189.55078125,23903.650390625,24125.55078125,406100,65.53034405201471,161.807910034815,58.761010391476724,103.04689964333826,23176.149588411223,22984.730078125,24195.249561188244,22274.200243499257,23234.72490234375,0.011483498464016417,-0.19631901840490795,0.0,24167.25,1
2025-04-22,^NSEI,24185.400390625,24242.599609375,24072.0,24167.25,440900,65.97134066227866,219.56243806404382,90.92129592599015,128.64114213805368,23270.54010380063,23000.8540625,24326.91043842426,22268.504405325737,23297.707421875,0.0017284255654137493,0.08569317901994578,0.0,24328.94921875,1
2025-04-23,^NSEI,24357.599609375,24359.30078125,24119.94921875,24328.94921875,415000,67.69719155420327,275.20865909191707,127.77876855917555,147.42989053274152,23371.340971891048,23012.648046875,24475.649255995864,22233.595470566637,23354.62236328125,0.006690840652122221,-0.058743479246994745,0.0,24246.69921875,0
2025-04-24,^NSEI,24277.900390625,24347.849609375,24216.150390625,24246.69921875,358800,65.8672360069573,309.10859113264814,164.04473307387008,145.06385805877807,23454.708423972854,23023.656015625,24585.955082261178,22212.919527113823,23399.4373046875,-0.0033807460922566923,-0.13542168674698796,0.0,24039.349609375,0
2025-04-25,^NSEI,24289.0,24365.44921875,23847.849609375,24039.349609375,387700,61.36389528963377,315.6050523411068,194.35679692731742,121.24825541378937,23510.388536868297,23032.376015625,24632.92678927813,22204.04782009687,23418.4873046875,-0.00855166336268387,0.08054626532887399,0.0,24328.5,1
2025-04-28,^NSEI,24070.25,24355.099609375,24054.05078125,24328.5,320500,64.96152009314287,340.16436163017715,223.51830986788937,116.64605176228778,23588.30391430941,23047.74703125,24725.692308197704,22177.267262114798,23451.47978515625,0.012028211882747275,-0.17332989424812995,0.0,24335.94921875,1
2025-04-29,^NSEI,24370.69921875,24457.650390625,24290.75,24335.94921875,357600,65.05180577924877,356.1237084477689,250.0393895838653,106.08431886390358,23659.50822901804,23066.8340234375,24825.330605827505,22162.538925422494,23493.934765625,0.0003061930965739812,0.11575663026521066,0.0,24334.19921875,0
2025-04-30,^NSEI,24342.05078125,24396.150390625,24198.75,24334.19921875,424500,65.0094256790006,364.4294792199762,272.9174075110875,91.5120717088887,23723.764513754417,23092.0819921875,24911.76919140019,22150.325339849805,23531.047265625,-7.191007773188485e-05,0.18708053691275173,0.0,24346.69921875,1
2025-05-02,^NSEI,24311.900390625,24589.150390625,24238.5,24346.69921875,421100,65.18390314793311,367.7809579820205,291.8901176052741,75.89084037674638,23783.091628515904,23118.1109765625,24998.099920755394,22146.729571432104,23572.41474609375,0.0005136803511647248,-0.008009422850412284,0.0,24461.150390625,1
2025-05-05,^NSEI,24419.5,24526.400390625,24400.650390625,24461.150390625,291500,66.81552010810762,375.34553245533607,308.5812005752865,66.76433188004955,23847.668653478675,23146.7059765625,25100.29460936425,22174.080000010752,23637.1873046875,0.004700890697612925,-0.30776537639515555,0.0,24379.599609375,0
2025-05-06,^NSEI,24500.75,24509.650390625,24331.80078125,24379.599609375,302400,64.49617871491148,370.48927597482543,320.9628156551943,49.526460319631155,23898.32874451642,23175.71296875,25179.974462732,22199.125146643,23689.5498046875,-0.0033338898599493128,0.03739279588336197,0.0,24414.400390625,1
2025-05-07,^NSEI,24233.30078125,24449.599609375,24220.0,24414.400390625,330100,65.05366541032495,365.2385473108952,329.81796198633447,35.42058532456076,23947.47842509819,23204.8109765625,25255.832507274954,22239.697180225045,23747.76484375,0.0014274549954715887,0.09160052910052907,0.0,24273.80078125,0
2025-05-08,^NSEI,24431.5,24447.25,24150.19921875,24273.80078125,411400,60.89350403072259,345.74654265470235,333.00367812000803,12.74286453469432,23978.556744731693,23231.3809765625,25288.857069769667,22343.607773980333,23816.232421875,-0.005758880297096702,0.2462890033323235,0.0,24008.0,0
2025-05-09,^NSEI,23935.75,24164.25,23935.75,24008.0,335600,53.8787458150248,305.3314163695977,327.469225769926,-22.137809400328308,23981.360864281058,23252.88296875,25171.218043030665,22645.886839781833,23908.55244140625,-0.0109501096942064,-0.18424890617403988,0.0,24924.69921875,1
2025-05-12,^NSEI,24420.099609375,24944.80078125,24378.849609375,24924.69921875,368700,67.69893245502726,343.3145865437182,330.6382979246845,12.676288619033699,24071.20261232572,23293.1139453125,25197.14274767435,22858.847096075653,24027.994921875,0.038183073090219954,0.09862932061978547,0.0,24578.349609375,0
2025-05-13,^NSEI,24864.05078125,24973.80078125,24547.5,24578.349609375,423000,60.34187534711952,341.5320349460235,332.8170453289523,8.714989617071183,24119.50232633041,23328.7629296875,25058.566895123207,23215.342870501794,24136.9548828125,-0.01389583907654357,0.14727420667209112,0.0,24666.900390625,1
2025-05-14,^NSEI,24613.80078125,24767.55078125,24535.55078125,24666.900390625,345500,61.49403508815213,343.30722595984116,334.9150814551301,8.392144504711041,24171.635475310846,23371.0339453125,24956.442014947344,23501.302711615157,24228.87236328125,0.0036027960647213586,-0.18321513002364065,0.0,25062.099609375,1
2025-05-15,^NSEI,24694.44921875,25116.25,24494.44921875,25062.099609375,500800,66.21196820845032,372.3115756748266,342.39438029906944,29.91719537575716,24256.441583316955,23421.324921875,25005.508804297577,23625.590805077423,24315.5498046875,0.01602143814146184,0.4494934876989869,0.0,25019.80078125,0
2025-05-16,^NSEI,25064.650390625,25070.0,24953.05078125,25019.80078125,432700,65.28989232498522,387.4186488412706,351.3992340075097,36.01941483376095,24329.142459310577,23470.819921875,25023.87864419174,23765.48112143326,24394.6798828125,-0.0016877607536591732,-0.13598242811501593,0.0,24945.44921875,0
2025-05-19,^NSEI,25005.349609375,25062.94921875,24916.650390625,24945.44921875,255300,63.612934865248775,388.908468714224,358.90108094885255,30.007387765371448,24387.83834116195,23527.234921875,25070.353148440765,23828.386499996734,24449.36982421875,-0.0029717088137536374,-0.409983822509822,0.0,24683.900390625,0
2025-05-20,^NSEI,24996.19921875,25010.349609375,24669.69921875,24683.900390625,414800,57.972110625960745,364.77940718347236,360.07674619577654,4.702660987695822,24416.0347268251,23578.5269140625,25087.641225701253,23866.933383673746,24477.2873046875,-0.010484831354666824,0.6247551899725812,0.0,24813.44921875,1
2025-05-21,^NSEI,24744.25,24946.19921875,24685.349609375,24813.44921875,332700,59.870253692862256,352.05222096640136,358.47184114990154,-6.419620183500172,24453.88372605604,23633.142890625,25119.295974027267,23899.898557222736,24509.597265625,0.00524831270888626,-0.1979267116682739,0.0,24609.69921875,0
2025-05-22,^NSEI,24733.94921875,24737.5,24462.400390625,24609.69921875,403300,55.61584948411546,321.81522639785544,351.14051819949236,-29.325291801636922,24468.723296788798,23678.590859375,25128.962483673935,23918.307047576065,24523.634765625,-0.008211272774042211,0.21220318605350164,0.0,24853.150390625,1
2025-05-23,^NSEI,24639.5,24909.05078125,24614.05078125,24853.150390625,270500,59.33424377417408,313.8784697042902,343.68810850045196,-29.809638796161778,24505.335400963675,23724.7598828125,25161.510832972413,23946.403815465088,24553.95732421875,0.009892488718005854,-0.3292834118522192,0.0,25001.150390625,1
2025-05-26,^NSEI,24919.349609375,25079.19921875,24900.5,25001.150390625,302800,61.44871101091153,315.8895182240958,338.1283904451808,-22.23887222108499,24552.555876169517,23773.732890625,25191.0318845242,24013.0628420383,24602.04736328125,0.005954979456279652,0.11940850277264325,0.0,24826.19921875,0
2025-05-27,^NSEI,24956.650390625,25062.900390625,24704.099609375,24826.19921875,525700,57.63376066380722,299.9090266501662,330.48451768617787,-30.57549103601167,24578.617146891465,23821.050859375,25209.60624676097,24044.25840167653,24626.93232421875,-0.0069977248703164685,0.7361294583883751,0.0,24752.44921875,0
2025-05-28,^NSEI,24832.5,24864.25,24737.05078125,24752.44921875,684400,56.05392471943381,278.08774092528984,320.00516233400026,-41.917421408710425,24595.172582306564,23866.1418359375,25216.95925863188,24078.55538980562,24647.75732421875,-0.0029706520659956714,0.3018832033479171,0.0,24833.599609375,1
2025-05-29,^NSEI,24825.099609375,24892.599609375,24677.30078125,24833.599609375,345400,57.43649028891688,264.2957363653404,308.86327714026834,-44.56754077492792,24617.879918217845,23913.403828125,25228.371626117307,24117.083061382695,24672.72734375,0.003278479228775888,-0.4953243717124488,0.0,24750.69921875,0
2025-05-30,^NSEI,24812.599609375,24863.94921875,24717.400390625,24750.69921875,853900,55.51504944363494,243.8649809894232,295.8636179100993,-51.99863692067612,24630.529375411385,23960.473828125,25228.712247911626,24157.142439588377,24692.92734375,-0.00333823496911434,1.4722061378112334,0.0,24716.599609375,0
2025-06-02,^NSEI,24669.69921875,24754.400390625,24526.150390625,24716.599609375,311100,54.70438932267897,222.35869405257108,281.1626331385937,-58.80393908602264,24638.726540550775,24004.6308203125,25230.8482451554,24180.551364219602,24705.6998046875,-0.0013777230725331435,-0.6356716243119803,0.0,24542.5,0
2025-06-03,^NSEI,24786.30078125,24845.099609375,24502.150390625,24542.5,349300,50.6386175612061,189.08674890629118,262.7474562921332,-73.66070738584204,24629.562108117367,24038.7948046875,25223.328962270807,24204.360686166696,24713.84482421875,-0.007043833380258491,0.12279009964641596,0.0,24620.19921875,1
2025-06-04,^NSEI,24560.44921875,24644.25,24530.44921875,24620.19921875,280900,52.341046002107596,167.0623791460239,243.6104408629114,-76.5480617168875,24628.670404368095,24073.046796875,25217.055714127633,24231.213817122367,24724.134765625,0.003165904807986175,-0.19582021185227594,0.0,24750.900390625,1
2025-06-05,^NSEI,24691.19921875,24899.849609375,24613.099609375,24750.900390625,388400,55.14359691077222,158.32927832506175,226.55420835534147,-68.22493003027972,24640.31135544018,24104.251796875,25195.514003916494,24300.465488271006,24747.98974609375,0.005308696762106768,0.38269846920612327,0.0,25003.05078125,1
2025-06-06,^NSEI,24748.69921875,25029.5,24671.44921875,25003.05078125,335600,60.02718057973716,169.79734413257393,215.20283551078796,-45.40549137821404,24674.857967422067,24137.3048046875,25104.12596982853,24491.358600483974,24797.74228515625,0.01018752395450262,-0.1359423274974253,0.0,25103.19921875,1
2025-06-09,^NSEI,25160.099609375,25160.099609375,25077.150390625,25103.19921875,279200,61.80579135541008,184.83633265261233,209.12953493915285,-24.29320228654052,24715.652372310444,24166.201796875,25136.802885769026,24476.531684543475,24806.66728515625,0.004005448710087123,-0.16805721096543502,0.0,25104.25,1
2025-06-10,^NSEI,25196.05078125,25199.30078125,25055.44921875,25104.25,307300,61.82498459031922,194.59644201843184,206.22291635500866,-11.62647433657682,24752.66167018564,24194.9137890625,25169.87342769072,24496.051181684277,24832.9623046875,4.18584595869298e-05,0.10064469914040108,0.0,25141.400390625,1
2025-06-11,^NSEI,25134.150390625,25222.400390625,25081.30078125,25141.400390625,301200,62.54168014306887,202.98919200426462,205.57617148485988,-2.586979480595261,24789.684405465578,24228.0048046875,25209.914003868398,24503.460605506603,24856.6873046875,0.0014798446727146697,-0.01985030914415875,0.0,24888.19921875,0
2025-06-12,^NSEI,25164.44921875,25196.19921875,24825.900390625,24888.19921875,328300,54.96730297548737,187.05305714838323,201.87154861756454,-14.81849146918131,24799.066768635523,24253.9298046875,25188.91228268911,24507.072287623392,24847.99228515625,-0.010071084662786611,0.08997343957503312,0.0,24718.599609375,0
2025-06-13,^NSEI,24473.0,24754.349609375,24473.0,24718.599609375,318700,50.551073937068594,158.90650906729206,193.27854070751005,-34.37203164021798,24791.403229658332,24277.9148046875,25168.735866062703,24497.1285870623,24832.9322265625,-0.006814458847919758,-0.02924154736521478,0.0,24946.5,1
2025-06-16,^NSEI,24732.349609375,24967.099609375,24703.599609375,24946.5,305800,55.70147800480522,153.22355801011872,185.2675441680318,-32.04398615791308,24806.17435064325,24313.5308203125,25168.859126639196,24497.1104046108,24832.984765625,0.00921979376770854,-0.04047693755883275,0.0,24853.400390625,0
2025-06-17,^NSEI,24977.849609375,24982.05078125,24813.69921875,24853.400390625,242400,53.260965990923815,139.59821659911177,176.13367865424783,-36.535462055136065,24810.67206873675,24343.9518359375,25170.340311206062,24512.57922004394,24841.459765625,-0.0037319707924959866,-0.2073250490516677,0.0,24812.05078125,0
2025-06-18,^NSEI,24788.349609375,24947.55078125,24750.44921875,24812.05078125,237600,52.167704147410134,124.03368435716766,165.71367979483182,-41.67999543766416,24810.80337469039,24375.190859375,25170.29477413349,24512.48491336651,24841.38984375,-0.0016637405234334324,-0.01980198019801982,0.0,24793.25,0
2025-06-19,^NSEI,24803.25,24863.099609375,24733.400390625,24793.25,274600,51.64859008825798,108.92598356239978,154.35614054834542,-45.430156985945644,24809.131624719877,24412.966875,25162.927630133236,24538.207135491764,24850.5673828125,-0.0007577278241026608,0.1557239057239057,0.0,25112.400390625,1
2025-06-20,^NSEI,24787.650390625,25136.19921875,24783.650390625,25112.400390625,574700,59.09057245226435,121.30743451592934,147.74639934186223,-26.438964825932885,24838.014364329887,24471.982890625,25196.10587246213,24530.953893162874,24863.5298828125,0.01287247095983779,1.0928623452294248,0.0,24971.900390625,0
2025-06-23,^NSEI,24939.75,25057.0,24824.849609375,24971.900390625,248500,55.071964062988286,118.41760338817039,141.88064015112388,-23.463036762953493,24850.76541445323,24520.70390625,25192.45985522224,24531.67491040276,24862.0673828125,-0.0055948454872697395,-0.5676004872107187,0.0,25044.349609375,1
2025-06-24,^NSEI,25179.900390625,25317.69921875,24999.69921875,25044.349609375,450200,56.7069634822824,120.58342718108906,137.62119755711691,-17.03777037602785,24869.202004445782,24573.607890625,25212.196580426385,24533.753224261116,24872.97490234375,0.0029012296868362597,0.8116700201207243,0.0,25244.75,1
2025-06-25,^NSEI,25150.349609375,25266.80078125,25125.05078125,25244.75,260600,60.941142761338696,136.89248351108108,137.47545474790977,-0.5829712368286835,24904.96848021285,24621.931875,25268.245850377527,24526.934032434976,24897.58994140625,0.008001820520425307,-0.4211461572634385,0.0,25549.0,1
2025-06-26,^NSEI,25268.94921875,25565.30078125,25259.900390625,25549.0,428900,66.32587616044496,172.38086116550767,144.45653603142935,27.924325134078316,24966.304815430674,24666.340859375,25398.4576775896,24468.262244285404,24933.3599609375,0.012052010814129765,0.6458173445894091,0.0,25637.80078125,1
2025-06-27,^NSEI,25576.650390625,25654.19921875,25523.55078125,25637.80078125,564000,67.72446175241916,205.30451439999524,156.62613170514254,48.6783826948527,25030.256812175372,24710.352890625,25526.368644473336,24429.061433651663,24977.7150390625,0.003475704773181043,0.3149918395896478,0.0,25517.05078125,0
2025-06-30,^NSEI,25661.650390625,25669.349609375,25473.30078125,25517.05078125,271000,63.84160323498923,219.12726819453746,169.12635900302155,50.000909191515916,25076.61814256343,24743.6608984375,25600.106821586196,24435.368373726305,25017.73759765625,-0.004709842354665206,-0.5195035460992907,0.0,25541.80078125,1
2025-07-01,^NSEI,25551.349609375,25593.400390625,25501.80078125,25541.80078125,260700,64.29348643788433,229.43424318234975,181.1879358388872,48.24630734346255,25120.92125100977,24771.9858984375,25649.876306426657,24485.528967010843,25067.70263671875,0.0009699396772837598,-0.03800738007380078,0.0,25453.400390625,0
2025-07-02,^NSEI,25588.30078125,25608.099609375,25378.75,25453.400390625,309800,61.34460656020463,227.84299022342748,190.51894671579527,37.32404350763221,25152.585930973128,24797.70890625,25676.535181799598,24542.1902088254,25109.3626953125,-0.0034610085397696055,0.1883390870732642,0.0,25405.30078125,0
2025-07-03,^NSEI,25505.099609375,25587.5,25384.349609375,25405.30078125,293400,59.73906851786323,220.16277487556727,196.4477123477497,23.715062527817565,25176.654011951876,24819.2359375,25698.157400547705,24586.008029139794,25142.08271484375,-0.00188971251922454,-0.05293737895416395,0.0,25461.0,1
2025-07-04,^NSEI,25428.849609375,25470.25,25331.650390625,25461.0,193500,61.0116094494705,216.0797771685502,200.3741253119098,15.7056518566404,25203.73458224217,24843.521953125,25733.836530631703,24596.123820930796,25164.98017578125,0.0021924250859925998,-0.3404907975460123,0.0,25461.30078125,1
2025-07-07,^NSEI,25450.44921875,25489.80078125,25407.25,25461.30078125,196100,61.01877467340441,210.44239368392664,202.38777898631318,8.05461469761346,25228.264696433394,24871.9609765625,25765.219340215674,24600.551167596826,25182.88525390625,1.1813410706551508e-05,0.013436692506459957,0.0,25522.5,1
2025-07-08,^NSEI,25427.849609375,25548.05078125,25424.150390625,25522.5,210400,62.52775632585916,208.5094252850431,203.61210824605917,4.897317038983942,25256.28710629688,24895.8409765625,25803.126204736272,24604.469303076225,25203.79775390625,0.0024036171315751087,0.07292197858235605,0.0,25476.099609375,0
2025-07-09,^NSEI,25514.599609375,25548.69921875,25424.349609375,25476.099609375,239100,60.61196895138957,200.91735990517918,203.0731585778832,-2.155798672704009,25277.22163039956,24918.643984375,25830.55347696046,24610.51195272704,25220.53271484375,-0.00181801902732881,0.13640684410646386,0.0,25355.25,0
2025-07-10,^NSEI,25511.650390625,25524.05078125,25340.44921875,25355.25,219600,55.81533787047571,183.0390793308652,199.0663427284796,-16.027263397614405,25284.652903694838,24939.065,25836.746624506144,24651.023883306356,25243.88525390625,-0.004743646446198069,-0.081555834378921,0.0,25149.849609375,0
2025-07-11,^NSEI,25255.5,25322.44921875,25129.0,25149.849609375,250000,48.75340513349062,150.5607476705809,189.3652237168999,-38.804476046318996,25271.814494711994,24955.1280078125,25809.698043702174,24721.197464110326,25265.44775390625,-0.008100901810276007,0.1384335154826959,0.0,25082.30078125,0
2025-07-14,^NSEI,25149.5,25151.099609375,25001.94921875,25082.30078125,259500,46.66247728261689,118.0104588251088,175.09427073854167,-57.08381191343287,25253.765569620376,24967.551015625,25803.638760407957,24740.836825529543,25272.23779296875,-0.002685854157148504,0.038000000000000034,0.0,25195.80078125,1
2025-07-15,^NSEI,25089.5,25245.19921875,25088.44921875,25195.80078125,241300,50.503700541232284,100.21737829004996,160.11889224884334,-59.90151395879337,25248.245113585104,24983.8750390625,25786.648650292143,24792.066974707854,25289.3578125,0.004525103218794291,-0.07013487475915225,0.0,25212.05078125,1
2025-07-16,^NSEI,25196.599609375,25255.30078125,25121.05078125,25212.05078125,228800,51.04727094755348,86.43114848862024,145.38134349679873,-58.9501950081785,25244.798034315096,24999.828046875,25758.054873279332,24860.660751720665,25309.3578125,0.0006449487413033861,-0.05180273518441769,0.0,25111.44921875,0
2025-07-17,^NSEI,25230.75,25238.349609375,25101.0,25111.44921875,243400,47.564670806663734,66.61980507167755,129.6290358117745,-63.00923074009694,25232.09814711842,25016.581015625,25718.811484345446,24931.724062529553,25325.2677734375,-0.003990217351728331,0.06381118881118875,0.0,24968.400390625,0
2025-07-18,^NSEI,25108.55078125,25144.599609375,24918.650390625,24968.400390625,317000,43.06557167403083,38.927594680091715,111.48874758543795,-72.56115290534623,25206.98407507143,25035.7890234375,25731.683118468598,24904.4524284064,25318.0677734375,-0.0056965580472427835,0.3023829087921117,0.0,25090.69921875,1
2025-07-21,^NSEI,24999.0,25111.400390625,24882.30078125,25090.69921875,305200,47.62671342785274,26.543831007995323,94.49976426994944,-67.95593326195412,25195.90932685034,25039.1090234375,25720.63025905555,24927.385170631947,25324.00771484375,0.004898144302865282,-0.037223974763406886,0.0,25060.900390625,0
2025-07-22,^NSEI,25166.650390625,25182.0,25035.55078125,25060.900390625,483700,46.64614935509851,14.161843767655228,78.4321801694906,-64.27033640183537,25183.05133292412,25048.7600390625,25719.182898648905,24930.487609163596,25324.83525390625,-0.0011876443882732346,0.584862385321101,0.0,25219.900390625,1
2025-07-23,^NSEI,25139.349609375,25233.5,25085.5,25219.900390625,271500,52.290486816458596,16.98322876434031,66.14238988846054,-49.15916112412023,25186.560766990868,25059.8200390625,25719.0967878431,24928.0887590319,25323.5927734375,0.006344544590244583,-0.4387016745916891,0.0,25062.099609375,0
2025-07-24,^NSEI,25243.30078125,25246.25,25018.69921875,25062.099609375,338700,46.97865309389378,6.4120780065932195,54.19632751208708,-47.78424950549386,25174.707323408406,25059.8200390625,25696.194547469317,24902.300960343182,25299.24775390625,-0.006256994627491075,0.24751381215469603,0.0,24837.0,0
2025-07-25,^NSEI,25010.349609375,25010.349609375,24806.349609375,24837.0,278100,40.63711089796766,-19.899898725336243,39.37708226460242,-59.276980989938664,25142.544721179034,25056.1640234375,25672.686740600853,24845.728689086645,25259.20771484375,-0.008981674037030651,-0.1789193976970771,0.0,24680.900390625,0
2025-07-28,^NSEI,24782.44921875,24889.19921875,24646.599609375,24680.900390625,262100,36.915625531516795,-52.740306328982115,20.953604545885515,-73.69391087486763,25098.578594459603,25050.873046875,25683.838500829825,24750.961889795177,25217.4001953125,-0.006284962329387578,-0.05753326141675652,0.0,24821.099609375,1
2025-07-29,^NSEI,24609.650390625,24847.150390625,24598.599609375,24821.099609375,284700,42.04878219312465,-66.68495801184326,3.4258920343397588,-70.11085004618302,25072.152024451545,25053.61703125,25653.31245784052,24709.41781559698,25181.36513671875,0.005680474234370125,0.08622663105684847,0.0,24855.05078125,1
2025-07-30,^NSEI,24890.400390625,24902.30078125,24771.94921875,24855.05078125,243900,43.252984900841085,-74.14195678176475,-12.087677728881143,-62.0542790528836,25051.47571557521,25054.4490625,25626.47357891849,24676.42173358151,25151.44765625,0.001367835124523431,-0.1433087460484721,0.0,24768.349609375,0
2025-07-31,^NSEI,24642.25,24956.5,24635.0,24768.349609375,346300,40.91483312731572,-86.05574495014298,-26.881291173133512,-59.17445377700947,25024.511324508523,25057.6220703125,25607.511052793514,24631.689142518986,25119.60009765625,-0.0034882717656889994,0.4198441984419845,0.0,24565.349609375,0
2025-08-01,^NSEI,24734.900390625,24784.150390625,24535.05078125,24565.349609375,263400,36.00690532484156,-110.60294941311076,-43.62562282112897,-66.9773265919818,24980.78163735295,25051.8660546875,25592.662290378223,24556.972865871776,25074.817578125,-0.008195943742782208,-0.2393878140340745,0.0,24722.75,1
2025-08-04,^NSEI,24596.05078125,24736.25,24554.0,24722.75,259300,41.83313364666909,-116.01850067283522,-58.10419839147022,-57.914302281364996,24956.207195700288,25046.298046875,25545.45780409253,24530.322274032467,25037.8900390625,0.006407415043054421,-0.015565679574791158,0.0,24649.55078125,0
2025-08-05,^NSEI,24720.25,24733.099609375,24590.30078125,24649.55078125,251800,40.00883628523377,-124.77855970056771,-71.43907065328972,-53.33948904727799,24927.0018228955,25042.765078125,25477.14706733184,24511.338088918157,24994.242578125,-0.0029608040671041946,-0.02892402622445045,0.0,24574.19921875,0
2025-08-06,^NSEI,24641.349609375,24671.400390625,24539.19921875,24574.19921875,225100,38.16383067098533,-136.23082677698767,-84.39742187802932,-51.83340489895835,24893.401574881642,25039.200078125,25411.654366746905,24486.640750440598,24949.14755859375,-0.003056914228121266,-0.10603653693407467,0.0,24596.150390625,1
2025-08-07,^NSEI,24464.19921875,24634.19921875,24344.150390625,24596.150390625,616700,39.045684014607296,-141.89982200891973,-95.89790190420742,-46.00192010471231,24865.09193828577,25034.45109375,25358.504311655488,24463.88084459451,24911.192578125,0.0008932609229541644,1.7396712572190136,0.0,24363.30078125,0
2025-08-08,^NSEI,24544.25,24585.5,24337.5,24363.30078125,312600,33.575750972947816,-163.29914811503477,-109.37815114637289,-53.92099696866188,24817.302304282362,25026.703125,25364.35558826819,24379.374685169307,24871.86513671875,-0.009466912735407229,-0.4931084806226691,0.0,24585.05078125,1
2025-08-11,^NSEI,24371.5,24600.849609375,24347.44921875,24585.05078125,241100,41.92035488205784,-160.51458425954115,-119.60543776900654,-40.90914649053461,24795.183111612612,25024.0721484375,25344.667315036495,24349.337958401004,24847.00263671875,0.009101804471857822,-0.2287268074216251,0.0,24487.400390625,0
2025-08-12,^NSEI,24563.349609375,24702.599609375,24465.650390625,24487.400390625,237000,39.56331573504213,-164.29349463048493,-128.54304914130222,-35.75044548918271,24765.870471518552,25022.97015625,25305.730921711733,24317.43431266327,24811.5826171875,-0.003971941790719136,-0.017005391953546223,0.0,24619.349609375,1
2025-08-13,^NSEI,24586.19921875,24664.55078125,24535.25,24619.349609375,236000,44.134250238544794,-154.85602525294962,-133.8056443636317,-21.05038088931792,24751.916103695356,25022.9531640625,25246.689805270078,24317.205311917423,24781.94755859375,0.005388453516712133,-0.00421940928270037,0.0,24631.30078125,1
2025-08-14,^NSEI,24607.25,24673.650390625,24596.900390625,24631.30078125,270200,44.54336601487869,-144.74388567365168,-135.99329262563572,-8.750593048015958,24740.42893012913,25020.561171875,25201.228476426764,24314.651797010734,24757.94013671875,0.00048543816407109475,0.14491525423728824,0.0,24876.94921875,1
2025-08-18,^NSEI,24938.19921875,25022.0,24852.849609375,24876.94921875,363100,52.27903702577672,-115.5758794713729,-131.90980999478316,16.33393052341026,24753.430862378736,25018.039140625,25189.7101586498,24317.024997600198,24753.367578125,0.009973019276634965,0.3438193930421909,0.0,24980.650390625,1
2025-08-19,^NSEI,24891.349609375,25012.650390625,24873.94921875,24980.650390625,252300,55.124840049693425,-83.13389076478416,-122.15462614878336,39.02073538399921,24775.07081744981,25015.5881640625,25169.583891757644,24326.146381679853,24747.86513671875,0.004168564680625764,-0.3051500963921785,0.0,25050.55078125,1
2025-08-20,^NSEI,24965.80078125,25088.69921875,24929.69921875,25050.55078125,287100,56.986831551326105,-51.19288394178875,-107.96227770738444,56.769393765595694,24801.3070044784,25014.5141796875,25167.551348583664,24327.143963916336,24747.34765625,0.0027981813736617234,0.13793103448275867,0.0,25083.75,1
2025-08-21,^NSEI,25142.0,25153.650390625,25054.900390625,25083.75,226500,57.88072452069734,-22.936113180847315,-90.95704480207702,68.0209316212297,24828.20633738522,25013.361171875,25133.424170226364,24347.65610321114,24740.54013671875,0.0013252889742787488,-0.21107628004179724,0.0,24870.099609375,0
2025-08-22,^NSEI,25064.150390625,25084.849609375,24859.150390625,24870.099609375,210200,50.59383482021025,-17.57957336750769,-76.28155051516316,58.70197714765547,24832.19617281282,25012.9991796875,25100.62413188923,24361.256141548267,24730.94013671875,-0.008517482060098724,-0.07196467991169975,0.0,24967.75,1
2025-08-25,^NSEI,24949.150390625,25021.55078125,24894.349609375,24967.75,213000,53.476758720416846,-5.392742371386703,-62.10378888640787,56.71104651502117,24845.106061116363,25017.9821875,25118.871585294,24356.083688143503,24737.47763671875,0.003926417350905487,0.013320647002854402,0.0,24712.05078125,0
2025-08-26,^NSEI,24899.5,24919.650390625,24689.599609375,24712.05078125,750500,45.92062070464328,-16.180858130872366,-52.91920273530077,36.738344604428406,24832.43412970052,25013.293203125,25119.74600267042,24358.32430982958,24739.03515625,-0.010241179872034878,2.523474178403756,0.0,24500.900390625,0
2025-08-28,^NSEI,24695.80078125,24702.650390625,24481.599609375,24500.900390625,326600,40.79455491107537,-41.29259413895488,-50.5938810160316,9.30128687707672,24800.8594878838,25006.243203125,25115.339089549994,24330.711301075007,24723.0251953125,-0.008544430103923584,-0.5648234510326449,0.0,24426.849609375,0
2025-08-29,^NSEI,24466.69921875,24572.44921875,24404.69921875,24426.849609375,325500,39.14424033865326,-66.4036451380016,-53.75583384042561,-12.647811297575984,24765.239499454394,24998.5391796875,25109.21110535496,24294.019168082537,24701.61513671875,-0.0030223697933294824,-0.003368034292712818,0.0,24625.05078125,1
2025-09-01,^NSEI,24432.69921875,24635.599609375,24432.69921875,24625.05078125,229300,45.49940798875656,-69.5098891029229,-56.90664489292507,-12.603244209997825,24751.888192958737,24995.1751953125,25102.139844732985,24286.760545892015,24694.4501953125,0.008114070174605414,-0.29554531490015357,0.0,24579.599609375,0
2025-09-02,^NSEI,24653.0,24756.099609375,24522.349609375,24579.599609375,271600,44.35548649233296,-74.77715504720254,-60.48074692378057,-14.296408123421969,24735.479756426954,24984.5191796875,25101.996271581414,24288.32911904359,24695.1626953125,-0.0018457290617897026,0.18447448757086793,0.0,24715.05078125,1
2025-09-03,^NSEI,24616.5,24737.05078125,24533.19921875,24715.05078125,340300,48.51013770913215,-67.2465473605589,-61.83390701113625,-5.412640349422659,24733.53413974343,24979.3821875,25101.520726098923,24288.034742651074,24694.777734375,0.0055107151470170646,0.25294550810014726,0.0,24734.30078125,1
2025-09-04,^NSEI,24980.75,24980.75,24708.19921875,24734.30078125,314100,49.09188171325081,-59.044543647538376,-61.27603433841668,2.231490690878303,24733.607153220248,24973.1812109375,25105.55103166792,24292.479437082082,24699.015234375,0.0007788776228048189,-0.07699089039083162,0.0,24741.0,1
2025-09-05,^NSEI,24818.849609375,24832.349609375,24621.599609375,24741.0,210100,49.30653634290071,-51.411189457594446,-59.303065362252234,7.8918759046577875,24734.311233865938,24963.1062109375,25110.132961538457,24304.577585336545,24707.3552734375,0.00027084730671167456,-0.33110474371219356,0.0,24773.150390625,1
2025-09-08,^NSEI,24802.599609375,24885.5,24751.55078125,24773.150390625,213200,50.38769492255239,-42.28005527649657,-55.898463345101106,13.618408068604538,24738.010201176323,24947.58921875,25116.59142495729,24315.81912191771,24716.2052734375,0.0012994782193525012,0.0147548786292242,0.0,24868.599609375,1
2025-09-09,^NSEI,24864.099609375,24891.80078125,24814.0,24868.599609375,226900,53.554708558654085,-27.03002608587485,-50.12477589325586,23.094749807381007,24750.447287671435,24932.2051953125,25112.269745420213,24370.670684267287,24741.47021484375,0.003852930178235292,0.06425891181988752,0.0,24973.099609375,1
2025-09-10,^NSEI,24991.0,25035.69921875,24915.05078125,24973.099609375,244100,56.80569817314366,-6.437780696232949,-41.38737685385128,34.94959615761833,24771.65227069082,24921.326171875,25137.467266390213,24384.27804610979,24760.87265625,0.0042020862308871365,0.07580431908329666,0.0,25005.5,1
2025-09-11,^NSEI,24945.5,25037.30078125,24940.150390625,25005.5,224600,57.79217192425278,12.353756461707235,-30.639150190739578,42.99290665244681,24793.923483005983,24910.60015625,25155.76316459638,24417.79210884112,24786.77763671875,0.0012974116602184615,-0.07988529291274071,0.0,25114.0,1
2025-09-12,^NSEI,25074.44921875,25139.44921875,25038.05078125,25114.0,225700,61.00393865631343,35.59095786508624,-17.393128579574416,52.984086444660655,24824.406960814937,24903.8121484375,25198.177966950487,24424.84234554951,24811.51015625,0.004339045410009845,0.004897595725734671,0.0,25069.19921875,0
2025-09-15,^NSEI,25118.900390625,25138.44921875,25048.75,25069.19921875,185400,59.007309823263896,49.81729598322636,-3.951043667014261,53.76833965024062,24847.720509189705,24897.0901171875,25226.31739943232,24440.492756817683,24833.405078125,-0.0017838966811339896,-0.178555604785113,0.0,25239.099609375,1
2025-09-16,^NSEI,25073.599609375,25261.400390625,25070.44921875,25239.099609375,240100,63.84071075378266,73.94887642783578,11.628940351955748,62.31993607588004,24884.994709207353,24892.652109375,25282.333854422308,24420.69134089019,24851.51259765625,0.006777256391098607,0.2950377562028048,0.0,25330.25,1
2025-09-17,^NSEI,25276.599609375,25346.5,25275.349609375,25330.25,268900,66.14689374967335,99.28391931688384,29.15993614494137,70.12398317194247,24927.39997499713,24890.03109375,25345.319506377786,24392.66564987221,24868.992578125,0.003611475529465391,0.11995002082465644,0.0,25423.599609375,1
2025-09-18,^NSEI,25441.05078125,25448.94921875,25329.75,25423.599609375,272200,68.37168175556903,125.44856370354682,48.41766165666246,77.03090204688436,24974.65708303312,24888.0530859375,25417.19275476866,24358.09728429384,24887.64501953125,0.0036853015416349333,0.012272220156191782,0.0,25327.05078125,0
2025-09-19,^NSEI,25410.19921875,25428.75,25286.30078125,25327.05078125,380400,63.708256549619215,136.81641488308742,66.09741230194746,70.71900258113996,25008.218387625206,24885.072109375,25457.262211883073,24342.357905304427,24899.81005859375,-0.0037976065391384095,0.3975018368846437,0.0,25202.349609375,0
2025-09-22,^NSEI,25238.099609375,25331.69921875,25151.05078125,25202.349609375,254500,58.18787074992008,134.21601773876318,79.72113338931061,54.494884349452576,25026.7070754109,24882.0141015625,25488.941987417547,24343.90312976995,24916.42255859375,-0.004923635718664832,-0.3309674027339643,0.0,25169.5,0
2025-09-23,^NSEI,25209.0,25261.900390625,25084.650390625,25169.5,299200,56.79181169085924,128.02866062154135,89.38263883575677,38.64602178578458,25040.306401562244,24882.407109375,25509.308653974018,24343.711463213484,24926.51005859375,-0.0013034343973540308,0.17563850687622784,0.0,25056.900390625,0
2025-09-24,^NSEI,25108.75,25149.849609375,25027.44921875,25056.900390625,244400,52.17125828213856,112.73969505965943,94.05405008053731,18.685644979122117,25041.886781472982,24881.8991015625,25520.525251364354,24366.97982676065,24943.7525390625,-0.00447365300760838,-0.1831550802139037,0.0,24890.849609375,0
2025-09-25,^NSEI,25034.5,25092.69921875,24878.30078125,24890.849609375,342500,46.20154475689294,86.2301617697558,92.48927241838102,-6.259110648625224,25027.502288892225,24875.800078125,25504.066324312385,24422.433675687615,24963.25,-0.006626948212322681,0.4013911620294599,0.0,24654.69921875,0
2025-09-26,^NSEI,24818.55078125,24868.599609375,24629.44921875,24654.69921875,291500,39.31214549350087,45.639696700513014,83.11935727480741,-37.4796605742944,24991.997234592964,24864.653046875,25478.08938264146,24471.195578296036,24974.64248046875,-0.009487437927231501,-0.1489051094890511,0.0,24634.900390625,0
2025-09-29,^NSEI,24728.55078125,24791.30078125,24606.19921875,24634.900390625,394400,38.789894877388086,11.738546078457148,68.84319503553736,-57.104648957080215,24957.98801135792,24855.1220703125,25477.23044931496,24473.039472560038,24975.1349609375,-0.0008030448049409777,0.3530017152658662,0.0,24611.099609375,0
2025-09-30,^NSEI,24691.94921875,24731.80078125,24587.69921875,24611.099609375,303000,38.13404936736562,-16.854594891290617,51.70363705017177,-68.5582319414624,24924.95102069288,24847.9760546875,25474.007318178934,24479.412603696066,24976.7099609375,-0.0009661407544825362,-0.23174442190669375,0.0,24836.30078125,1
2025-10-01,^NSEI,24620.55078125,24867.94921875,24605.94921875,24836.30078125,308900,47.226178718824734,-21.0997874115601,37.1429521578254,-58.2427395693855,24916.50814074594,24842.8880859375,25470.017253808055,24495.527668066945,24982.7724609375,0.009150390492475902,0.019471947194719563,0.0,24894.25,1
2025-10-03,^NSEI,24759.55078125,24904.80078125,24747.55078125,24894.25,365900,49.29135689589164,-19.562609828732093,25.801839760513904,-45.36444958924599,24914.388317817757,24839.555078125,25466.5548110323,24514.985032717697,24990.769921875,0.0023332467769816567,0.18452573648429915,0.0,25077.650390625,1
2025-10-06,^NSEI,24916.55078125,25095.94921875,24881.650390625,25077.650390625,268800,55.25874763461642,-3.5051021019753534,19.940451388016054,-23.445553489991408,24929.93708665654,24836.710078125,25470.49612929873,24544.70875351377,25007.60244140625,0.007367178791287232,-0.2653730527466521,0.0,25108.30078125,1
2025-10-07,^NSEI,25085.30078125,25220.900390625,25076.30078125,25108.30078125,288000,56.1867067151653,11.560555934396689,18.264472297292183,-6.7039163628954945,24946.92410518925,24837.6341015625,25476.224749069625,24572.49517280538,25024.3599609375,0.0012222193924698033,0.0714285714285714,0.0,25046.150390625,0
2025-10-08,^NSEI,25079.75,25192.5,25008.5,25046.150390625,227400,53.75220810365313,18.274524022046535,18.266482642243055,0.008041379803479742,24956.3742276117,24841.817109375,25479.45409661635,24587.020903383647,25033.2375,-0.0024752925801897474,-0.2104166666666667,0.0,25181.80078125,1
2025-10-09,^NSEI,25074.30078125,25199.25,25024.30078125,25181.80078125,286300,58.02693619124629,34.14761252778408,21.44270861935126,12.704903908432815,24977.8434231963,24851.8351171875,25493.52207324709,24593.823043940407,25043.67255859375,0.005416017571936882,0.25901495162708876,0.0,25285.349609375,1
2025-10-10,^NSEI,25167.650390625,25330.75,25156.849609375,25285.349609375,232900,60.99102273468494,54.454951776977396,28.04515725087649,26.409794526100907,25007.12972664189,24861.1201171875,25519.153455302952,24596.176622822048,25057.6650390625,0.0041120501676790155,-0.1865176388403772,0.0,25227.349609375,0
2025-10-13,^NSEI,25177.30078125,25267.30078125,25152.30078125,25227.349609375,234300,58.49908729206813,65.11791042774712,35.45970788625061,29.658202541496507,25028.103048806952,24868.56609375,25530.201796845926,24596.463242216574,25063.33251953125,-0.0022938183927065925,0.006011163589523472,0.0,25145.5,0
2025-10-14,^NSEI,25277.55078125,25310.349609375,25060.55078125,25145.5,292100,55.079051695103004,66.20068229313256,41.607902767627,24.592779525505556,25039.283710825337,24876.1091015625,25535.391212416744,24598.90390477076,25067.14755859375,-0.003244479132464395,0.24669227486128897,0.0,25323.55078125,1
2025-10-15,^NSEI,25181.94921875,25365.150390625,25159.349609375,25323.55078125,289900,60.4902973842534,80.49806522421204,49.385935258944016,31.112129965268025,25066.356765151493,24891.273125,25547.201831457704,24595.538402917296,25071.3701171875,0.007080820872521931,-0.007531667237247519,0.0,25585.30078125,1
2025-10-16,^NSEI,25394.900390625,25625.400390625,25376.849609375,25585.30078125,372800,66.81839556675563,111.66270352948413,61.84128891305204,49.821414616432094,25115.78000477992,24908.524140625,25599.085274352423,24569.16003814758,25084.12265625,0.010336228211479837,0.28596067609520515,0.0,25709.849609375,1
2025-10-17,^NSEI,25546.849609375,25781.5,25508.599609375,25709.849609375,422100,69.33518796509603,144.74245255321875,78.42152164108538,66.32093091213338,25172.358062360407,24929.7301171875,25663.789055193585,24533.081257306418,25098.43515625,0.004867983737610659,0.13224248927038618,0.0,25843.150390625,1
2025-10-20,^NSEI,25824.599609375,25926.19921875,25788.5,25843.150390625,301100,71.80048567853984,179.64382875354568,98.66598306357744,80.97784568996823,25236.243046004656,24955.109140625,25770.327265708293,24478.153007729205,25124.24013671875,0.005184813729964155,-0.2866619284529732,0.0,25868.599609375,1
2025-10-21,^NSEI,25901.19921875,25934.349609375,25825.80078125,25868.599609375,42500,72.25902567129566,206.97112580504108,120.32701161187018,86.6441141931709,25296.467480611354,24980.558125,25880.45212806166,24434.653145375836,25157.55263671875,0.0009847568259027106,-0.858850880106277,0.0,25891.400390625,1
2025-10-23,^NSEI,26057.19921875,26104.19921875,25862.44921875,25891.400390625,448400,72.68753127418799,227.84162170515992,141.82993363052813,86.01168807463179,25353.127757755512,25011.1201171875,25984.248838976644,24403.046473523355,25193.64765625,0.0008814076368377499,9.550588235294118,0.0,25795.150390625,0
2025-10-24,^NSEI,25935.099609375,25944.150390625,25718.19921875,25795.150390625,284900,67.91820855540553,233.91860143653685,160.24766719172987,73.67093424480697,25395.22515136213,25035.322109375,26060.15116660673,24400.969145893272,25230.56015625,-0.0037174505259611745,-0.3646297948260482,0.0,25966.05078125,1
2025-10-27,^NSEI,25843.19921875,26005.94921875,25827.0,25966.05078125,266300,71.494643054077,249.64710843904686,178.12755544119327,71.5195529978536,25449.589497065735,25064.8951171875,26157.114182298632,24411.526247388865,25284.32021484375,0.006625291500029773,-0.06528606528606529,0.0,25936.19921875,0
2025-10-28,^NSEI,25939.94921875,26041.69921875,25810.05078125,25936.19921875,395200,70.02618737966469,256.7437102679214,193.8507864065389,62.89292386138251,25495.933280083285,25091.232109375,26215.02755587885,24481.76287380865,25348.39521484375,-0.001149638146805021,0.4840405557641758,0.0,26053.900390625,1
2025-10-29,^NSEI,25982.0,26097.849609375,25960.30078125,26053.900390625,321900,72.43062066172783,268.7671389698262,208.83405691919637,59.93308205062982,25549.07300489678,25119.6841015625,26272.95434219737,24565.73608749013,25419.34521484375,0.0045381040946781415,-0.18547570850202433,0.0,25877.849609375,0
2025-10-30,^NSEI,25984.400390625,26032.05078125,25845.25,25877.849609375,257400,64.14245920648966,261.0803938477329,219.2833243049037,41.797069542829234,25580.38506246614,25139.702109375,26272.6162885608,24692.749141126704,25482.68271484375,-0.0067571756478100875,-0.20037278657968316,0.0,25722.099609375,0
2025-10-31,^NSEI,25863.80078125,25953.75,25711.19921875,25722.099609375,334400,57.837002412913726,239.65823862275647,223.35830716847425,16.299931454282216,25593.88168598127,25154.53109375,26264.57066621778,24789.37464628222,25526.97265625,-0.006018660837397216,0.2991452991452992,0.0,25763.349609375,1
2025-11-03,^NSEI,25696.849609375,25803.099609375,25645.5,25763.349609375,23300,58.98693853744321,223.43394904622983,223.37343554402537,0.060513502204457836,25610.021488209244,25168.7870703125,26254.243916025982,24886.611357411515,25570.42763671875,0.0016036793506921665,-0.930322966507177,0.0,25597.650390625,0
2025-11-04,^NSEI,25744.75,25787.400390625,25578.400390625,25597.650390625,305100,52.7618767800577,194.95818393304216,217.69038522182873,-22.73220128878657,25608.843288439315,25179.065078125,26241.78260621855,24951.07266721895,25596.42763671875,-0.006431586779760301,12.094420600858369,0.0,25509.69921875,0
2025-11-06,^NSEI,25593.349609375,25679.150390625,25491.55078125,25509.69921875,371900,49.76012274075014,163.41031796620518,206.83437177070402,-43.42405380449884,25599.400996087952,25191.8570703125,26223.72291041342,25009.27220677408,25616.49755859375,-0.0034359080045569534,0.2189446083251394,0.0,25492.30078125,0
2025-11-07,^NSEI,25433.80078125,25551.25,25318.44921875,25492.30078125,305600,49.16424448426641,135.44319357092536,192.55613613074829,-57.112942559822926,25589.200975627195,25202.3480859375,26190.85391263196,25086.756243618038,25638.805078125,-0.0006820322478444663,-0.17827372949717668,0.0,25574.349609375,1
