Date,Symbol,Open,High,Low,Close,Volume
2022-11-10 00:00:00+05:30,INFY.NS,1361.9339857187604,1386.6964218227379,1361.9339857187604,1377.479248046875,3435763
2022-11-11 00:00:00+05:30,INFY.NS,1418.4750969869554,1443.0999449630117,1418.4750969869554,1439.981689453125,7214098
2022-11-14 00:00:00+05:30,INFY.NS,1444.6131323053646,1459.51645137727,1438.4683120386903,1453.9219970703125,4908813
2022-11-15 00:00:00+05:30,INFY.NS,1447.0893718318237,1465.4319188955194,1442.4120447213857,1461.9010009765625,3497614
2022-11-16 00:00:00+05:30,INFY.NS,1464.7900096971075,1475.6579467024642,1461.4424723868096,1469.9718017578125,4497697
2022-11-17 00:00:00+05:30,INFY.NS,1464.8358035943602,1469.9718064752024,1451.7667384557692,1455.8480224609375,3469515
2022-11-18 00:00:00+05:30,INFY.NS,1459.7916463166098,1465.5695937519367,1444.9342271315247,1461.350830078125,3126064
2022-11-21 00:00:00+05:30,INFY.NS,1450.987352073004,1456.2608350406842,1434.4332683642735,1438.2392578125,3071764
2022-11-22 00:00:00+05:30,INFY.NS,1438.9728102933216,1456.3982299208378,1432.552918851605,1453.6927490234375,3399329
2022-11-23 00:00:00+05:30,INFY.NS,1457.2236776068496,1460.0667500182162,1448.419277384479,1451.9501953125,3245067
2022-11-24 00:00:00+05:30,INFY.NS,1457.3154109383324,1500.4203979201461,1453.4176195623174,1494.7342529296875,5282215
2022-11-25 00:00:00+05:30,INFY.NS,1496.2015740155414,1507.7573561793968,1480.0601551236466,1500.099365234375,4563255
2022-11-28 00:00:00+05:30,INFY.NS,1493.0833876173003,1516.4701360105687,1485.7463685135297,1488.8646240234375,3825766
2022-11-29 00:00:00+05:30,INFY.NS,1486.8468473018079,1502.9424774251793,1481.2066035401367,1494.04638671875,3131710
2022-11-30 00:00:00+05:30,INFY.NS,1485.7006074148594,1509.3625410366662,1479.4642077611848,1499.45751953125,11868134
2022-12-01 00:00:00+05:30,INFY.NS,1518.9462914993808,1533.9872026204164,1515.369584352362,1519.771728515625,5407928
2022-12-02 00:00:00+05:30,INFY.NS,1518.7629471181933,1524.0823307242517,1498.540243529846,1502.1629638671875,4283343
2022-12-05 00:00:00+05:30,INFY.NS,1502.2546462279884,1508.5369463809327,1488.77291854345,1503.859619140625,3824966
2022-12-06 00:00:00+05:30,INFY.NS,1490.3320828612875,1491.2492102968945,1474.3282538915594,1479.23486328125,4822398
2022-12-07 00:00:00+05:30,INFY.NS,1474.7408164804579,1489.2314737623112,1464.3772323790536,1472.447998046875,4898087
2022-12-08 00:00:00+05:30,INFY.NS,1472.4479729502166,1489.3231387245678,1466.0280814456066,1485.8839111328125,4206837
2022-12-09 00:00:00+05:30,INFY.NS,1493.083379473675,1493.083379473675,1431.7275351622377,1439.248046875,8880658
2022-12-12 00:00:00+05:30,INFY.NS,1421.5473714407533,1436.1755076749384,1403.2507258609144,1418.9793701171875,8037679
2022-12-13 00:00:00+05:30,INFY.NS,1418.9794213639211,1446.7684254424607,1413.4308679506453,1441.86181640625,6135067
2022-12-14 00:00:00+05:30,INFY.NS,1450.8954950923392,1456.8568229798866,1442.641348786504,1448.510986328125,4976020
2022-12-15 00:00:00+05:30,INFY.NS,1439.2480298964012,1439.8899742752963,1408.0197980930882,1412.834716796875,6443866
2022-12-16 00:00:00+05:30,INFY.NS,1398.6193933020268,1421.089016341961,1386.7426373339622,1396.0513916015625,9630453
2022-12-19 00:00:00+05:30,INFY.NS,1382.9821387832817,1391.1904957152399,1371.1512855645854,1382.431884765625,6222740
2022-12-20 00:00:00+05:30,INFY.NS,1376.6082828344672,1390.3651943884424,1359.5955240977712,1382.38623046875,7396259
2022-12-21 00:00:00+05:30,INFY.NS,1389.4480065636799,1394.9507709461102,1377.8463225999167,1384.44970703125,6236361
2022-12-22 00:00:00+05:30,INFY.NS,1395.4093535025568,1403.159035330933,1386.467361260263,1395.913818359375,6302640
2022-12-23 00:00:00+05:30,INFY.NS,1383.6701502561066,1384.7707703774543,1369.2712939559335,1373.031494140625,6283822
2022-12-26 00:00:00+05:30,INFY.NS,1376.1495255678556,1384.7705446533193,1372.3434248490905,1377.89208984375,4115459
2022-12-27 00:00:00+05:30,INFY.NS,1384.8164781367202,1395.363443276997,1373.3982867447278,1389.3104248046875,4860076
2022-12-28 00:00:00+05:30,INFY.NS,1380.368461733021,1398.5734186856855,1374.3154431330508,1385.0,5029860
2022-12-29 00:00:00+05:30,INFY.NS,1379.3596220007287,1395.2259709449818,1376.6082397759933,1391.7867431640625,4624745
2022-12-30 00:00:00+05:30,INFY.NS,1401.3707157827157,1403.57184400983,1379.405558572839,1383.2115478515625,5060544
2023-01-02 00:00:00+05:30,INFY.NS,1388.5308744976214,1399.9949669224698,1379.4055017090532,1397.7021484375,3801140
2023-01-03 00:00:00+05:30,INFY.NS,1393.8960033950495,1405.6352784494222,1389.5396484110163,1396.372314453125,4551130
2023-01-04 00:00:00+05:30,INFY.NS,1394.9506886748184,1394.9506886748184,1367.5285587288681,1370.9219970703125,7059590
2023-01-05 00:00:00+05:30,INFY.NS,1381.1021672768188,1381.1021672768188,1347.489425840876,1352.9462890625,9868404
2023-01-06 00:00:00+05:30,INFY.NS,1348.1772226656885,1352.7628594774767,1326.6247296502847,1328.458984375,6443714
2023-01-09 00:00:00+05:30,INFY.NS,1328.183820144947,1365.9236340298328,1328.183820144947,1361.4296875,11498717
2023-01-10 00:00:00+05:30,INFY.NS,1359.182808712685,1360.9253731659428,1333.5491426282238,1347.947998046875,7158624
2023-01-11 00:00:00+05:30,INFY.NS,1348.177199215431,1370.1882555291525,1342.674435137001,1349.3236083984375,6173092
2023-01-12 00:00:00+05:30,INFY.NS,1359.136903308,1361.9341866547945,1334.4203647021723,1357.8988037109375,6591385
2023-01-13 00:00:00+05:30,INFY.NS,1360.5584355646306,1393.4833301069489,1346.342961515927,1379.03857421875,11610426
2023-01-16 00:00:00+05:30,INFY.NS,1384.8624058326163,1401.370699412078,1377.8005694719036,1399.077880859375,6073063
2023-01-17 00:00:00+05:30,INFY.NS,1400.453510280707,1414.393801685257,1397.7021281387017,1411.9176025390625,5922644
2023-01-18 00:00:00+05:30,INFY.NS,1416.7325801385587,1423.24416242099,1412.0093515411083,1417.3287353515625,5843098
2023-01-19 00:00:00+05:30,INFY.NS,1412.284436925683,1421.1347382958118,1399.6739357893398,1411.3673095703125,6165284
2023-01-20 00:00:00+05:30,INFY.NS,1410.5419708855652,1416.9618628206752,1397.7021870153455,1399.123779296875,6496429
2023-01-23 00:00:00+05:30,INFY.NS,1407.7906002862817,1424.574076980102,1401.4623986498889,1419.7132568359375,4855020
2023-01-24 00:00:00+05:30,INFY.NS,1430.7186259283192,1438.7893911638814,1421.3180708541106,1423.2899169921875,5200802
2023-01-25 00:00:00+05:30,INFY.NS,1418.7960730383943,1427.0502195525155,1411.2297720671163,1415.1275634765625,4158617
2023-01-27 00:00:00+05:30,INFY.NS,1417.8789993665666,1422.4187353397176,1382.477903144469,1393.254150390625,6209955
2023-01-30 00:00:00+05:30,INFY.NS,1402.104482387963,1416.0447747672706,1394.0337160921317,1411.2757568359375,6964719
2023-01-31 00:00:00+05:30,INFY.NS,1420.53866769089,1420.53866769089,1387.6137712822178,1406.6441650390625,9448126
2023-02-01 00:00:00+05:30,INFY.NS,1414.3936968698845,1426.1788724013397,1401.4164349583425,1422.55615234375,6194199
2023-02-02 00:00:00+05:30,INFY.NS,1423.3816939621152,1455.4352511160564,1423.3816939621152,1452.50048828125,6916834
2023-02-03 00:00:00+05:30,INFY.NS,1465.1109512577386,1471.668434244157,1442.6413310350065,1466.853515625,7040194
2023-02-06 00:00:00+05:30,INFY.NS,1465.569600374364,1465.569600374364,1432.186140277909,1439.75244140625,4570612
2023-02-07 00:00:00+05:30,INFY.NS,1438.972940534242,1445.4387337102248,1426.2248468410608,1432.919921875,4336238
2023-02-08 00:00:00+05:30,INFY.NS,1435.7629765999538,1470.1552548640857,1435.7629765999538,1458.691162109375,7983338
2023-02-09 00:00:00+05:30,INFY.NS,1463.9187005529932,1485.5170954490195,1454.6099470732718,1482.9949951171875,6904911
2023-02-10 00:00:00+05:30,INFY.NS,1479.2806324268656,1482.3530988577234,1464.1480299444947,1475.245361328125,4786762
2023-02-13 00:00:00+05:30,INFY.NS,1464.6524284395919,1464.6524284395919,1436.2214796095184,1437.55126953125,4001199
2023-02-14 00:00:00+05:30,INFY.NS,1453.3718940558135,1463.7354795131805,1447.3647761462753,1461.21337890625,5043736
2023-02-15 00:00:00+05:30,INFY.NS,1452.7298068628425,1466.48671791268,1445.3927876362625,1464.6983642578125,3465747
2023-02-16 00:00:00+05:30,INFY.NS,1467.4039353614166,1480.656382371035,1465.4320889324677,1469.0548095703125,4290289
2023-02-17 00:00:00+05:30,INFY.NS,1461.901041196995,1462.8181685754123,1444.934184696277,1452.54638671875,2857734
2023-02-20 00:00:00+05:30,INFY.NS,1453.6010366458702,1470.1552310976708,1451.3541192838827,1460.4794921875,2417716
2023-02-21 00:00:00+05:30,INFY.NS,1466.2115851689005,1468.9171782738615,1445.3928371814657,1448.602783203125,2723288
2023-02-22 00:00:00+05:30,INFY.NS,1433.47013701294,1444.4756658959568,1426.4083007612826,1432.36962890625,3656244
2023-02-23 00:00:00+05:30,INFY.NS,1439.7524657040512,1439.7524657040512,1419.850845363736,1422.189453125,4766854
2023-02-24 00:00:00+05:30,INFY.NS,1430.7187958678808,1438.9729427671186,1416.9618843691512,1422.1436767578125,2790986
2023-02-27 00:00:00+05:30,INFY.NS,1412.3762259804244,1412.3762259804244,1377.5253840406476,1384.220458984375,4920268
2023-02-28 00:00:00+05:30,INFY.NS,1389.9983063812856,1397.7021991611691,1358.5409027983055,1364.27294921875,9679811
2023-03-01 00:00:00+05:30,INFY.NS,1368.721187614141,1376.4708706843962,1358.7244748581918,1372.0687255859375,5125043
2023-03-02 00:00:00+05:30,INFY.NS,1361.9341118834534,1365.2357479456998,1345.701002604229,1350.1490478515625,4644499
2023-03-03 00:00:00+05:30,INFY.NS,1363.539096991639,1366.336380209989,1350.9285958423973,1356.70654296875,4615015
2023-03-06 00:00:00+05:30,INFY.NS,1370.6929485360001,1394.4006719964855,1369.408947646476,1382.5238037109375,6561742
2023-03-08 00:00:00+05:30,INFY.NS,1367.0243593044893,1372.0226591031646,1358.3574377680816,1368.99609375,4137080
2023-03-09 00:00:00+05:30,INFY.NS,1371.105492034302,1374.177846498556,1352.3960702873087,1357.7154541015625,5104656
2023-03-10 00:00:00+05:30,INFY.NS,1339.0060106489143,1352.1209773156488,1336.850783639018,1349.598876953125,3699580
2023-03-13 00:00:00+05:30,INFY.NS,1342.8579415523982,1355.7895279106722,1309.6579732857313,1316.1695556640625,8798403
2023-03-14 00:00:00+05:30,INFY.NS,1321.5804745956207,1328.3213380398465,1294.0666548608056,1302.32080078125,7402784
2023-03-15 00:00:00+05:30,INFY.NS,1318.8290189326997,1323.2770638171569,1299.4317547126714,1301.999755859375,7556182
2023-03-16 00:00:00+05:30,INFY.NS,1300.3033608672233,1300.3033608672233,1282.7861367735707,1287.7386474609375,7323117
2023-03-17 00:00:00+05:30,INFY.NS,1311.4922204768466,1323.3231866747517,1294.4336727271848,1302.962890625,9090018
2023-03-20 00:00:00+05:30,INFY.NS,1302.0457556788049,1302.0457556788049,1270.0838874264853,1287.325927734375,8221829
2023-03-21 00:00:00+05:30,INFY.NS,1283.0610536791644,1288.5638173118127,1274.806908230192,1275.4488525390625,8536755
2023-03-22 00:00:00+05:30,INFY.NS,1286.7297646654838,1290.6275561835369,1267.60768043243,1274.1192626953125,8356487
2023-03-23 00:00:00+05:30,INFY.NS,1269.258358749589,1269.258358749589,1256.4644769231124,1260.637451171875,7607718
2023-03-24 00:00:00+05:30,INFY.NS,1272.972797414035,1283.015297395886,1263.3429599696206,1266.23193359375,7559127
2023-03-27 00:00:00+05:30,INFY.NS,1271.3677950652989,1280.0805049322928,1260.2246753182865,1273.843994140625,4170193
2023-03-28 00:00:00+05:30,INFY.NS,1276.7330397726337,1282.1441138599873,1261.8297194219722,1263.4346923828125,6633366
2023-03-29 00:00:00+05:30,INFY.NS,1264.7186272999518,1274.715337897841,1251.466181751986,1268.8916015625,8813966
2023-03-31 00:00:00+05:30,INFY.NS,1287.6469035198686,1311.4463153951938,1278.3839389266645,1309.612060546875,8711975
2023-04-03 00:00:00+05:30,INFY.NS,1316.0777246615953,1316.0777246615953,1288.7014961247696,1293.9290771484375,5242764
2023-04-05 00:00:00+05:30,INFY.NS,1283.9785067762718,1309.1995131593774,1283.9785067762718,1305.576904296875,7506334
2023-04-06 00:00:00+05:30,INFY.NS,1298.6524024946332,1310.024804681296,1293.4706102774894,1304.0634765625,6948465
2023-04-10 00:00:00+05:30,INFY.NS,1305.9434783219242,1315.160653204444,1297.7352331131717,1309.291015625,4993788
2023-04-11 00:00:00+05:30,INFY.NS,1310.4835477560237,1314.5647204758934,1273.8901369810926,1289.618896484375,6942255
2023-04-12 00:00:00+05:30,INFY.NS,1295.9467919023184,1312.8677460127374,1283.9782357092786,1309.9329833984375,5831169
2023-04-13 00:00:00+05:30,INFY.NS,1292.9203774786417,1294.1126879036105,1268.3872190480308,1274.0733642578125,11267238
2023-04-17 00:00:00+05:30,INFY.NS,1146.6843436762329,1156.6351528002706,1087.0710673200379,1154.0213623046875,53171705
2023-04-18 00:00:00+05:30,INFY.NS,1164.7059031013866,1164.7059031013866,1149.2523287192262,1154.984375,12430884
2023-04-19 00:00:00+05:30,INFY.NS,1150.3987451220048,1150.3987451220048,1127.5164610086156,1130.0843505859375,11307230
2023-04-20 00:00:00+05:30,INFY.NS,1128.7086346529145,1135.2661178854821,1120.1794170940875,1122.013671875,8621249
2023-04-21 00:00:00+05:30,INFY.NS,1126.324198126057,1131.047426880891,1118.8954881773257,1125.6363525390625,8691352
2023-04-24 00:00:00+05:30,INFY.NS,1126.2325338323785,1128.0667887734735,1117.0612591269032,1124.6734619140625,8313774
2023-04-25 00:00:00+05:30,INFY.NS,1124.3520765699784,1133.1106863492626,1114.3095782390562,1123.38916015625,6808576
2023-04-26 00:00:00+05:30,INFY.NS,1126.2324867816417,1130.8181239428047,1119.3999321931217,1125.81982421875,5680192
2023-04-27 00:00:00+05:30,INFY.NS,1128.0667716038743,1144.3916851127638,1123.848007694374,1142.9700927734375,8020704
2023-04-28 00:00:00+05:30,INFY.NS,1151.6368776414001,1154.6634429645405,1141.7777576955154,1148.931396484375,10118277
2023-05-02 00:00:00+05:30,INFY.NS,1150.581982956658,1173.6935438041753,1150.581982956658,1171.5841064453125,8886401
2023-05-03 00:00:00+05:30,INFY.NS,1161.0833162689144,1167.044644512001,1157.506496932256,1163.9722900390625,5549783
2023-05-04 00:00:00+05:30,INFY.NS,1163.788814662558,1170.0712271598577,1157.8733874843501,1168.0076904296875,4505401
2023-05-05 00:00:00+05:30,INFY.NS,1173.0058612365624,1173.0058612365624,1150.3069596997327,1154.7550048828125,5373791
2023-05-08 00:00:00+05:30,INFY.NS,1157.8273351579073,1165.026874150822,1151.1781621177383,1160.71630859375,5260842
2023-05-09 00:00:00+05:30,INFY.NS,1161.0832230022093,1166.5859870922673,1156.2224032743827,1165.3936767578125,4969897
2023-05-10 00:00:00+05:30,INFY.NS,1170.621404606506,1170.621404606506,1154.800957377408,1158.5611572265625,6515734
2023-05-11 00:00:00+05:30,INFY.NS,1164.980913284401,1170.162704744329,1149.2063690414109,1152.0035400390625,6888461
2023-05-12 00:00:00+05:30,INFY.NS,1149.4815684750179,1151.9119783998672,1136.3667142373067,1142.0069580078125,8292212
2023-05-15 00:00:00+05:30,INFY.NS,1146.317457613311,1163.742876662217,1142.4196665102663,1154.067138671875,5534710
2023-05-16 00:00:00+05:30,INFY.NS,1160.1661142944206,1168.3743594123644,1158.1025777274938,1159.524169921875,5236469
2023-05-17 00:00:00+05:30,INFY.NS,1156.1307625392042,1156.4517347340925,1139.48487806171,1143.566162109375,10465667
2023-05-18 00:00:00+05:30,INFY.NS,1154.2965053260136,1155.2595338626716,1139.4848756551935,1142.74072265625,6948732
2023-05-19 00:00:00+05:30,INFY.NS,1151.9578558336234,1167.7783026634847,1148.9771919381424,1163.742919921875,11094136
2023-05-22 00:00:00+05:30,INFY.NS,1167.457405166064,1188.2303654109237,1164.9812057001773,1185.6624755859375,7625947
2023-05-23 00:00:00+05:30,INFY.NS,1191.5318755827825,1205.2429974114864,1189.560141232225,1192.3115234375,7436031
2023-05-24 00:00:00+05:30,INFY.NS,1188.8723607693044,1196.8513248198226,1184.2867235094584,1191.027587890625,4824077
2023-05-25 00:00:00+05:30,INFY.NS,1187.2214442639772,1198.6855370050355,1182.4065253127328,1196.255126953125,4334121
2023-05-26 00:00:00+05:30,INFY.NS,1197.768466581114,1213.7722960275548,1197.768466581114,1208.26953125,5521606
2023-05-29 00:00:00+05:30,INFY.NS,1222.2556544688687,1222.2556544688687,1201.2993155421436,1205.4722900390625,4419365
2023-05-30 00:00:00+05:30,INFY.NS,1206.0224833077132,1216.4777576450638,1200.6573106206852,1214.1390380859375,6274719
2023-05-31 00:00:00+05:30,INFY.NS,1210.4705525350664,1220.7882355808035,1205.24297124017,1209.049072265625,17800782
2023-06-01 00:00:00+05:30,INFY.NS,1212.9468193268542,1219.3208096161989,1208.8655354543341,1210.1495361328125,4277841
2023-06-02 00:00:00+05:30,INFY.NS,1216.655749596294,1220.2806442692772,1204.619361093427,1207.3612060546875,10909311
2023-06-05 00:00:00+05:30,INFY.NS,1212.008539400872,1217.0740205048828,1205.7812402951347,1212.4732666015625,5002553
2023-06-06 00:00:00+05:30,INFY.NS,1197.6949566393228,1197.6949566393228,1183.195490212996,1188.772216796875,10008100
2023-06-07 00:00:00+05:30,INFY.NS,1199.4608412306454,1202.7139314625765,1192.0252064148026,1198.0201416015625,5397578
2023-06-08 00:00:00+05:30,INFY.NS,1195.4643759367975,1200.8552576161196,1190.7241805063895,1192.3043212890625,5034942
2023-06-09 00:00:00+05:30,INFY.NS,1192.0252152176977,1192.0252152176977,1174.83030957908,1176.6427001953125,5339073
2023-06-12 00:00:00+05:30,INFY.NS,1183.6600847401096,1204.2939254038927,1183.1953575768823,1200.8084716796875,4785588
2023-06-13 00:00:00+05:30,INFY.NS,1208.1977083560882,1214.3320842529808,1205.548786202746,1212.7984619140625,4846587
2023-06-14 00:00:00+05:30,INFY.NS,1214.19280628768,1214.5180926556236,1201.970457495657,1208.66259765625,3457981
2023-06-15 00:00:00+05:30,INFY.NS,1202.6674808789603,1202.6674808789603,1192.1647141872293,1196.02197265625,6161155
2023-06-16 00:00:00+05:30,INFY.NS,1196.2076779215056,1209.6847652018955,1190.6774702485802,1200.5296630859375,8536287
2023-06-19 00:00:00+05:30,INFY.NS,1202.7139892578125,1207.8259884393565,1196.2543265846496,1202.7139892578125,4451787
2023-06-20 00:00:00+05:30,INFY.NS,1202.7140333935445,1212.9380321318201,1200.018592852604,1211.450927734375,4009180
2023-06-21 00:00:00+05:30,INFY.NS,1208.244295499256,1211.822785983513,1203.6435412463507,1207.6866455078125,4041529
2023-06-22 00:00:00+05:30,INFY.NS,1198.4384055285493,1198.4384055285493,1183.6600593630037,1191.1422119140625,6676607
2023-06-23 00:00:00+05:30,INFY.NS,1186.402095840736,1189.0975364568558,1174.2262651500378,1175.7598876953125,7239467
2023-06-26 00:00:00+05:30,INFY.NS,1180.6393770623117,1184.1248308422635,1173.2037423317481,1180.7322998046875,3403244
2023-06-27 00:00:00+05:30,INFY.NS,1189.7016346437479,1191.5605434478787,1184.3107537282526,1188.91162109375,3240024
2023-06-28 00:00:00+05:30,INFY.NS,1198.9960918811419,1205.2233905407331,1191.0028072936905,1202.1097412109375,5662358
2023-06-30 00:00:00+05:30,INFY.NS,1215.9122259231685,1244.446544670447,1212.4267718508554,1241.286376953125,12821692
2023-07-03 00:00:00+05:30,INFY.NS,1236.1743453719541,1251.0456156922185,1234.7336456761632,1239.61328125,7732412
2023-07-04 00:00:00+05:30,INFY.NS,1249.4656016820998,1251.0456287866502,1237.4756171691324,1250.255615234375,5797775
2023-07-05 00:00:00+05:30,INFY.NS,1262.059704711734,1262.152627465157,1246.3984198903297,1252.2540283203125,5414936
2023-07-06 00:00:00+05:30,INFY.NS,1247.8390092927943,1252.3932449368162,1242.819933005186,1249.09375,5963897
2023-07-07 00:00:00+05:30,INFY.NS,1239.8922016871068,1250.8598092744526,1231.8523982272873,1236.3602294921875,6295647
2023-07-10 00:00:00+05:30,INFY.NS,1242.26226225529,1247.2348203575655,1226.229174648363,1235.38427734375,3940315
2023-07-11 00:00:00+05:30,INFY.NS,1239.38090160913,1255.5999486675075,1233.3859662223854,1253.462158203125,6126128
2023-07-12 00:00:00+05:30,INFY.NS,1255.6929980734994,1256.5295297943235,1233.386090631779,1239.24169921875,8102770
2023-07-13 00:00:00+05:30,INFY.NS,1240.728739413603,1279.6729026631901,1236.9644035943056,1268.7982177734375,9977644
2023-07-14 00:00:00+05:30,INFY.NS,1283.251252109647,1329.1198044888868,1283.251252109647,1325.35546875,12833381
2023-07-17 00:00:00+05:30,INFY.NS,1325.3553796402884,1356.027373066275,1314.5273272735951,1322.5670166015625,11569884
2023-07-18 00:00:00+05:30,INFY.NS,1332.8376271158952,1373.6871031492155,1328.1903550548216,1371.131103515625,16743977
2023-07-19 00:00:00+05:30,INFY.NS,1381.1691978425513,1393.0662591967148,1357.6539568295507,1370.898681640625,13687062
2023-07-20 00:00:00+05:30,INFY.NS,1367.2274100444117,1367.2274100444117,1339.0648965954,1347.244140625,8347221
2023-07-21 00:00:00+05:30,INFY.NS,1227.065695806331,1254.7634832648805,1212.9380338227177,1237.6614990234375,45548305
2023-07-24 00:00:00+05:30,INFY.NS,1246.3982153586667,1254.6703813141746,1240.124398838405,1242.30859375,8859789
2023-07-25 00:00:00+05:30,INFY.NS,1242.680664660333,1248.1179507855234,1230.8301198028764,1240.449951171875,6801982
2023-07-26 00:00:00+05:30,INFY.NS,1248.2571728357643,1254.7633531856156,1244.9111599190257,1253.6944580078125,5528885
2023-07-27 00:00:00+05:30,INFY.NS,1262.7567654377913,1267.5899965472738,1252.0216348505492,1257.6912841796875,9191861
2023-07-28 00:00:00+05:30,INFY.NS,1258.341663718946,1267.6362065886192,1241.7509273883345,1245.9334716796875,6122735
2023-07-31 00:00:00+05:30,INFY.NS,1253.6016166280715,1261.7343425932213,1239.1950734898064,1260.061279296875,7902180
2023-08-01 00:00:00+05:30,INFY.NS,1265.9169045571427,1272.4230854175687,1261.2696325139816,1268.89111328125,6064652
2023-08-02 00:00:00+05:30,INFY.NS,1272.7020250125254,1275.1649885403967,1253.322808944047,1261.1302490234375,7419145
2023-08-03 00:00:00+05:30,INFY.NS,1254.7634441524986,1270.145959906921,1253.8339897494227,1268.0546875,6503741
2023-08-04 00:00:00+05:30,INFY.NS,1272.3302261741662,1288.1309519095748,1265.9169677427412,1281.113525390625,5712345
2023-08-07 00:00:00+05:30,INFY.NS,1289.9897857158628,1296.5888892705716,1279.8587100541772,1294.72998046875,3729093
2023-08-08 00:00:00+05:30,INFY.NS,1294.5906405227167,1295.241326729345,1286.7367956063742,1292.1275634765625,4161877
2023-08-09 00:00:00+05:30,INFY.NS,1286.3649014591272,1297.5183543619519,1284.970719846274,1296.03125,4090828
2023-08-10 00:00:00+05:30,INFY.NS,1293.428738571801,1297.3325151820761,1287.8520120932285,1291.1051025390625,3873025
2023-08-11 00:00:00+05:30,INFY.NS,1293.800550711213,1298.3083819497344,1270.610708350301,1275.072021484375,5783517
2023-08-14 00:00:00+05:30,INFY.NS,1275.0719825934739,1296.5888744198694,1269.2628926543166,1295.2412109375,4304135
2023-08-16 00:00:00+05:30,INFY.NS,1311.274398380743,1319.7788159280838,1306.2553216018096,1318.43115234375,7735313
2023-08-17 00:00:00+05:30,INFY.NS,1319.825280033983,1319.825280033983,1306.812918118155,1311.971435546875,5618346
2023-08-18 00:00:00+05:30,INFY.NS,1304.6749501205963,1309.3222216013405,1288.3630952984504,1290.826171875,5134103
2023-08-21 00:00:00+05:30,INFY.NS,1291.7091441207042,1307.7422311767086,1289.2925855750334,1306.255126953125,3032722
2023-08-22 00:00:00+05:30,INFY.NS,1305.6044938755163,1306.8593480283198,1298.1224543541218,1304.7215576171875,2890714
2023-08-23 00:00:00+05:30,INFY.NS,1316.1073972557133,1316.665047189912,1306.4875671497327,1308.625244140625,2559125
2023-08-24 00:00:00+05:30,INFY.NS,1321.2194330950322,1324.5190416072762,1314.6667341741827,1323.1712646484375,5171963
2023-08-25 00:00:00+05:30,INFY.NS,1313.3189876716804,1322.148803936989,1311.8318834134902,1319.9180908203125,4307172
2023-08-28 00:00:00+05:30,INFY.NS,1319.9181310643203,1324.286634688253,1311.8319234109513,1315.7821044921875,3133464
2023-08-29 00:00:00+05:30,INFY.NS,1323.5431263001694,1323.914930768979,1315.4569180328365,1317.64111328125,3074444
2023-08-30 00:00:00+05:30,INFY.NS,1326.331539526786,1335.3007979273286,1323.5431760940035,1333.9066162109375,3070887
2023-08-31 00:00:00+05:30,INFY.NS,1333.906534483456,1342.968715084765,1327.8650807492497,1334.185302734375,9792735
2023-09-01 00:00:00+05:30,INFY.NS,1330.0026916597724,1343.9910253779606,1327.446692130181,1341.99267578125,3582133
2023-09-04 00:00:00+05:30,INFY.NS,1341.2027322887438,1366.2980017078678,1333.4882151949037,1361.74365234375,4609014
2023-09-05 00:00:00+05:30,INFY.NS,1361.650630132572,1375.6389635594269,1353.750268114738,1374.570068359375,5496840
2023-09-06 00:00:00+05:30,INFY.NS,1377.3584299899496,1378.2878843440208,1360.070601695981,1373.2222900390625,5075786
2023-09-07 00:00:00+05:30,INFY.NS,1366.855613248634,1369.4581309432015,1358.9088462312307,1362.7659912109375,4411743
2023-09-08 00:00:00+05:30,INFY.NS,1360.25649837947,1370.7128602563196,1357.1892535120792,1365.9261474609375,3125838
2023-09-11 00:00:00+05:30,INFY.NS,1365.9261069950462,1373.7800644251438,1361.1859124430616,1372.2928466796875,4182226
2023-09-12 00:00:00+05:30,INFY.NS,1377.91602975715,1397.8992976423294,1372.896953736093,1395.203857421875,6793161
2023-09-13 00:00:00+05:30,INFY.NS,1398.8288435447748,1398.8288435447748,1383.6322871056639,1392.64794921875,4804686
2023-09-14 00:00:00+05:30,INFY.NS,1398.8288446904617,1405.846270656975,1393.3915592483722,1400.6412353515625,6444213
2023-09-15 00:00:00+05:30,INFY.NS,1410.9117877236317,1411.2835921776357,1402.5466980730964,1404.9632568359375,8657816
2023-09-18 00:00:00+05:30,INFY.NS,1398.7358880088802,1398.7358880088802,1383.0280866448797,1386.56005859375,3991916
2023-09-20 00:00:00+05:30,INFY.NS,1372.0605053905272,1389.6272158004997,1372.0605053905272,1385.119384765625,4169337
2023-09-21 00:00:00+05:30,INFY.NS,1381.6806860439626,1398.4108676940168,1371.8748953044364,1395.808349609375,6779195
2023-09-22 00:00:00+05:30,INFY.NS,1386.6529684238076,1400.641188325793,1380.4255561991947,1390.6031494140625,5455613
2023-09-25 00:00:00+05:30,INFY.NS,1384.7476626343905,1384.7476626343905,1367.7387146063886,1370.1552734375,4217863
2023-09-26 00:00:00+05:30,INFY.NS,1374.8025733524212,1375.4996641903995,1356.0740434803138,1357.607666015625,3996528
2023-09-27 00:00:00+05:30,INFY.NS,1353.2855237091,1365.926080084956,1347.7553157505324,1363.509521484375,3863586
2023-09-28 00:00:00+05:30,INFY.NS,1364.3462461230529,1368.714636770685,1333.7671712132337,1337.9031982421875,5814602
2023-09-29 00:00:00+05:30,INFY.NS,1331.0716531169655,1344.7347011757531,1316.1074596363055,1334.185302734375,6068968
2023-10-03 00:00:00+05:30,INFY.NS,1334.7429511957962,1335.625887435849,1320.1040453314158,1332.8375244140625,4181867
2023-10-04 00:00:00+05:30,INFY.NS,1324.4725985168332,1347.6624417880482,1318.152262838638,1342.45751953125,4510406
2023-10-05 00:00:00+05:30,INFY.NS,1349.5678748329035,1371.5494954859564,1347.8948114227326,1360.2100830078125,7384621
2023-10-06 00:00:00+05:30,INFY.NS,1365.8332203052626,1379.7750360960613,1360.0706484952473,1374.3841552734375,3598672
2023-10-09 00:00:00+05:30,INFY.NS,1361.5577278028998,1385.8164641413844,1359.0481329313968,1371.3634033203125,3567552
2023-10-10 00:00:00+05:30,INFY.NS,1379.2174656790087,1391.393296146582,1365.4614945887647,1389.673828125,5688951
2023-10-11 00:00:00+05:30,INFY.NS,1391.3932433298958,1411.144149422588,1376.940181958551,1388.9766845703125,7220129
2023-10-12 00:00:00+05:30,INFY.NS,1386.6529740945282,1398.2711535251433,1349.5677226602481,1362.1153564453125,11081662
2023-10-13 00:00:00+05:30,INFY.NS,1305.8834648401426,1336.555460811477,1301.2361927232737,1330.188720703125,17973439
2023-10-16 00:00:00+05:30,INFY.NS,1331.0716238772634,1341.7603494799055,1329.1197923285388,1332.97705078125,4850745
2023-10-17 00:00:00+05:30,INFY.NS,1338.6467739103207,1350.8226045344618,1336.6020195003289,1340.6915283203125,3923764
2023-10-18 00:00:00+05:30,INFY.NS,1340.2730783681973,1351.4265297831892,1336.8805475377155,1338.9254150390625,4264837
2023-10-19 00:00:00+05:30,INFY.NS,1325.49490296724,1338.0890555260446,1325.49490296724,1332.5123291015625,6795691
2023-10-20 00:00:00+05:30,INFY.NS,1329.119720164981,1337.0200821379894,1324.7048120035936,1326.563720703125,3928622
2023-10-23 00:00:00+05:30,INFY.NS,1325.0302081269804,1331.304025507751,1306.1158332337493,1309.2760009765625,2636516
2023-10-25 00:00:00+05:30,INFY.NS,1317.137163082653,1320.4794799105882,1281.6432340369931,1289.8812255859375,6940777
2023-10-26 00:00:00+05:30,INFY.NS,1275.7591696776637,1293.600262701033,1273.923205151914,1279.901611328125,6357656
2023-10-27 00:00:00+05:30,INFY.NS,1283.8558619720413,1303.9565408986182,1283.8558619720413,1299.57861328125,4634358
2023-10-30 00:00:00+05:30,INFY.NS,1299.5785105468342,1299.5785105468342,1283.3378978736482,1296.4716796875,2667696
2023-10-31 00:00:00+05:30,INFY.NS,1299.2019618287502,1300.3318125956307,1283.2438397267852,1288.327880859375,3451595
2023-11-01 00:00:00+05:30,INFY.NS,1292.7057061877338,1296.8481472235057,1272.5579091746342,1274.91162109375,3090672
2023-11-02 00:00:00+05:30,INFY.NS,1289.8340961001559,1295.765495943668,1281.972721492604,1289.975341796875,3758060
2023-11-03 00:00:00+05:30,INFY.NS,1299.2961678955407,1310.54686548969,1297.1307068451297,1307.76953125,3349045
2023-11-06 00:00:00+05:30,INFY.NS,1312.335688818848,1324.9044879431974,1309.4171089173929,1321.1856689453125,2736381
2023-11-07 00:00:00+05:30,INFY.NS,1318.078766511828,1323.6335500133118,1313.2300966352614,1322.127197265625,2272209
2023-11-08 00:00:00+05:30,INFY.NS,1322.7861337778295,1322.7861337778295,1305.3215449018542,1309.6053466796875,3550635
2023-11-09 00:00:00+05:30,INFY.NS,1314.2187005328615,1315.725053279232,1289.8813406007866,1294.3533935546875,5498051
2023-11-10 00:00:00+05:30,INFY.NS,1289.7869529854245,1292.7997730616912,1281.3607106679833,1288.7513427734375,2943649
2023-11-13 00:00:00+05:30,INFY.NS,1299.1077990502322,1301.5556365838725,1290.6344357148544,1293.176513671875,3462092
2023-11-15 00:00:00+05:30,INFY.NS,1317.1374009763547,1331.2596747537996,1311.488491465377,1327.9644775390625,8551860
2023-11-16 00:00:00+05:30,INFY.NS,1333.2367512594758,1368.3541841941474,1328.0585842809098,1360.3515625,6673907
2023-11-17 00:00:00+05:30,INFY.NS,1356.726837718172,1366.094566340676,1351.0779284155915,1353.431640625,4901251
2023-11-20 00:00:00+05:30,INFY.NS,1357.6212730677928,1367.036122395586,1349.7598968645575,1352.5372314453125,3584210
2023-11-21 00:00:00+05:30,INFY.NS,1357.621085267004,1365.152963687348,1352.6782900536532,1354.796630859375,3793135
2023-11-22 00:00:00+05:30,INFY.NS,1352.1604184890853,1373.5791976051314,1352.1604184890853,1372.49658203125,3108786
2023-11-23 00:00:00+05:30,INFY.NS,1382.0056146017555,1382.0056146017555,1362.9875519464238,1364.4468994140625,3186928
2023-11-24 00:00:00+05:30,INFY.NS,1360.9634073579093,1367.647926495402,1349.9479661707062,1353.290283203125,2973195
2023-11-28 00:00:00+05:30,INFY.NS,1359.504127646951,1360.4456124998921,1343.5460053605395,1358.2801513671875,3755373
2023-11-29 00:00:00+05:30,INFY.NS,1366.1886628376049,1375.226894544369,1364.964801471109,1374.1912841796875,3875778
2023-11-30 00:00:00+05:30,INFY.NS,1368.21286477539,1375.179875684024,1364.729416784748,1370.001708984375,10120867
2023-12-01 00:00:00+05:30,INFY.NS,1374.4737432561005,1374.4737432561005,1361.5283266839235,1367.3184814453125,3489187
2023-12-04 00:00:00+05:30,INFY.NS,1374.9913943979213,1385.7714640337215,1364.493931093046,1378.6632080078125,5511948
2023-12-05 00:00:00+05:30,INFY.NS,1380.0285133783032,1381.0641237085301,1357.621128395019,1368.871826171875,5123039
2023-12-06 00:00:00+05:30,INFY.NS,1371.5081438440814,1390.5732132882843,1366.1417258233225,1388.03125,5269178
2023-12-07 00:00:00+05:30,INFY.NS,1386.6659544767813,1386.6659544767813,1376.2626157196041,1380.1226806640625,4424453
2023-12-08 00:00:00+05:30,INFY.NS,1384.3593311792147,1407.2373438258442,1380.4521461092754,1403.8951416015625,6323433
2023-12-11 00:00:00+05:30,INFY.NS,1402.812373706227,1410.3442522227704,1395.2804951896835,1401.400146484375,3862018
2023-12-12 00:00:00+05:30,INFY.NS,1391.0438179520306,1402.812378171591,1381.7702154844862,1389.6787109375,6103494
2023-12-13 00:00:00+05:30,INFY.NS,1389.6316388053183,1389.6787590187653,1349.2890359623277,1364.2115478515625,8549258
2023-12-14 00:00:00+05:30,INFY.NS,1377.7689770027378,1422.5836336750658,1375.8388870549381,1413.5924072265625,12489858
2023-12-15 00:00:00+05:30,INFY.NS,1433.9285107001285,1495.5957668241965,1431.9984208352303,1486.0396728515625,18395389
2023-12-18 00:00:00+05:30,INFY.NS,1476.2010899731836,1499.7853308836295,1468.9988229814394,1472.811767578125,6467243
2023-12-19 00:00:00+05:30,INFY.NS,1478.225296674548,1481.8499902553428,1452.9464521784103,1467.1158447265625,4221721
2023-12-20 00:00:00+05:30,INFY.NS,1473.471002139645,1490.8413527319508,1440.4719101230721,1446.4974365234375,6592367
2023-12-21 00:00:00+05:30,INFY.NS,1432.2338260213533,1456.1475641627426,1432.2338260213533,1446.1207275390625,5319038
2023-12-22 00:00:00+05:30,INFY.NS,1445.1322053581507,1474.3653575565068,1433.8815067423754,1471.44677734375,6741060
2023-12-26 00:00:00+05:30,INFY.NS,1445.1793467888062,1457.4186507029785,1433.8815277911087,1453.6055908203125,6878067
2023-12-27 00:00:00+05:30,INFY.NS,1453.6526019531718,1478.131207944611,1453.6526019531718,1475.40087890625,4225849
2023-12-28 00:00:00+05:30,INFY.NS,1477.1425892283842,1477.1425892283842,1464.0089217215004,1471.2113037109375,5702253
2023-12-29 00:00:00+05:30,INFY.NS,1450.8752194379208,1468.1984480838207,1449.8866144117019,1452.616943359375,4388990
2024-01-01 00:00:00+05:30,INFY.NS,1448.9451947683858,1465.8919221925776,1445.4146265550125,1460.572509765625,2808451
2024-01-02 00:00:00+05:30,INFY.NS,1455.535458187299,1458.5011582059428,1433.8813084212525,1444.6142578125,5396313
2024-01-03 00:00:00+05:30,INFY.NS,1431.0098022399532,1431.0098022399532,1400.9294082948825,1402.8123779296875,7550363
2024-01-04 00:00:00+05:30,INFY.NS,1416.8874530223693,1430.8214735340546,1405.5426305452575,1424.1839599609375,7056038
2024-01-05 00:00:00+05:30,INFY.NS,1418.5823250946862,1449.6042055294993,1418.1115826606078,1442.8726806640625,8895403
2024-01-08 00:00:00+05:30,INFY.NS,1439.483154876404,1446.1206687605984,1424.701889324203,1433.693115234375,4440136
2024-01-09 00:00:00+05:30,INFY.NS,1451.6755526579025,1462.1260117914826,1436.5646744337396,1439.8128662109375,4412074
2024-01-10 00:00:00+05:30,INFY.NS,1435.7173203076957,1445.6029115375234,1416.9347429419645,1430.962890625,4096845
2024-01-11 00:00:00+05:30,INFY.NS,1435.6703796771912,1435.7645051838629,1399.6114612154008,1406.7667236328125,11296088
2024-01-12 00:00:00+05:30,INFY.NS,1470.5994024363956,1523.3225564289937,1464.3856251298819,1518.3797607421875,26754401
2024-01-15 00:00:00+05:30,INFY.NS,1548.6954842465418,1567.5251815652139,1540.2692406673768,1555.4271240234375,13228305
2024-01-16 00:00:00+05:30,INFY.NS,1548.554386655104,1552.0378347627927,1529.9129399390588,1536.0797119140625,6500917
2024-01-17 00:00:00+05:30,INFY.NS,1525.4408120839046,1551.0962739751476,1525.4408120839046,1544.223388671875,9209876
2024-01-18 00:00:00+05:30,INFY.NS,1546.5301524412396,1552.5085584102292,1532.9727472598277,1546.4830322265625,6375464
2024-01-19 00:00:00+05:30,INFY.NS,1554.9563105966838,1568.0429726211407,1547.9422946366542,1562.111572265625,4522736
2024-01-23 00:00:00+05:30,INFY.NS,1553.5440845490969,1576.7045882258603,1541.8696497501444,1546.059326171875,9401255
2024-01-24 00:00:00+05:30,INFY.NS,1562.770633148314,1581.694454529538,1548.7424867268392,1577.3636474609375,8999681
2024-01-25 00:00:00+05:30,INFY.NS,1575.0569444579046,1582.2123208537434,1560.9817927200572,1571.4322509765625,8865304
2024-01-29 00:00:00+05:30,INFY.NS,1567.7135599982494,1581.0825992301918,1551.1904544983925,1559.663818359375,4253785
2024-01-30 00:00:00+05:30,INFY.NS,1565.171396519599,1591.1093493392334,1551.8023580167996,1554.8150634765625,4995943
2024-01-31 00:00:00+05:30,INFY.NS,1551.8023522623284,1569.6905638157846,1542.2462583680392,1563.712158203125,6763779
2024-02-01 00:00:00+05:30,INFY.NS,1562.4413588052366,1578.8702248339061,1553.7796285080506,1560.087646484375,5760011
2024-02-02 00:00:00+05:30,INFY.NS,1568.5609589964831,1617.9417958851127,1567.5723538834523,1594.263427734375,7858483
2024-02-05 00:00:00+05:30,INFY.NS,1595.581400903025,1601.2303098308423,1583.436223722749,1588.47314453125,3634135
2024-02-06 00:00:00+05:30,INFY.NS,1588.0496182360184,1631.5932938509086,1575.998565824632,1628.2509765625,7694265
2024-02-07 00:00:00+05:30,INFY.NS,1627.8272320398985,1627.8272320398985,1588.1436244214153,1594.639892578125,4613877
2024-02-08 00:00:00+05:30,INFY.NS,1598.6412091518757,1606.50258433862,1584.3306859949523,1593.08642578125,5919715
2024-02-09 00:00:00+05:30,INFY.NS,1586.1193710004457,1593.8396151923025,1562.676491800521,1571.6676025390625,4600004
2024-02-12 00:00:00+05:30,INFY.NS,1572.6092188693096,1593.8867538003944,1572.6092188693096,1581.7886962890625,3555808
2024-02-13 00:00:00+05:30,INFY.NS,1584.5191679841946,1590.2622031833353,1566.1602114923992,1585.978515625,2696481
2024-02-14 00:00:00+05:30,INFY.NS,1563.0529955814704,1571.7617298510522,1539.798367340659,1568.701904296875,3768579
2024-02-15 00:00:00+05:30,INFY.NS,1578.870044759722,1588.9910065851047,1564.3711555313787,1578.258056640625,4834391
2024-02-16 00:00:00+05:30,INFY.NS,1590.1679521477781,1608.9976496273255,1589.1793470591608,1602.0777587890625,4880654
2024-02-19 00:00:00+05:30,INFY.NS,1605.2317360980246,1611.3513878778704,1588.9440015438006,1600.2889404296875,3690993
2024-02-20 00:00:00+05:30,INFY.NS,1586.401957891193,1595.1106926748687,1571.1028292171682,1586.6373291015625,3706389
2024-02-21 00:00:00+05:30,INFY.NS,1576.04564252021,1576.04564252021,1549.0250732340833,1558.67529296875,4300508
2024-02-22 00:00:00+05:30,INFY.NS,1567.5723214065963,1586.0254020244706,1548.1777559110003,1582.965576171875,5841277
2024-02-23 00:00:00+05:30,INFY.NS,1597.6998249586602,1599.064932049705,1574.0685776987198,1578.7288818359375,5373072
2024-02-26 00:00:00+05:30,INFY.NS,1576.9400103998594,1576.9400103998594,1548.742584990576,1563.006103515625,2782438
2024-02-27 00:00:00+05:30,INFY.NS,1563.8063128021718,1573.315286661556,1556.0861831168934,1566.254150390625,5159088
2024-02-28 00:00:00+05:30,INFY.NS,1572.2798088946804,1589.0382863616267,1564.7950497873524,1573.4566650390625,3188916
2024-02-29 00:00:00+05:30,INFY.NS,1567.5722998042163,1583.812913721107,1556.5569728576138,1575.9515380859375,7814722
2024-03-01 00:00:00+05:30,INFY.NS,1571.3381567596207,1574.1154909938598,1554.3914300839626,1557.8748779296875,6387291
2024-03-04 00:00:00+05:30,INFY.NS,1560.8406106080845,1567.0543875331723,1538.0567235736469,1541.39892578125,4445156
2024-03-05 00:00:00+05:30,INFY.NS,1538.386193843857,1541.5401450012134,1508.2586796437324,1512.495361328125,4596579
2024-03-06 00:00:00+05:30,INFY.NS,1509.0120236903088,1525.3467635033348,1483.7801827337923,1522.89892578125,6420684
2024-03-07 00:00:00+05:30,INFY.NS,1522.004404894455,1533.1609775234701,1510.3299696204092,1521.8631591796875,6348359
2024-03-11 00:00:00+05:30,INFY.NS,1514.0488079869733,1519.3682201060792,1495.0778662328694,1506.9405517578125,6752895
2024-03-12 00:00:00+05:30,INFY.NS,1506.375688833194,1529.9128089712128,1504.1632225256892,1518.56787109375,4614222
2024-03-13 00:00:00+05:30,INFY.NS,1518.5208697901078,1529.4420705773052,1505.0105857809417,1517.108642578125,5688997
2024-03-14 00:00:00+05:30,INFY.NS,1519.9332218123318,1560.7465686045769,1513.9076955609466,1556.5570068359375,8803799
2024-03-15 00:00:00+05:30,INFY.NS,1545.0707498555741,1549.4957975654736,1523.6519697189988,1538.38623046875,11809997
2024-03-18 00:00:00+05:30,INFY.NS,1534.6203153666463,1537.1152732206572,1505.2930391151203,1508.8707275390625,4958904
2024-03-19 00:00:00+05:30,INFY.NS,1499.173324716635,1505.4342217324486,1466.8333442521293,1470.0814208984375,6870411
2024-03-20 00:00:00+05:30,INFY.NS,1471.540790852675,1482.7914886121835,1461.5139544170574,1463.9617919921875,4759059
2024-03-21 00:00:00+05:30,INFY.NS,1472.4822954464403,1484.6744782005846,1453.087730653012,1463.7264404296875,11062497
2024-03-22 00:00:00+05:30,INFY.NS,1431.9985126005026,1439.4362661905388,1410.5326112138532,1420.5594482421875,14673890
2024-03-26 00:00:00+05:30,INFY.NS,1404.6955069309752,1419.241403039176,1400.8354417271594,1405.3074951171875,8351081
2024-03-27 00:00:00+05:30,INFY.NS,1408.4612802603947,1411.2857346994197,1394.8568706833632,1397.022216796875,6857402
2024-03-28 00:00:00+05:30,INFY.NS,1400.129150066849,1423.3367734843898,1400.129150066849,1410.391357421875,12499530
2024-04-01 00:00:00+05:30,INFY.NS,1435.7644049013911,1440.4247089660325,1405.4486385196594,1407.9434814453125,6580002
2024-04-02 00:00:00+05:30,INFY.NS,1397.9637802788536,1405.7781506375063,1394.1978408148962,1396.080810546875,7279400
2024-04-03 00:00:00+05:30,INFY.NS,1392.4560485461666,1407.613931160152,1388.690109266799,1394.009521484375,8736248
2024-04-04 00:00:00+05:30,INFY.NS,1403.3302528566012,1408.1318024819914,1382.0997240670574,1399.7054443359375,11186915
2024-04-05 00:00:00+05:30,INFY.NS,1393.4447725803975,1399.7055552251502,1389.6788329794124,1392.55029296875,5072482
2024-04-08 00:00:00+05:30,INFY.NS,1396.221927423092,1403.706685446096,1387.8426899035271,1390.29052734375,6610887
2024-04-09 00:00:00+05:30,INFY.NS,1402.8124833871761,1425.2198696967855,1400.2705201600338,1407.378662109375,9423230
2024-04-10 00:00:00+05:30,INFY.NS,1412.5567483925915,1421.5008543199363,1397.6813569645744,1418.62939453125,6744595
2024-04-12 00:00:00+05:30,INFY.NS,1415.993088588146,1418.6292919048578,1392.926711812608,1397.8695068359375,12275616
2024-04-15 00:00:00+05:30,INFY.NS,1393.3975389714133,1404.6482366428452,1375.5564475345761,1382.240966796875,8531224
2024-04-16 00:00:00+05:30,INFY.NS,1366.094545486242,1370.0017306796847,1330.3652406637968,1331.6832275390625,16173541
2024-04-18 00:00:00+05:30,INFY.NS,1337.9439943607726,1360.163012124985,1325.1398243718486,1336.2022705078125,22107945
2024-04-19 00:00:00+05:30,INFY.NS,1303.9564344137511,1343.3575498977523,1298.0721544750609,1328.67041015625,20603621
2024-04-22 00:00:00+05:30,INFY.NS,1336.814417739945,1352.7725406478596,1330.3652692316007,1348.9124755859375,5859087
2024-04-23 00:00:00+05:30,INFY.NS,1358.562670672261,1362.1873644449943,1349.1478219496535,1357.997802734375,4856174
2024-04-24 00:00:00+05:30,INFY.NS,1359.7867075742051,1359.7867075742051,1343.546092803966,1347.029541015625,4268213
2024-04-25 00:00:00+05:30,INFY.NS,1336.908338935666,1360.3513320897941,1336.908338935666,1354.2786865234375,9089398
2024-04-26 00:00:00+05:30,INFY.NS,1355.455578865194,1360.8221110164066,1343.498768244188,1346.55859375,8062444
2024-04-29 00:00:00+05:30,INFY.NS,1346.2762368329832,1355.549954695784,1344.6757585333085,1350.79541015625,5055957
2024-04-30 00:00:00+05:30,INFY.NS,1350.7483107051714,1352.4901496742034,1334.6019369629423,1337.4263916015625,6936588
2024-05-02 00:00:00+05:30,INFY.NS,1330.3181204493865,1340.6744540126867,1329.2353898641165,1331.6832275390625,10076354
2024-05-03 00:00:00+05:30,INFY.NS,1338.885714612062,1341.4277929148773,1321.0916262018002,1333.4251708984375,8842345
2024-05-06 00:00:00+05:30,INFY.NS,1336.9084732924218,1361.1045877183944,1334.1781442699464,1342.4632568359375,6445422
2024-05-07 00:00:00+05:30,INFY.NS,1341.568931255247,1358.8922772913259,1332.7660699731557,1356.6326904296875,6080661
2024-05-08 00:00:00+05:30,INFY.NS,1351.266253405405,1355.5029356143054,1342.1809007941797,1343.781494140625,6234983
2024-05-09 00:00:00+05:30,INFY.NS,1344.0167568835536,1365.1059257902893,1341.4746788069972,1355.3145751953125,6088406
2024-05-10 00:00:00+05:30,INFY.NS,1351.0778223208927,1351.9250667078657,1330.3180362931507,1341.521728515625,8777481
2024-05-13 00:00:00+05:30,INFY.NS,1341.6159637564915,1341.6159637564915,1328.623426347066,1340.1566162109375,3735954
2024-05-14 00:00:00+05:30,INFY.NS,1342.9340893861715,1349.8539804416741,1335.072713427135,1341.33349609375,3463230
2024-05-15 00:00:00+05:30,INFY.NS,1342.5573572737128,1348.0180152167325,1335.5433413149956,1336.861328125,4327544
2024-05-16 00:00:00+05:30,INFY.NS,1350.0421774524657,1370.566593499511,1343.4989036055658,1368.3070068359375,9249145
2024-05-17 00:00:00+05:30,INFY.NS,1371.7435559166192,1371.7435559166192,1355.0321982518835,1359.7867431640625,7542860
2024-05-21 00:00:00+05:30,INFY.NS,1346.3234055041823,1360.1631875478636,1344.8170526513272,1350.2305908203125,6752663
2024-05-22 00:00:00+05:30,INFY.NS,1345.1465142625411,1374.5207963720839,1344.4404006067602,1369.6722412109375,7173285
2024-05-23 00:00:00+05:30,INFY.NS,1369.5779588477037,1391.6558474322132,1365.153026044568,1386.2423095703125,8641428
2024-05-24 00:00:00+05:30,INFY.NS,1382.3352072624964,1389.1609728015073,1374.5679568215526,1379.3695068359375,5277938
2024-05-27 00:00:00+05:30,INFY.NS,1385.7244045177397,1393.0209118473929,1374.8032036291474,1385.253662109375,5821844
2024-05-28 00:00:00+05:30,INFY.NS,1389.1609456307224,1389.6316880724814,1374.8504213721912,1381.2054443359375,6186922
2024-05-29 00:00:00+05:30,INFY.NS,1379.6520112690093,1379.7461367746178,1365.1531206572472,1366.0474853515625,7401634
2024-05-30 00:00:00+05:30,INFY.NS,1358.3743695494225,1365.011768697552,1338.3678167520543,1343.9224853515625,9663150
2024-05-31 00:00:00+05:30,INFY.NS,1353.8618612517012,1379.7424895610318,1344.4506597427837,1351.076904296875,37113815
2024-06-03 00:00:00+05:30,INFY.NS,1382.8636553906256,1382.8636553906256,1348.2920640058599,1350.11669921875,10589244
2024-06-04 00:00:00+05:30,INFY.NS,1353.09357909204,1358.8555105856897,1304.4532506211224,1338.3526611328125,13736134
2024-06-05 00:00:00+05:30,INFY.NS,1344.594729280313,1380.9428896837226,1344.594729280313,1373.3563232421875,9233424
2024-06-06 00:00:00+05:30,INFY.NS,1387.6171483700416,1415.8026912541518,1380.4627967662166,1413.833984375,12660930
2024-06-07 00:00:00+05:30,INFY.NS,1422.2368434730788,1478.607696455328,1418.6356360706318,1472.749755859375,24075302
2024-06-10 00:00:00+05:30,INFY.NS,1464.7791939197848,1469.1006429210506,1437.8901779119085,1440.242919921875,6810606
2024-06-11 00:00:00+05:30,INFY.NS,1440.530920339611,1446.6768867495505,1434.67286293827,1436.4014892578125,4853054
2024-06-12 00:00:00+05:30,INFY.NS,1447.205207418443,1448.8857708643502,1423.9173996680136,1426.2701416015625,9564320
2024-06-13 00:00:00+05:30,INFY.NS,1435.6813586014816,1445.2845783914581,1430.2555159747842,1434.6729736328125,7307565
2024-06-14 00:00:00+05:30,INFY.NS,1444.0360586769375,1444.0360586769375,1427.0864701658527,1429.8233642578125,4237727
2024-06-18 00:00:00+05:30,INFY.NS,1437.6019330325926,1447.2051523581276,1436.0654413858667,1438.7542724609375,5420939
2024-06-19 00:00:00+05:30,INFY.NS,1445.2845473689924,1455.5119996711499,1437.3138282236787,1451.382568359375,5493456
2024-06-20 00:00:00+05:30,INFY.NS,1456.1361637531038,1457.2885031581282,1439.618556511379,1455.2718505859375,7927010
2024-06-21 00:00:00+05:30,INFY.NS,1483.6975056622882,1495.94161129154,1463.2425999556383,1471.885498046875,17301941
2024-06-24 00:00:00+05:30,INFY.NS,1464.0588504809766,1468.428244941943,1455.271881344855,1466.5556640625,5564989
2024-06-25 00:00:00+05:30,INFY.NS,1465.451223093983,1482.6410085926723,1460.0253808999469,1480.768310546875,4551525
2024-06-26 00:00:00+05:30,INFY.NS,1479.8561366420593,1487.3946405637594,1474.0942048965353,1479.5679931640625,4851004
2024-06-27 00:00:00+05:30,INFY.NS,1477.4072265440695,1515.7721579895247,1471.2612599725667,1510.9224853515625,14757754
2024-06-28 00:00:00+05:30,INFY.NS,1510.15438706981,1525.4714758668922,1502.1836676895095,1504.58447265625,8197544
2024-07-01 00:00:00+05:30,INFY.NS,1497.6220524294586,1536.4190819140294,1497.6220524294586,1527.68017578125,6801771
2024-07-02 00:00:00+05:30,INFY.NS,1532.86588566981,1568.9740856185726,1523.550809426941,1556.72998046875,10493173
2024-07-03 00:00:00+05:30,INFY.NS,1560.5232067482063,1571.086748455425,1542.2770892539197,1562.8280029296875,7269965
2024-07-04 00:00:00+05:30,INFY.NS,1563.5960981382616,1594.13438198508,1563.4040806456085,1585.1553955078125,8008311
2024-07-05 00:00:00+05:30,INFY.NS,1585.9236853770542,1599.7523453204356,1568.5418810019864,1582.0823974609375,7065022
2024-07-08 00:00:00+05:30,INFY.NS,1577.904975049744,1599.8963711842514,1574.9280004454815,1595.718994140625,5880533
2024-07-09 00:00:00+05:30,INFY.NS,1594.0383461640054,1600.6165277373964,1585.4914578037747,1591.3974609375,5191182
2024-07-10 00:00:00+05:30,INFY.NS,1591.2535253565572,1607.5789990626897,1572.575309683498,1582.8507080078125,9852770
2024-07-11 00:00:00+05:30,INFY.NS,1590.2932550444577,1598.9361531696993,1576.8968098410567,1587.1241455078125,8857679
2024-07-12 00:00:00+05:30,INFY.NS,1613.340833576749,1651.5136300854847,1600.520559326722,1643.8310546875,17078316
2024-07-15 00:00:00+05:30,INFY.NS,1657.707575021914,1659.436201288973,1635.092065184172,1639.3175048828125,6942230
2024-07-16 00:00:00+05:30,INFY.NS,1650.4092519603355,1668.943512173137,1632.547287437264,1657.563720703125,6886281
2024-07-18 00:00:00+05:30,INFY.NS,1650.7934479826547,1695.3524103380762,1650.7934479826547,1688.2940673828125,11248896
2024-07-19 00:00:00+05:30,INFY.NS,1770.8336868455729,1770.8336868455729,1715.5671113876276,1721.8092041015625,29819116
2024-07-22 00:00:00+05:30,INFY.NS,1728.7236252048558,1750.6669588687384,1721.8092366549201,1738.9990234375,8462126
2024-07-23 00:00:00+05:30,INFY.NS,1738.1826974355533,1766.9442924167647,1712.494085746934,1764.015380859375,7113056
2024-07-24 00:00:00+05:30,INFY.NS,1764.5915628208677,1769.249100779416,1747.4017766683005,1761.182373046875,6002845
2024-07-25 00:00:00+05:30,INFY.NS,1747.7860651938493,1758.253598590097,1740.103489083107,1752.443603515625,5815599
2024-07-26 00:00:00+05:30,INFY.NS,1752.9235913028444,1808.2861733754446,1752.9235913028444,1804.348876953125,11369047
2024-07-29 00:00:00+05:30,INFY.NS,1818.4656425678857,1827.4926924499405,1790.040135957272,1796.8583984375,4635931
2024-07-30 00:00:00+05:30,INFY.NS,1796.8583403917328,1805.3571660297775,1786.1987904104494,1802.6683349609375,2721265
2024-07-31 00:00:00+05:30,INFY.NS,1802.5242769151237,1810.350924152097,1791.048476651269,1794.1214599609375,5004209
2024-08-01 00:00:00+05:30,INFY.NS,1782.453656326238,1793.7855029159562,1771.8901142339544,1779.092529296875,7475014
2024-08-02 00:00:00+05:30,INFY.NS,1769.8732971519382,1785.7186088193323,1744.0886770658112,1748.938232421875,7400938
2024-08-05 00:00:00+05:30,INFY.NS,1714.1266318965754,1726.1787193591779,1650.3613476722035,1682.3880615234375,10736703
2024-08-06 00:00:00+05:30,INFY.NS,1690.3587800212945,1725.6506144088735,1675.617860395926,1681.619873046875,7690163
2024-08-07 00:00:00+05:30,INFY.NS,1724.7382902879888,1726.5629255103806,1692.183351452448,1720.5609130859375,5094329
2024-08-08 00:00:00+05:30,INFY.NS,1709.3250068929763,1709.3250068929763,1658.5720153140558,1673.9852294921875,6227910
2024-08-09 00:00:00+05:30,INFY.NS,1700.970151180368,1710.0932091542359,1686.32524232758,1700.489990234375,4258524
2024-08-12 00:00:00+05:30,INFY.NS,1702.6988263064616,1731.9405818653124,1697.9451624687292,1726.0826416015625,4315329
2024-08-13 00:00:00+05:30,INFY.NS,1738.1827024097588,1738.1827024097588,1718.0640047615366,1726.130615234375,4176918
2024-08-14 00:00:00+05:30,INFY.NS,1730.5002617824882,1752.5876680094568,1726.130749746865,1750.9071044921875,7450718
2024-08-16 00:00:00+05:30,INFY.NS,1776.5955951852964,1787.9753867685558,1756.9089953467567,1785.1904296875,7335657
2024-08-19 00:00:00+05:30,INFY.NS,1786.1988792940135,1793.449357119504,1775.8273550396493,1790.8084716796875,2585989
2024-08-20 00:00:00+05:30,INFY.NS,1805.405230806265,1810.8790189238414,1794.0733851264426,1797.9146728515625,3870333
2024-08-21 00:00:00+05:30,INFY.NS,1800.6995713961778,1804.444850251852,1793.0169961955314,1798.394775390625,1966902
2024-08-22 00:00:00+05:30,INFY.NS,1809.2465931329778,1818.513723597305,1795.51394205871,1805.6453857421875,4300287
2024-08-23 00:00:00+05:30,INFY.NS,1803.67661383031,1807.9020537953018,1783.3178356718943,1788.2154541015625,5015935
2024-08-26 00:00:00+05:30,INFY.NS,1795.8020045127269,1813.8080406542315,1790.0400729474454,1801.7080078125,3728589
2024-08-27 00:00:00+05:30,INFY.NS,1801.7080992308468,1827.2526403543604,1799.5473747842314,1824.707763671875,3830679
2024-08-28 00:00:00+05:30,INFY.NS,1831.2379582795415,1873.588133022963,1822.1148997127973,1862.1602783203125,6514531
2024-08-29 00:00:00+05:30,INFY.NS,1856.3023384955793,1873.1079727033768,1844.6824662886909,1856.638427734375,7228284
2024-08-30 00:00:00+05:30,INFY.NS,1861.1039704725115,1872.6278340667684,1851.5007508106305,1866.5777587890625,13466759
2024-09-02 00:00:00+05:30,INFY.NS,1866.241657337013,1897.3561122833119,1865.713550595146,1886.552490234375,5573739
2024-09-03 00:00:00+05:30,INFY.NS,1888.9533893572925,1888.9533893572925,1859.6155051280512,1864.22509765625,4694322
2024-09-04 00:00:00+05:30,INFY.NS,1844.8744872415468,1850.7324277310104,1824.6597803927025,1846.1708984375,4778310
2024-09-05 00:00:00+05:30,INFY.NS,1849.8201661965988,1863.0245930805459,1833.8307821972226,1856.4464111328125,4081810
2024-09-06 00:00:00+05:30,INFY.NS,1845.7388167038994,1859.6634851962026,1821.5866958391305,1826.3883056640625,5848106
2024-09-09 00:00:00+05:30,INFY.NS,1815.0084785277315,1844.634387126065,1814.0481565814205,1819.4739990234375,4772612
2024-09-10 00:00:00+05:30,INFY.NS,1829.317300201853,1858.2229673598686,1820.7704114285846,1836.4237060546875,6909600
2024-09-11 00:00:00+05:30,INFY.NS,1838.7284033553788,1849.5800883553493,1829.4133272673625,1834.3590087890625,5312946
2024-09-12 00:00:00+05:30,INFY.NS,1848.6197893164426,1878.773922571952,1834.9832642548035,1873.0599365234375,8555092
2024-09-13 00:00:00+05:30,INFY.NS,1873.0599351123685,1880.886582594913,1858.8472403257115,1866.9619140625,3843127
2024-09-16 00:00:00+05:30,INFY.NS,1868.5464710616527,1874.548483367517,1856.3504289468578,1872.867919921875,1570181
2024-09-17 00:00:00+05:30,INFY.NS,1870.467067930622,1880.7424658489679,1865.0892884852562,1875.07666015625,2793127
2024-09-18 00:00:00+05:30,INFY.NS,1861.824097546446,1861.824097546446,1806.6536508696367,1817.0731201171875,6385468
2024-09-19 00:00:00+05:30,INFY.NS,1834.7911742292838,1848.5238256038056,1804.253005223771,1819.0418701171875,7976570
2024-09-20 00:00:00+05:30,INFY.NS,1829.4134254860905,1839.0166455673825,1793.305341425795,1830.1336669921875,15242974
2024-09-23 00:00:00+05:30,INFY.NS,1833.2546020080952,1842.761812755645,1803.9167195535472,1821.2025146484375,3636672
2024-09-24 00:00:00+05:30,INFY.NS,1813.0878227950013,1835.0792186672709,1797.1465020357018,1823.2672119140625,7277616
2024-09-25 00:00:00+05:30,INFY.NS,1811.5033146813457,1826.1482246431408,1802.3323102544668,1820.0982666015625,4268341
2024-09-26 00:00:00+05:30,INFY.NS,1822.4991866395028,1841.8495816692773,1817.8895940269988,1824.8519287109375,8952803
2024-09-27 00:00:00+05:30,INFY.NS,1855.4380099764576,1896.2516927156676,1827.7808082445556,1831.0938720703125,14908931
2024-09-30 00:00:00+05:30,INFY.NS,1805.40537191387,1825.8122145485347,1796.282312853667,1801.179931640625,6986955
2024-10-01 00:00:00+05:30,INFY.NS,1800.6036370139677,1833.2065199774477,1800.6036370139677,1828.7890625,4029072
2024-10-03 00:00:00+05:30,INFY.NS,1814.528280610594,1835.9914522282918,1806.3655442331449,1818.2735595703125,7503887
2024-10-04 00:00:00+05:30,INFY.NS,1814.5763205944831,1876.565029844856,1811.1671309069884,1842.04150390625,10001483
2024-10-07 00:00:00+05:30,INFY.NS,1846.8911139011777,1864.9452133204372,1840.0249057901142,1857.55078125,6112575
2024-10-08 00:00:00+05:30,INFY.NS,1861.007899519078,1880.2622839615105,1830.7096956078074,1871.2353515625,5637391
2024-10-09 00:00:00+05:30,INFY.NS,1875.07665925967,1898.5564839074102,1867.9221904384558,1875.2686767578125,4857163
2024-10-10 00:00:00+05:30,INFY.NS,1880.214459242611,1886.0723999723164,1838.1523089309171,1842.85791015625,4782119
2024-10-11 00:00:00+05:30,INFY.NS,1841.8976089269854,1869.7469471224404,1834.3110416283794,1858.319091796875,4709431
2024-10-14 00:00:00+05:30,INFY.NS,1855.4860705732615,1891.354071794841,1854.477685639696,1881.1746826171875,3751378
2024-10-15 00:00:00+05:30,INFY.NS,1882.2310163628915,1912.433094709219,1874.3083602991192,1881.558837890625,5353705
2024-10-16 00:00:00+05:30,INFY.NS,1877.4295689381306,1881.7990810660253,1840.3130990275722,1843.914306640625,3111512
2024-10-17 00:00:00+05:30,INFY.NS,1858.415027332384,1899.516854492198,1853.5654717255002,1890.0096435546875,8162822
2024-10-18 00:00:00+05:30,INFY.NS,1818.6577602233042,1859.9995499352583,1795.0818094027522,1805.0211181640625,10526196
2024-10-21 00:00:00+05:30,INFY.NS,1816.0647726492866,1823.4593218230411,1765.071701772492,1779.2364501953125,4654601
2024-10-22 00:00:00+05:30,INFY.NS,1784.4700589292672,1803.2924614363872,1773.6664378494722,1778.1319580078125,4125240
2024-10-23 00:00:00+05:30,INFY.NS,1772.0341729593083,1811.167294513619,1770.8337704576425,1799.0672607421875,4311910
2024-10-24 00:00:00+05:30,INFY.NS,1787.5433126309072,1809.2465653946333,1786.198838446931,1789.4158935546875,2906475
2024-10-25 00:00:00+05:30,INFY.NS,1789.5119595392343,1801.9001366151979,1773.1385399992107,1788.1676025390625,4689120
2024-10-28 00:00:00+05:30,INFY.NS,1785.9108270230458,1807.2300463621355,1783.3180044404317,1791.336669921875,7018940
2024-10-29 00:00:00+05:30,INFY.NS,1792.9391324904534,1798.378144066303,1776.4277753656768,1786.4317626953125,4621252
2024-10-30 00:00:00+05:30,INFY.NS,1779.3416136488445,1786.1404080241402,1744.7163014394891,1750.301025390625,5919715
2024-10-31 00:00:00+05:30,INFY.NS,1736.5092654474463,1736.5092654474463,1696.2992285309076,1706.740234375,7395236
2024-11-01 00:00:00+05:30,INFY.NS,1713.7816813488193,1715.2385657478123,1701.6895882617994,1710.236572265625,371966
2024-11-04 00:00:00+05:30,INFY.NS,1674.9314693544445,1716.2098616116575,1668.6183034798119,1712.9561767578125,7336722
2024-11-05 00:00:00+05:30,INFY.NS,1709.4110437798347,1717.6181118779048,1694.842199656711,1703.7777099609375,3160880
2024-11-06 00:00:00+05:30,INFY.NS,1713.296194916247,1774.679548579323,1711.985022561022,1771.2801513671875,10421494
2024-11-07 00:00:00+05:30,INFY.NS,1760.8390975998175,1773.22261567757,1735.6350435250165,1751.2237548828125,4550965
2024-11-08 00:00:00+05:30,INFY.NS,1765.7439982122546,1787.694367437014,1761.0334287500186,1777.3504638671875,4210960
2024-11-11 00:00:00+05:30,INFY.NS,1776.427742360696,1814.306737413767,1770.163186757311,1806.6337890625,3804234
2024-11-12 00:00:00+05:30,INFY.NS,1817.3175584882076,1826.9330191433785,1807.5078940062876,1815.083740234375,5012450
2024-11-13 00:00:00+05:30,INFY.NS,1807.605094015565,1819.3572716489662,1802.943134866599,1814.6953125,4257495
2024-11-14 00:00:00+05:30,INFY.NS,1811.975680567675,1822.0767695268303,1802.6516440521305,1810.9559326171875,4311431
2024-11-18 00:00:00+05:30,INFY.NS,1796.047127993138,1796.047127993138,1743.4050832115965,1759.3822021484375,4839244
2024-11-19 00:00:00+05:30,INFY.NS,1773.0283689800722,1806.24528689049,1768.2206977377823,1772.2999267578125,4669769
2024-11-21 00:00:00+05:30,INFY.NS,1789.0540816629436,1813.3354888516371,1768.26917339711,1781.3326416015625,5436504
2024-11-22 00:00:00+05:30,INFY.NS,1800.80625185363,1859.0331371970146,1781.2840242640295,1847.572265625,6301486
2024-11-25 00:00:00+05:30,INFY.NS,1860.927145784527,1864.1323391283017,1827.904430253904,1835.383056640625,12764638
2024-11-26 00:00:00+05:30,INFY.NS,1850.194581938472,1882.8773790978912,1842.7645663309452,1868.8427734375,6850495
2024-11-27 00:00:00+05:30,INFY.NS,1874.621750796134,1885.5969943515,1856.7992214996743,1869.1827392578125,4447143
2024-11-28 00:00:00+05:30,INFY.NS,1859.8586361338635,1859.8586361338635,1798.4266776839897,1803.282958984375,8468790
2024-11-29 00:00:00+05:30,INFY.NS,1797.8925063282472,1823.0480681141644,1791.9678666332622,1804.448486328125,5244346
2024-12-02 00:00:00+05:30,INFY.NS,1805.5655210664468,1828.6814691911163,1782.4495729417774,1825.7677001953125,2868263
2024-12-03 00:00:00+05:30,INFY.NS,1832.760605927078,1845.1441235346933,1817.3662175546285,1837.7139892578125,4715792
2024-12-04 00:00:00+05:30,INFY.NS,1829.8468273930628,1858.935905488834,1821.1055208927776,1834.9459228515625,4705573
2024-12-05 00:00:00+05:30,INFY.NS,1845.386971128795,1893.8526842407528,1834.654541582606,1879.2352294921875,9050038
2024-12-06 00:00:00+05:30,INFY.NS,1877.2442779990854,1882.2461532385446,1857.4306251975142,1867.1431884765625,3573331
2024-12-09 00:00:00+05:30,INFY.NS,1868.8912975545852,1874.7188352688952,1842.6673778401903,1868.357177734375,4274645
2024-12-10 00:00:00+05:30,INFY.NS,1883.2659588503623,1909.101352624084,1876.4671647750902,1892.54150390625,6174921
2024-12-11 00:00:00+05:30,INFY.NS,1898.806057875605,1921.1449526741415,1895.8922889888395,1917.4056396484375,5025612
2024-12-12 00:00:00+05:30,INFY.NS,1918.4253589276038,1941.3471020098962,1913.9091120699152,1929.88623046875,6462130
2024-12-13 00:00:00+05:30,INFY.NS,1913.132112410419,1948.7771714843159,1897.6406217246506,1942.22119140625,5362693
2024-12-16 00:00:00+05:30,INFY.NS,1938.0933607570853,1942.1240981650324,1920.7564592966078,1923.1361083984375,3119221
2024-12-17 00:00:00+05:30,INFY.NS,1911.4324974199167,1925.0300863243267,1901.7199339167669,1919.7852783203125,5811050
2024-12-18 00:00:00+05:30,INFY.NS,1910.2669710918078,1927.8951783904936,1905.216367108079,1922.261962890625,3064095
2024-12-19 00:00:00+05:30,INFY.NS,1878.4097533316565,1903.4196039771014,1864.8121646312206,1890.259033203125,5323592
2024-12-20 00:00:00+05:30,INFY.NS,1918.3768510152895,1923.038809987995,1856.3135514684034,1866.9002685546875,11056720
2024-12-23 00:00:00+05:30,INFY.NS,1874.5732490554924,1884.2372017118134,1854.1282567360063,1868.988525390625,2781793
2024-12-24 00:00:00+05:30,INFY.NS,1871.6594932162752,1886.1797274213886,1787.111585198432,1854.1768798828125,2360544
2024-12-26 00:00:00+05:30,INFY.NS,1854.1769374712999,1864.5693327398988,1847.6209572676305,1852.5743408203125,3623321
2024-12-27 00:00:00+05:30,INFY.NS,1854.5168074679777,1868.8428379280153,1849.1748978049127,1861.655517578125,3937500
2024-12-30 00:00:00+05:30,INFY.NS,1860.6356160704356,1860.9270403802957,1832.2749799986577,1851.2144775390625,7789055
2024-12-31 00:00:00+05:30,INFY.NS,1837.9082915665463,1842.473148621904,1792.0164326986576,1825.9617919921875,3613063
2025-01-01 00:00:00+05:30,INFY.NS,1820.134335963438,1838.5395957247827,1820.134335963438,1828.3900146484375,1838368
2025-01-02 00:00:00+05:30,INFY.NS,1832.7607301511275,1906.2362966487788,1831.109641782825,1901.57421875,7083645
2025-01-03 00:00:00+05:30,INFY.NS,1896.8149857004253,1896.8149857004253,1866.7546499738073,1883.023193359375,6218003
2025-01-06 00:00:00+05:30,INFY.NS,1895.8923485784164,1916.288731426852,1872.5821967516326,1882.1490478515625,7164403
2025-01-07 00:00:00+05:30,INFY.NS,1889.0935202054077,1902.2540906114118,1868.357221729347,1875.3502197265625,4294832
2025-01-08 00:00:00+05:30,INFY.NS,1874.5246254427705,1882.8774057609294,1834.460303784991,1877.5841064453125,5482050
2025-01-09 00:00:00+05:30,INFY.NS,1878.4583629543145,1895.74665458795,1855.6338390718154,1862.1898193359375,6833503
2025-01-10 00:00:00+05:30,INFY.NS,1881.3233976824297,1920.9507009797642,1876.709930393327,1910.4124755859375,8036913
2025-01-13 00:00:00+05:30,INFY.NS,1899.7773306055078,1925.8070469770787,1892.9785364775742,1905.799072265625,5804152
2025-01-14 00:00:00+05:30,INFY.NS,1912.2579998126723,1915.1232771204202,1875.5930733895989,1884.285888671875,5792162
2025-01-15 00:00:00+05:30,INFY.NS,1891.036010381721,1901.7684398888914,1881.420549328485,1893.60986328125,2985439
2025-01-16 00:00:00+05:30,INFY.NS,1909.4412763032324,1910.41253260361,1861.7526156669912,1873.0191650390625,7533579
2025-01-17 00:00:00+05:30,INFY.NS,1797.7954209897873,1804.5942151264314,1759.9164250856263,1763.2672119140625,16409953
2025-01-20 00:00:00+05:30,INFY.NS,1770.5517282126625,1775.4080099966866,1741.60835991682,1761.17919921875,4333011
2025-01-21 00:00:00+05:30,INFY.NS,1766.7638099629812,1779.0016155615642,1741.5111463055791,1748.941162109375,7169109
2025-01-22 00:00:00+05:30,INFY.NS,1755.448693830049,1812.1700865447272,1753.2633671133483,1803.0887451171875,8373913
2025-01-23 00:00:00+05:30,INFY.NS,1804.5941442893445,1825.5247642701754,1799.446438649042,1811.8299560546875,5907471
2025-01-24 00:00:00+05:30,INFY.NS,1811.8786496612856,1840.4336089404926,1810.6645792715367,1821.5426025390625,4887027
2025-01-27 00:00:00+05:30,INFY.NS,1795.6101350752897,1809.4505377391558,1759.9164650474238,1769.6290283203125,7652371
2025-01-28 00:00:00+05:30,INFY.NS,1777.3990640797924,1809.9361507719634,1772.4456805643415,1777.15625,6999495
2025-01-29 00:00:00+05:30,INFY.NS,1791.9678626583263,1834.36322360914,1787.5972093347696,1827.1759033203125,5145155
2025-01-30 00:00:00+05:30,INFY.NS,1819.3086909049005,1832.9547702492719,1790.9965471548646,1806.488037109375,7336056
2025-01-31 00:00:00+05:30,INFY.NS,1817.2205970496623,1842.910279604707,1817.2205970496623,1825.7677001953125,5820470
2025-02-01 00:00:00+05:30,INFY.NS,1826.2533177597818,1836.2571867836969,1792.9391783431893,1798.1353759765625,1701402
2025-02-03 00:00:00+05:30,INFY.NS,1783.2265984737837,1822.6110895629577,1779.7300994439906,1809.741943359375,4823228
2025-02-04 00:00:00+05:30,INFY.NS,1834.703198206104,1856.2650411997822,1821.1056096540206,1844.2215576171875,7334787
2025-02-05 00:00:00+05:30,INFY.NS,1851.2144245852517,1864.5205878724964,1839.8507738106882,1842.521728515625,4996744
2025-02-06 00:00:00+05:30,INFY.NS,1861.898330498206,1868.6971246106148,1845.3869733680706,1860.587158203125,4765255
2025-02-07 00:00:00+05:30,INFY.NS,1864.13219104828,1868.40562375176,1835.140096778848,1848.9320068359375,4126260
2025-02-10 00:00:00+05:30,INFY.NS,1850.2432794461592,1850.2432794461592,1824.6020890265615,1826.2532958984375,3828734
2025-02-11 00:00:00+05:30,INFY.NS,1828.9727506286142,1848.3007750893653,1816.249316561804,1821.7369384765625,4411601
2025-02-12 00:00:00+05:30,INFY.NS,1830.8182412610952,1840.142278618334,1793.9104995274497,1809.5963134765625,5633947
2025-02-13 00:00:00+05:30,INFY.NS,1814.792533979024,1819.6488158467762,1782.8867858202054,1790.268310546875,5237744
2025-02-14 00:00:00+05:30,INFY.NS,1800.7092442878504,1805.856950285683,1775.7964955938853,1803.040283203125,5292961
2025-02-17 00:00:00+05:30,INFY.NS,1785.703248001718,1799.4950394980904,1769.77462159192,1789.345458984375,4428956
2025-02-18 00:00:00+05:30,INFY.NS,1789.3456107739096,1808.1393973263787,1784.780634818134,1798.7181396484375,4365260
2025-02-19 00:00:00+05:30,INFY.NS,1794.2989338566194,1796.0471240806544,1753.9917969230971,1758.7509765625,4611411
2025-02-20 00:00:00+05:30,INFY.NS,1753.6518766132701,1778.3703022593725,1753.6518766132701,1772.6884765625,2218020
2025-02-21 00:00:00+05:30,INFY.NS,1769.4347905187403,1777.2533326664163,1754.2830972545896,1762.8302001953125,3379879
2025-02-24 00:00:00+05:30,INFY.NS,1748.309923055587,1756.0313630959042,1699.9413126430345,1713.3931884765625,7594720
2025-02-25 00:00:00+05:30,INFY.NS,1694.9880113599872,1727.330776075937,1694.9880113599872,1716.8897705078125,5092963
2025-02-27 00:00:00+05:30,INFY.NS,1704.748997302386,1724.8054634563641,1700.7668702151418,1713.5875244140625,5757079
2025-02-28 00:00:00+05:30,INFY.NS,1704.6034155946859,1704.6519072727174,1634.0901134127998,1639.189208984375,12182167
2025-03-03 00:00:00+05:30,INFY.NS,1643.6571185043986,1678.9136517994152,1643.6571185043986,1659.488525390625,7504969
2025-03-04 00:00:00+05:30,INFY.NS,1646.2794646548505,1650.1644899401717,1621.9980566215932,1639.7720947265625,6759673
2025-03-05 00:00:00+05:30,INFY.NS,1643.8026956375877,1683.1385762213686,1643.8026956375877,1662.30517578125,8180782
2025-03-06 00:00:00+05:30,INFY.NS,1665.7046071983816,1672.794825837321,1642.4915571816716,1666.5301513671875,10610547
2025-03-07 00:00:00+05:30,INFY.NS,1654.1465445914585,1655.9919552333556,1627.339895010843,1637.5380859375,8019331
2025-03-10 00:00:00+05:30,INFY.NS,1637.5380832553346,1669.5895404009018,1628.0197243147556,1652.5439453125,7558981
2025-03-11 00:00:00+05:30,INFY.NS,1631.7104941166237,1631.7104941166237,1589.9950857541564,1613.83935546875,12671234
2025-03-12 00:00:00+05:30,INFY.NS,1589.84944650162,1589.84944650162,1518.850635339536,1545.123046875,14870008
2025-03-13 00:00:00+05:30,INFY.NS,1553.2816045131979,1559.886194636392,1525.163782654934,1534.439208984375,7822888
2025-03-17 00:00:00+05:30,INFY.NS,1500.736758011993,1548.1826065260266,1500.736758011993,1544.34619140625,7526032
2025-03-18 00:00:00+05:30,INFY.NS,1544.34619140625,1544.34619140625,1544.34619140625,1544.34619140625,0
2025-03-19 00:00:00+05:30,INFY.NS,1556.9238965430377,1556.9238965430377,1527.5920028100838,1540.94677734375,7387068
2025-03-20 00:00:00+05:30,INFY.NS,1546.240146235024,1584.9932992405397,1546.240146235024,1569.11328125,7186750
2025-03-21 00:00:00+05:30,INFY.NS,1532.59385494289,1557.7980274559397,1518.7049607743006,1546.7742919921875,10074677
2025-03-24 00:00:00+05:30,INFY.NS,1552.0189913058653,1560.9060103586978,1527.4947691913153,1546.968505859375,8857726
2025-03-25 00:00:00+05:30,INFY.NS,1558.8663000022038,1589.1209562659596,1558.8663000022038,1581.6422119140625,9890140
2025-03-26 00:00:00+05:30,INFY.NS,1579.2628561729366,1590.6751185099797,1549.153908730525,1553.4759521484375,6651302
2025-03-27 00:00:00+05:30,INFY.NS,1549.688079270318,1573.3866387891755,1540.4125339270274,1557.4581298828125,9426573
2025-03-28 00:00:00+05:30,INFY.NS,1544.2975705237486,1552.504639118573,1515.1598805138667,1525.5037841796875,6799047
2025-04-01 00:00:00+05:30,INFY.NS,1495.0061979771754,1502.92196020728,1474.2212903040318,1482.6226806640625,12680733
2025-04-02 00:00:00+05:30,INFY.NS,1491.0726643663595,1510.9349273715397,1491.0726643663595,1505.593017578125,6193478
2025-04-03 00:00:00+05:30,INFY.NS,1490.538435185599,1490.538435185599,1442.3641486583924,1453.4849853515625,10459504
2025-04-04 00:00:00+05:30,INFY.NS,1418.5197886514006,1429.6892358061361,1406.3790852223406,1409.9241943359375,9590254
2025-04-07 00:00:00+05:30,INFY.NS,1313.1385736419368,1365.489314158466,1269.4320382766355,1356.602294921875,21715252
2025-04-08 00:00:00+05:30,INFY.NS,1389.8677955834949,1414.6348317731379,1374.3276944448953,1387.7310791015625,12805001
2025-04-09 00:00:00+05:30,INFY.NS,1364.663707842691,1368.9371407012397,1342.1791008495861,1363.3524169921875,8546854
2025-04-11 00:00:00+05:30,INFY.NS,1370.6855647660782,1397.4437254302495,1356.893771609889,1368.937255859375,12567440
2025-04-15 00:00:00+05:30,INFY.NS,1404.0480742507405,1406.087688754894,1368.5001176189407,1385.011474609375,10178530
2025-04-16 00:00:00+05:30,INFY.NS,1384.0402738742662,1386.4684147056246,1356.6508927211694,1372.4822998046875,12022740
2025-04-17 00:00:00+05:30,INFY.NS,1357.8162328834976,1388.7022289531085,1338.6825322481727,1378.6982421875,14264227
2025-04-21 00:00:00+05:30,INFY.NS,1369.4714582615436,1429.4951483248678,1369.4714582615436,1409.29296875,15648970
2025-04-22 00:00:00+05:30,INFY.NS,1398.6091260339042,1398.6091260339042,1378.5041672717928,1381.903564453125,9399738
2025-04-23 00:00:00+05:30,INFY.NS,1404.4365301839098,1445.0350886470426,1398.2204665039803,1432.505859375,11136642
2025-04-24 00:00:00+05:30,INFY.NS,1427.6496829084983,1440.2760150192205,1419.4911061400271,1429.1065673828125,7114292
2025-04-25 00:00:00+05:30,INFY.NS,1433.0887071514799,1458.535575435,1421.4336312546193,1437.653564453125,8329979
2025-04-28 00:00:00+05:30,INFY.NS,1437.6534907325017,1446.7833234291916,1423.1818670852326,1439.4989013671875,5886253
2025-04-29 00:00:00+05:30,INFY.NS,1439.4019470928108,1466.4029217301106,1431.7289980215003,1454.4564208984375,8056743
2025-04-30 00:00:00+05:30,INFY.NS,1453.7764926957282,1465.431568419441,1439.984581952398,1456.9815673828125,7704183
2025-05-02 00:00:00+05:30,INFY.NS,1456.5930649551544,1479.4175886205041,1453.1936678135066,1463.586181640625,7402310
2025-05-05 00:00:00+05:30,INFY.NS,1471.453369034679,1479.2234198282615,1459.6040889990923,1465.2373046875,4282493
2025-05-06 00:00:00+05:30,INFY.NS,1462.7119235923028,1472.0359599506996,1456.0102317041706,1468.0538330078125,4270530
2025-05-07 00:00:00+05:30,INFY.NS,1456.8844481471906,1475.1441139885928,1453.5821530190785,1464.9459228515625,5691799
2025-05-08 00:00:00+05:30,INFY.NS,1464.654613791716,1472.9102929808603,1458.0500230157727,1467.9569091796875,8424409
2025-05-09 00:00:00+05:30,INFY.NS,1457.5642989506216,1467.9568126185206,1451.1540310083215,1464.2659912109375,4478653
2025-05-12 00:00:00+05:30,INFY.NS,1492.8209942326298,1585.0903465111594,1487.96471253376,1580.136962890625,11372857
2025-05-13 00:00:00+05:30,INFY.NS,1562.7513505672503,1565.859323230766,1519.627548132014,1523.5125732421875,12846210
2025-05-14 00:00:00+05:30,INFY.NS,1528.75740058924,1549.1537826809642,1524.3867472838704,1546.6285400390625,4870057
2025-05-15 00:00:00+05:30,INFY.NS,1544.103254657481,1572.0753639006625,1525.8435894847285,1566.6363525390625,11151167
2025-05-16 00:00:00+05:30,INFY.NS,1566.2479103864578,1566.2479103864578,1536.0418626920532,1544.200439453125,4576751
2025-05-19 00:00:00+05:30,INFY.NS,1531.185508443418,1539.4411867318856,1510.9833306187809,1514.965576171875,8855798
2025-05-20 00:00:00+05:30,INFY.NS,1524.8723866170074,1537.9843466293191,1513.2173110505078,1515.7425537109375,7143998
2025-05-21 00:00:00+05:30,INFY.NS,1522.832797268108,1525.8436681268927,1507.4869000940212,1523.41552734375,4157309
2025-05-22 00:00:00+05:30,INFY.NS,1510.7890929485561,1515.936798484799,1495.7346211126817,1503.01904296875,6158990
2025-05-23 00:00:00+05:30,INFY.NS,1505.447258808557,1541.5779455953386,1505.447258808557,1519.8218994140625,5038421
2025-05-26 00:00:00+05:30,INFY.NS,1521.5700705826603,1538.275749801986,1517.782147363295,1535.070556640625,3170102
2025-05-27 00:00:00+05:30,INFY.NS,1534.487964353223,1537.401733466409,1511.6634396332652,1524.9696044921875,7775714
2025-05-28 00:00:00+05:30,INFY.NS,1535.556238237006,1542.063608140773,1524.8724187426308,1526.6207275390625,3623370
2025-05-29 00:00:00+05:30,INFY.NS,1543.3263431603168,1562.6543682753302,1531.2827406845122,1540.0240478515625,8609500
2025-05-30 00:00:00+05:30,INFY.NS,1547.3124739974683,1548.297396005105,1531.652190030095,1539.1375732421875,13148092
2025-06-02 00:00:00+05:30,INFY.NS,1536.4782943781508,1536.4782943781508,1515.7949327230604,1530.371826171875,4374509
2025-06-03 00:00:00+05:30,INFY.NS,1535.4933708621093,1543.6682714095227,1512.4461724234918,1519.734619140625,6853403
2025-06-04 00:00:00+05:30,INFY.NS,1519.7346010168856,1533.8190332918903,1518.158749909477,1527.8109130859375,4548307
2025-06-05 00:00:00+05:30,INFY.NS,1524.5607331925255,1544.0621159555858,1518.3556767230737,1530.8642578125,6948539
2025-06-06 00:00:00+05:30,INFY.NS,1531.2581829658582,1545.2441474823067,1519.8331118292815,1540.2210693359375,3960020
2025-06-09 00:00:00+05:30,INFY.NS,1554.2069160448225,1564.0561360451065,1547.3124620446238,1549.183837890625,2903202
2025-06-10 00:00:00+05:30,INFY.NS,1560.116482612782,1583.2621501262925,1553.7144894707471,1571.935546875,8591925
2025-06-11 00:00:00+05:30,INFY.NS,1566.1244242034918,1609.9534525332194,1566.1244242034918,1606.5062255859375,10597410
2025-06-12 00:00:00+05:30,INFY.NS,1592.6188275892266,1603.452969273507,1574.0037782857437,1584.345458984375,10483574
2025-06-13 00:00:00+05:30,INFY.NS,1552.2369998927122,1584.7394243828517,1546.5244044661895,1577.844970703125,6968315
2025-06-16 00:00:00+05:30,INFY.NS,1575.875214344727,1610.1505483486199,1573.01891647278,1599.31640625,5591842
2025-06-17 00:00:00+05:30,INFY.NS,1596.2630097727385,1622.5604988569514,1591.2399317053334,1615.173583984375,7622083
2025-06-18 00:00:00+05:30,INFY.NS,1596.5585788351507,1619.9011823893957,1596.5585788351507,1608.2791748046875,5629707
2025-06-19 00:00:00+05:30,INFY.NS,1599.4148737815738,1605.4228739879738,1587.2018168292147,1593.997802734375,5147760
2025-06-20 00:00:00+05:30,INFY.NS,1594.58871180959,1606.1122510729595,1584.6410236941556,1598.429931640625,9202821
2025-06-23 00:00:00+05:30,INFY.NS,1576.8601291540897,1576.8601291540897,1551.6461498856431,1560.116455078125,7943676
2025-06-24 00:00:00+05:30,INFY.NS,1576.860073737694,1584.739449496533,1552.827953627288,1557.7525634765625,8083992
2025-06-25 00:00:00+05:30,INFY.NS,1566.025955644839,1595.4751470327865,1561.199813873949,1590.550537109375,7813533
2025-06-26 00:00:00+05:30,INFY.NS,1584.5425210067874,1599.5132869304996,1582.3756205245834,1591.6339111328125,6519233
2025-06-27 00:00:00+05:30,INFY.NS,1594.5886581952298,1605.0288069577266,1578.238977654369,1583.7545166015625,8912268
2025-06-30 00:00:00+05:30,INFY.NS,1590.648993297183,1590.648993297183,1570.064099926214,1577.6480712890625,6294505
2025-07-01 00:00:00+05:30,INFY.NS,1584.7395342639384,1593.308307768125,1576.3676970723639,1582.57275390625,4178937
2025-07-02 00:00:00+05:30,INFY.NS,1593.6038341220215,1624.1364168524187,1579.2239966239758,1586.2169189453125,8653641
2025-07-03 00:00:00+05:30,INFY.NS,1594.0962765801005,1607.786716594206,1590.6490495377586,1594.293212890625,5259695
2025-07-04 00:00:00+05:30,INFY.NS,1600.4981989662078,1618.6207872342948,1587.9897380569496,1615.96142578125,4411273
2025-07-07 00:00:00+05:30,INFY.NS,1615.2721260131761,1619.2118141254034,1598.5284515362102,1602.4681396484375,3294523
2025-07-08 00:00:00+05:30,INFY.NS,1603.4529602070286,1621.378491891406,1597.0509674297891,1613.9915771484375,4590681
2025-07-09 00:00:00+05:30,INFY.NS,1613.1052929685202,1613.3022292758048,1599.1193284889714,1609.0670166015625,4580828
2025-07-10 00:00:00+05:30,INFY.NS,1614.1886858160015,1614.1886858160015,1582.868118202301,1591.43701171875,5330179
2025-07-11 00:00:00+05:30,INFY.NS,1555.2902357933656,1582.8680505457567,1539.433016356687,1570.85205078125,11391755
2025-07-14 00:00:00+05:30,INFY.NS,1567.7988696310574,1567.7988696310574,1536.2813659941348,1546.623046875,9173426
2025-07-15 00:00:00+05:30,INFY.NS,1541.5013602388092,1579.4208563061295,1540.4179701114037,1561.6922607421875,7614807
2025-07-16 00:00:00+05:30,INFY.NS,1555.1918577227598,1587.6942841349517,1554.6993967165145,1583.6561279296875,6223491
2025-07-17 00:00:00+05:30,INFY.NS,1573.9053927711557,1585.7244570472844,1556.2752645133157,1559.6240234375,7374814
2025-07-18 00:00:00+05:30,INFY.NS,1568.0942241264431,1575.1857343566385,1556.176692489401,1562.1846923828125,5161833
2025-07-21 00:00:00+05:30,INFY.NS,1556.1767745731315,1565.041072656143,1543.1758521432762,1560.4119873046875,3682661
2025-07-22 00:00:00+05:30,INFY.NS,1541.4029254290974,1561.889351060241,1541.4029254290974,1547.2139892578125,8473741
2025-07-23 00:00:00+05:30,INFY.NS,1552.5325511946266,1567.897309898412,1526.629055261839,1550.7596435546875,8035026
2025-07-24 00:00:00+05:30,INFY.NS,1556.1767861186595,1558.1466301517212,1524.8562179010848,1529.0914306640625,14169664
2025-07-25 00:00:00+05:30,INFY.NS,1520.12860228797,1526.1366022975346,1488.512630894258,1492.84619140625,10851259
2025-07-28 00:00:00+05:30,INFY.NS,1491.0734115180542,1496.392014262957,1460.14683725966,1493.1417236328125,6439855
2025-07-29 00:00:00+05:30,INFY.NS,1490.0884773327002,1494.3235696797126,1473.5417400906863,1490.8763427734375,7070448
2025-07-30 00:00:00+05:30,INFY.NS,1496.9830114866083,1498.7557989957106,1483.2925712781332,1496.0965576171875,5719051
2025-07-31 00:00:00+05:30,INFY.NS,1486.936711768862,1504.0743788045277,1474.428250322285,1486.247314453125,6851407
2025-08-01 00:00:00+05:30,INFY.NS,1471.3749358302919,1476.1024890867666,1443.4031282013243,1447.4412841796875,8702978
2025-08-04 00:00:00+05:30,INFY.NS,1439.4634841975633,1460.4423706154291,1429.1218033326475,1458.177001953125,8610216
2025-08-05 00:00:00+05:30,INFY.NS,1456.4040844682859,1456.4040844682859,1433.0614816224124,1438.2816162109375,10213323
2025-08-06 00:00:00+05:30,INFY.NS,1430.1067078263497,1434.14486387826,1408.7339490588547,1415.037353515625,10566934
2025-08-07 00:00:00+05:30,INFY.NS,1408.4383894942564,1420.2574529025999,1392.876574581379,1415.234375,9892020
2025-08-08 00:00:00+05:30,INFY.NS,1403.5138318764698,1411.590144080286,1395.7329241309972,1401.6424560546875,10048009
2025-08-11 00:00:00+05:30,INFY.NS,1398.4907470266712,1411.7871937906966,1392.6796832838538,1406.66552734375,6625368
2025-08-12 00:00:00+05:30,INFY.NS,1406.6655976905836,1419.2726477892124,1399.5742071536924,1402.62744140625,9899184
2025-08-13 00:00:00+05:30,INFY.NS,1403.5138705026145,1412.3781686321047,1400.953097311154,1405.0897216796875,10318063
2025-08-14 00:00:00+05:30,INFY.NS,1404.6956380205245,1447.835267553816,1404.6956380205245,1425.8714599609375,12902347
2025-08-18 00:00:00+05:30,INFY.NS,1442.6151494914589,1442.6151494914589,1408.0444126749926,1414.1510009765625,7254561
2025-08-19 00:00:00+05:30,INFY.NS,1411.0977408332749,1427.5460108318366,1411.0977408332749,1418.2877197265625,3986094
2025-08-20 00:00:00+05:30,INFY.NS,1418.9770874002822,1476.3980885005715,1418.9770874002822,1473.6402587890625,10413061
2025-08-21 00:00:00+05:30,INFY.NS,1485.262351237006,1485.262351237006,1461.9197483180794,1473.8372802734375,6565539
2025-08-22 00:00:00+05:30,INFY.NS,1475.5115598317454,1481.6181481033814,1463.6924963469764,1465.0714111328125,5543397
2025-08-25 00:00:00+05:30,INFY.NS,1483.981859694785,1515.7948868943363,1483.981859694785,1508.9989013671875,10694531
2025-08-26 00:00:00+05:30,INFY.NS,1500.03616013844,1515.2039825206518,1495.7024794249892,1506.53662109375,15994798
2025-08-28 00:00:00+05:30,INFY.NS,1506.5366438633127,1506.5366438633127,1475.413133190423,1477.4814453125,5443364
2025-08-29 00:00:00+05:30,INFY.NS,1479.254311487481,1479.254311487481,1445.5699084151588,1447.4412841796875,8169075
2025-09-01 00:00:00+05:30,INFY.NS,1454.4343120627393,1480.7318023736236,1453.941851048263,1476.7921142578125,4546057
2025-09-02 00:00:00+05:30,INFY.NS,1476.7920565936874,1489.9900353122632,1463.8896025641538,1476.1025390625,5218763
2025-09-03 00:00:00+05:30,INFY.NS,1477.3829894013984,1479.2543652339205,1450.7900955921732,1456.798095703125,4623483
2025-09-04 00:00:00+05:30,INFY.NS,1461.6242804276317,1461.6242804276317,1438.0846200594328,1440.94091796875,5787724
2025-09-05 00:00:00+05:30,INFY.NS,1447.835279098319,1450.4945202945664,1411.3931666312185,1422.8182373046875,5466487
2025-09-08 00:00:00+05:30,INFY.NS,1429.1218644887508,1436.0163186937275,1406.7641825159365,1411.2947998046875,3811567
2025-09-09 00:00:00+05:30,INFY.NS,1458.6694341238242,1484.474341584966,1450.297597398603,1481.6181640625,13072640
2025-09-10 00:00:00+05:30,INFY.NS,1487.330709756259,1511.756823802922,1486.5428442826578,1509.491455078125,7281071
2025-09-11 00:00:00+05:30,INFY.NS,1500.922609577238,1504.4683046125388,1483.7849433052634,1486.9366455078125,8003662
2025-09-12 00:00:00+05:30,INFY.NS,1513.8250582606502,1519.6361218926327,1498.1647749913177,1502.596923828125,12856963
2025-09-15 00:00:00+05:30,INFY.NS,1502.5969824151846,1504.4683582651935,1478.5648615170796,1485.6563720703125,6167414
2025-09-16 00:00:00+05:30,INFY.NS,1485.656397411633,1491.1719366717366,1480.8302554728903,1488.5126953125,8923112
2025-09-17 00:00:00+05:30,INFY.NS,1494.028241371192,1503.680405062861,1491.1719434573272,1499.4453125,4795698
2025-09-18 00:00:00+05:30,INFY.NS,1526.6291407021617,1531.5537508334592,1515.302537400178,1517.370849609375,9331945
2025-09-19 00:00:00+05:30,INFY.NS,1521.3104874589542,1527.9095369547413,1497.179898612735,1516.976806640625,12988129
2025-09-22 00:00:00+05:30,INFY.NS,1460.3437656419162,1491.8612688721596,1459.6543683506482,1476.8905029296875,15655204
2025-09-23 00:00:00+05:30,INFY.NS,1470.4885054191882,1490.186944875574,1470.4885054191882,1474.920654296875,9832164
2025-09-24 00:00:00+05:30,INFY.NS,1464.7758845360097,1474.1326431158677,1460.3437357350242,1472.0643310546875,4937004
2025-09-25 00:00:00+05:30,INFY.NS,1466.5488557470633,1480.04223903444,1454.2373307659764,1462.4122314453125,9491867
2025-09-26 00:00:00+05:30,INFY.NS,1452.7599061754568,1456.404069373631,1419.4694954878144,1427.053466796875,8597058
2025-09-29 00:00:00+05:30,INFY.NS,1437.9860786678707,1442.9106885263222,1414.8404123331482,1420.060546875,10513117
2025-09-30 00:00:00+05:30,INFY.NS,1421.2424051491353,1430.303639196793,1416.416263441906,1420.060546875,7556305
2025-10-01 00:00:00+05:30,INFY.NS,1424.197180444367,1427.6444073679875,1405.877655696216,1424.000244140625,6250692
2025-10-03 00:00:00+05:30,INFY.NS,1417.3027030735375,1426.4625254104503,1411.5901076030302,1424.7880859375,6877533
2025-10-06 00:00:00+05:30,INFY.NS,1424.7881421800753,1456.5027027407555,1420.5530497148675,1453.744873046875,4630590
2025-10-07 00:00:00+05:30,INFY.NS,1455.4191203786977,1460.5407866669368,1432.0765182081868,1436.5086669921875,5570320
2025-10-08 00:00:00+05:30,INFY.NS,1435.0313384295307,1475.4131399913774,1433.061494450904,1472.4583740234375,4657192
2025-10-09 00:00:00+05:30,INFY.NS,1479.352867871771,1491.171932062491,1464.5790376333712,1486.5428466796875,7028753
2025-10-10 00:00:00+05:30,INFY.NS,1487.2322078030077,1498.755747016607,1476.2011295853695,1492.058349609375,3738353
2025-10-13 00:00:00+05:30,INFY.NS,1474.4281763502415,1482.0120273618204,1461.0332617199265,1470.6854248046875,5859355
2025-10-14 00:00:00+05:30,INFY.NS,1476.3980688327763,1491.5658915845438,1464.0865439092208,1467.435302734375,5600789
2025-10-15 00:00:00+05:30,INFY.NS,1461.5258266826634,1466.1549121391147,1445.373081319078,1452.1690673828125,6986098
2025-10-16 00:00:00+05:30,INFY.NS,1451.6765810210527,1452.267510183725,1438.478601982591,1449.312744140625,8005748
2025-10-17 00:00:00+05:30,INFY.NS,1432.9630656678505,1436.410292725158,1412.3781714796953,1419.37109375,16959378
2025-10-20 00:00:00+05:30,INFY.NS,1431.781048131079,1444.8805586841174,1428.136884861602,1438.87255859375,6994246
2025-10-21 00:00:00+05:30,INFY.NS,1455.7147580634262,1463.5941342911037,1447.8353818357486,1450.19921875,1698704
2025-10-23 00:00:00+05:30,INFY.NS,1487.2321904325627,1522.6893817276436,1483.292502510887,1505.4532470703125,20358624
2025-10-24 00:00:00+05:30,INFY.NS,1516.2874003977408,1519.7346273554492,1495.111577657532,1502.4000244140625,8652257
2025-10-27 00:00:00+05:30,INFY.NS,1510.0,1515.300048828125,1498.0999755859375,1504.5,7273211
2025-10-28 00:00:00+05:30,INFY.NS,1499.699951171875,1506.5,1490.5,1500.199951171875,8211019
2025-10-29 00:00:00+05:30,INFY.NS,1500.199951171875,1520.199951171875,1496.9000244140625,1510.4000244140625,4884976
2025-10-30 00:00:00+05:30,INFY.NS,1507.0,1508.199951171875,1489.0999755859375,1493.800048828125,5608867
2025-10-31 00:00:00+05:30,INFY.NS,1490.0,1497.0999755859375,1480.699951171875,1482.300048828125,4819814
2025-11-03 00:00:00+05:30,INFY.NS,1482.300048828125,1491.4000244140625,1474.199951171875,1485.5,5470600
2025-11-04 00:00:00+05:30,INFY.NS,1479.699951171875,1481.9000244140625,1462.9000244140625,1467.9000244140625,8691330
2025-11-05 00:00:00+05:30,INFY.NS,1467.9000244140625,1467.9000244140625,1467.9000244140625,1467.9000244140625,0
2025-11-06 00:00:00+05:30,INFY.NS,1478.5999755859375,1483.0,1461.9000244140625,1466.699951171875,7944752
2025-11-07 00:00:00+05:30,INFY.NS,1470.0,1480.9000244140625,1449.0999755859375,1476.800048828125,8765759
2025-11-10 00:00:00+05:30,INFY.NS,1490.0999755859375,1520.0,1490.0,1513.5,9785489
2022-11-10 00:00:00+05:30,RELIANCE.NS,1182.3262632089597,1185.3163193750859,1170.0008998356418,1174.337646484375,5966242
2022-11-11 00:00:00+05:30,RELIANCE.NS,1186.8912796597394,1203.3251787933696,1181.4133535308406,1201.407958984375,12310132
2022-11-14 00:00:00+05:30,RELIANCE.NS,1200.9284005914947,1206.0640083384951,1189.2420312652064,1195.58740234375,9043112
2022-11-15 00:00:00+05:30,RELIANCE.NS,1197.0711926191022,1198.9427700567662,1182.3263018305277,1190.2237548828125,7086433
2022-11-16 00:00:00+05:30,RELIANCE.NS,1191.4561277313167,1194.1723297469184,1178.3775455967132,1183.3990478515625,9716161
2022-11-17 00:00:00+05:30,RELIANCE.NS,1180.020863607493,1192.825591205946,1177.7612057960014,1186.45751953125,6661451
2022-11-18 00:00:00+05:30,RELIANCE.NS,1189.9725379072304,1190.9997319984882,1173.6985088451027,1185.8184814453125,5303197
2022-11-21 00:00:00+05:30,RELIANCE.NS,1181.4131345958851,1181.4131345958851,1160.9164671915146,1164.4771728515625,6390268
2022-11-22 00:00:00+05:30,RELIANCE.NS,1161.783907991267,1172.5115476255721,1157.9037056180239,1170.9366455078125,6611488
2022-11-23 00:00:00+05:30,RELIANCE.NS,1175.4786728280303,1176.8025419691705,1165.0933516897298,1167.2845458984375,6413408
2022-11-24 00:00:00+05:30,RELIANCE.NS,1171.3704732897338,1184.152381470378,1163.2448083737015,1177.3505859375,9389439
2022-11-25 00:00:00+05:30,RELIANCE.NS,1181.8698970100845,1198.2580330465703,1178.7199717595092,1194.9256591796875,7349922
2022-11-28 00:00:00+05:30,RELIANCE.NS,1190.9541361505962,1242.1502306285356,1142.154626734269,1235.987548828125,31527484
2022-11-29 00:00:00+05:30,RELIANCE.NS,1234.3440108402901,1246.9889910362924,1229.8018737736188,1238.110107421875,11058913
2022-11-30 00:00:00+05:30,RELIANCE.NS,1238.247142030381,1253.288707028199,1231.7192011093234,1246.85205078125,26164986
2022-12-01 00:00:00+05:30,RELIANCE.NS,1251.6224067137045,1257.6481612150444,1239.8448724818554,1243.17724609375,9485801
2022-12-02 00:00:00+05:30,RELIANCE.NS,1246.235748845341,1254.4526976676975,1232.8147284105949,1242.6522216796875,11589592
2022-12-05 00:00:00+05:30,RELIANCE.NS,1238.0189040182454,1240.1872774344642,1222.4980932976318,1224.5294189453125,14828536
2022-12-06 00:00:00+05:30,RELIANCE.NS,1216.6091015367565,1231.1713003979203,1214.737403586102,1228.067138671875,8594245
2022-12-07 00:00:00+05:30,RELIANCE.NS,1225.693478313524,1230.258436618436,1206.132596960368,1209.9443359375,8462111
2022-12-08 00:00:00+05:30,RELIANCE.NS,1214.2809311328976,1216.5634100007333,1205.1966579940977,1209.37353515625,7757008
2022-12-09 00:00:00+05:30,RELIANCE.NS,1207.8900896926802,1214.2811038799705,1187.7357368415526,1191.04541015625,12655763
2022-12-12 00:00:00+05:30,RELIANCE.NS,1180.2719996623723,1197.3905313761602,1180.0436672450348,1192.8712158203125,9479842
2022-12-13 00:00:00+05:30,RELIANCE.NS,1192.8713067918438,1201.9555809304147,1189.9497141999723,1198.3037109375,8333348
2022-12-14 00:00:00+05:30,RELIANCE.NS,1204.0782660411908,1204.6717371538757,1191.9126515922892,1193.9669189453125,7268947
2022-12-15 00:00:00+05:30,RELIANCE.NS,1188.0324923462415,1193.7386297598832,1173.6528618480468,1177.008056640625,8688551
2022-12-16 00:00:00+05:30,RELIANCE.NS,1173.6529134607251,1195.4734533972091,1167.78690686101,1171.187744140625,15837349
2022-12-19 00:00:00+05:30,RELIANCE.NS,1178.2177795852808,1188.7172073020977,1171.6898388274747,1186.5716552734375,7729933
2022-12-20 00:00:00+05:30,RELIANCE.NS,1179.541792973625,1198.7602374146065,1171.3704856304953,1196.843017578125,7467588
2022-12-21 00:00:00+05:30,RELIANCE.NS,1196.477661489117,1201.9555872542346,1175.9809916475376,1179.8155517578125,8527550
2022-12-22 00:00:00+05:30,RELIANCE.NS,1185.9781586267084,1189.013856887232,1171.7126347696108,1176.7569580078125,7451122
2022-12-23 00:00:00+05:30,RELIANCE.NS,1170.137785137051,1182.554553491853,1137.703712598857,1142.245849609375,10257115
2022-12-26 00:00:00+05:30,RELIANCE.NS,1147.9748739735228,1160.414342154975,1137.7721216907048,1152.22021484375,5990242
2022-12-27 00:00:00+05:30,RELIANCE.NS,1154.9364624540497,1163.518549950611,1148.2031310835503,1161.64697265625,5763271
2022-12-28 00:00:00+05:30,RELIANCE.NS,1158.5884232916014,1163.9750640999512,1151.0562304776126,1161.5328369140625,7459393
2022-12-29 00:00:00+05:30,RELIANCE.NS,1153.566904464591,1163.5641454874342,1152.882148696241,1161.0078125,6930648
2022-12-30 00:00:00+05:30,RELIANCE.NS,1161.829476176333,1176.3916749175478,1160.0035413220228,1162.7880859375,7289476
2023-01-02 00:00:00+05:30,RELIANCE.NS,1164.066351583663,1177.3048023328713,1163.244668797144,1175.8896484375,5316175
2023-01-03 00:00:00+05:30,RELIANCE.NS,1170.9365362462836,1174.5657054277967,1163.0620263922654,1167.2845458984375,7658932
2023-01-04 00:00:00+05:30,RELIANCE.NS,1167.2618507099899,1169.1107276232437,1147.6325061253483,1149.7095947265625,9264891
2023-01-05 00:00:00+05:30,RELIANCE.NS,1151.969321148222,1157.858149023016,1143.0676158255733,1147.6553955078125,13637099
2023-01-06 00:00:00+05:30,RELIANCE.NS,1153.4071180013361,1163.1305046928026,1149.595379440652,1158.086181640625,6349597
2023-01-09 00:00:00+05:30,RELIANCE.NS,1161.9207528429104,1187.8041821914996,1161.0306065888913,1185.4302978515625,10722753
2023-01-10 00:00:00+05:30,RELIANCE.NS,1189.6301316742909,1189.6301316742909,1162.2403842296717,1167.90087890625,8047142
2023-01-11 00:00:00+05:30,RELIANCE.NS,1165.2077656913489,1167.7184566325625,1150.873655990327,1153.1790771484375,11509553
2023-01-12 00:00:00+05:30,RELIANCE.NS,1152.5855061360771,1156.077627831873,1125.2641003718309,1128.2769775390625,17688773
2023-01-13 00:00:00+05:30,RELIANCE.NS,1122.2513519945564,1128.8705782042637,1111.3867843100481,1126.451171875,20618583
2023-01-16 00:00:00+05:30,RELIANCE.NS,1128.7791493112115,1131.951774613395,1107.917221092014,1115.723388671875,13623855
2023-01-17 00:00:00+05:30,RELIANCE.NS,1122.0687880986452,1133.4811846812154,1118.690771838856,1131.56396484375,10751000
2023-01-18 00:00:00+05:30,RELIANCE.NS,1129.1444306357287,1137.178689301756,1123.1414974309203,1129.692138671875,13448286
2023-01-19 00:00:00+05:30,RELIANCE.NS,1128.8705038207283,1132.6366004638107,1121.4524163802744,1128.4825439453125,11940054
2023-01-20 00:00:00+05:30,RELIANCE.NS,1129.8291140692525,1129.8291140692525,1112.596474928504,1115.0615234375,14930286
2023-01-23 00:00:00+05:30,RELIANCE.NS,1117.960272105855,1125.811961602633,1107.004299933337,1109.4237060546875,10954118
2023-01-24 00:00:00+05:30,RELIANCE.NS,1113.851719292168,1115.51790607312,1089.8171651533376,1102.873046875,16488755
2023-01-25 00:00:00+05:30,RELIANCE.NS,1101.2753294802073,1102.302402806859,1086.461976225218,1087.6259765625,12385018
2023-01-27 00:00:00+05:30,RELIANCE.NS,1088.4706538388855,1089.817223588686,1055.260418546103,1066.992431640625,25830975
2023-01-30 00:00:00+05:30,RELIANCE.NS,1064.4132886312711,1082.764407064242,1050.3987961919847,1077.218017578125,21772103
2023-01-31 00:00:00+05:30,RELIANCE.NS,1087.3747826880974,1089.9540573273835,1068.6584086670991,1074.5244140625,22691594
2023-02-01 00:00:00+05:30,RELIANCE.NS,1086.4390237052419,1086.4390237052419,1052.2245419941687,1068.1563720703125,19347800
2023-02-02 00:00:00+05:30,RELIANCE.NS,1058.1590377354637,1071.85391093282,1054.9635914721293,1062.2447509765625,13662663
2023-02-03 00:00:00+05:30,RELIANCE.NS,1072.3105805967245,1072.3105805967245,1046.7467660021255,1063.1806640625,24699575
2023-02-06 00:00:00+05:30,RELIANCE.NS,1056.7897340697052,1059.528757546533,1052.5900349184292,1055.169189453125,14837879
2023-02-07 00:00:00+05:30,RELIANCE.NS,1055.4202857843334,1062.4502927137798,1046.7467924098464,1052.6356201171875,15135435
2023-02-08 00:00:00+05:30,RELIANCE.NS,1055.876758827137,1077.28651848918,1053.1378561171298,1073.6573486328125,21160332
2023-02-09 00:00:00+05:30,RELIANCE.NS,1074.341987106508,1082.284961068636,1065.463103759131,1075.52880859375,13172763
2023-02-10 00:00:00+05:30,RELIANCE.NS,1075.0039060071294,1075.0039060071294,1059.6655455942528,1066.6728515625,10790445
2023-02-13 00:00:00+05:30,RELIANCE.NS,1068.293381324993,1072.7670546240697,1056.127767130611,1060.6014404296875,10352493
2023-02-14 00:00:00+05:30,RELIANCE.NS,1063.6144381671827,1087.329376978281,1060.738487756277,1085.5947265625,14321920
2023-02-15 00:00:00+05:30,RELIANCE.NS,1084.6358877756606,1112.5735854842064,1083.2664969637603,1110.1768798828125,33503591
2023-02-16 00:00:00+05:30,RELIANCE.NS,1118.1655094417106,1124.7162706791198,1107.0269694456317,1109.3094482421875,17264487
2023-02-17 00:00:00+05:30,RELIANCE.NS,1104.7216712307097,1117.2753650050747,1100.4305676175113,1113.94287109375,11809520
2023-02-20 00:00:00+05:30,RELIANCE.NS,1116.13425652598,1118.3026298698114,1100.2025445254703,1102.16552734375,8836937
2023-02-21 00:00:00+05:30,RELIANCE.NS,1106.5479683974272,1116.9559918914763,1101.2296696771075,1111.1585693359375,13311592
2023-02-22 00:00:00+05:30,RELIANCE.NS,1107.4379365148654,1109.2866925279875,1084.2022454513722,1085.959716796875,11024335
2023-02-23 00:00:00+05:30,RELIANCE.NS,1085.5490279902117,1093.1953270218976,1077.9483712962124,1080.7557373046875,9851910
2023-02-24 00:00:00+05:30,RELIANCE.NS,1082.8100022510873,1093.8344379808216,1080.9840672539892,1088.1510009765625,9434053
2023-02-27 00:00:00+05:30,RELIANCE.NS,1087.3750050988056,1090.8672478016565,1073.543202799622,1080.91552734375,11199715
2023-02-28 00:00:00+05:30,RELIANCE.NS,1075.5516247048565,1080.5274845520237,1056.1734344203933,1060.2362060546875,21994038
2023-03-01 00:00:00+05:30,RELIANCE.NS,1070.0280642112666,1070.712820002187,1060.5557097259696,1069.982421875,11551145
2023-03-02 00:00:00+05:30,RELIANCE.NS,1066.8325430044117,1073.5202315216086,1059.8024162422653,1061.8338623046875,9333535
2023-03-03 00:00:00+05:30,RELIANCE.NS,1072.3791189632545,1092.6019362119685,1068.9098180563456,1088.9271240234375,14643807
2023-03-06 00:00:00+05:30,RELIANCE.NS,1095.5918675399987,1106.8216933590497,1095.5918675399987,1099.5633544921875,10171916
2023-03-08 00:00:00+05:30,RELIANCE.NS,1099.5632986303585,1104.265304210858,1088.7443751303776,1103.5120849609375,15782657
2023-03-09 00:00:00+05:30,RELIANCE.NS,1102.8958764013148,1103.3066574341256,1075.095225544964,1076.9896240234375,16235128
2023-03-10 00:00:00+05:30,RELIANCE.NS,1068.8868957671646,1070.0280749321848,1056.8124450060086,1060.3046875,13334091
2023-03-13 00:00:00+05:30,RELIANCE.NS,1063.1806779260546,1070.0281154160118,1038.5298305140532,1042.8665771484375,12771592
2023-03-14 00:00:00+05:30,RELIANCE.NS,1040.812257084253,1052.2018311560978,1035.8136967949142,1038.9635009765625,16027522
2023-03-15 00:00:00+05:30,RELIANCE.NS,1042.6840329673732,1049.1662111592916,1016.800600298463,1021.205810546875,21728555
2023-03-16 00:00:00+05:30,RELIANCE.NS,1023.921951504309,1028.9433330363881,1005.2968594074098,1016.1157836914062,18363159
2023-03-17 00:00:00+05:30,RELIANCE.NS,1024.7208434439497,1028.007574780085,1010.0901194945558,1014.8377075195312,34014213
2023-03-20 00:00:00+05:30,RELIANCE.NS,1011.1400680229121,1013.4225471579439,995.1626537042278,1004.8632202148438,19524589
2023-03-21 00:00:00+05:30,RELIANCE.NS,1012.9430039303461,1038.0732119172073,1012.0528577510236,1036.1102294921875,21400360
2023-03-22 00:00:00+05:30,RELIANCE.NS,1043.0948141638403,1046.0392280531037,1036.2473765076484,1039.26025390625,10920094
2023-03-23 00:00:00+05:30,RELIANCE.NS,1035.3343603002547,1036.2016854580306,1023.9447859117854,1026.1131591796875,16249370
2023-03-24 00:00:00+05:30,RELIANCE.NS,1024.9489888672188,1027.117362031003,1003.3795441878093,1005.7989501953125,12375945
2023-03-27 00:00:00+05:30,RELIANCE.NS,1012.2812223607901,1028.9432703448797,1004.3838307288752,1021.4338989257812,14054323
2023-03-28 00:00:00+05:30,RELIANCE.NS,1024.8349561252708,1030.0846702786253,1021.1829653124684,1026.2044677734375,12576424
2023-03-29 00:00:00+05:30,RELIANCE.NS,1022.0958575091914,1024.743595933455,1009.3596536883372,1020.1329956054688,18804065
2023-03-31 00:00:00+05:30,RELIANCE.NS,1029.3999027039445,1069.7770709600845,1029.2629756900762,1064.116455078125,28171201
2023-04-03 00:00:00+05:30,RELIANCE.NS,1070.4846960590223,1072.3106311531849,1056.7896998650788,1064.299072265625,10293043
2023-04-05 00:00:00+05:30,RELIANCE.NS,1071.8540232011114,1071.8540232011114,1053.8453439607506,1061.74267578125,16262928
2023-04-06 00:00:00+05:30,RELIANCE.NS,1058.2275373074351,1074.592970502133,1058.2275373074351,1068.8638916015625,18435046
2023-04-10 00:00:00+05:30,RELIANCE.NS,1072.7671126043012,1072.9496819536614,1059.779694186431,1061.2861328125,12961408
2023-04-11 00:00:00+05:30,RELIANCE.NS,1065.4631729553812,1068.6586196822263,1060.9210357303307,1066.535888671875,10542367
2023-04-12 00:00:00+05:30,RELIANCE.NS,1066.5357872569193,1080.8925957399235,1063.6599579243734,1071.23779296875,18179087
2023-04-13 00:00:00+05:30,RELIANCE.NS,1074.1365320735108,1079.9797173840186,1069.1151503508545,1075.27783203125,12378208
2023-04-17 00:00:00+05:30,RELIANCE.NS,1106.9814803229494,1106.9814803229494,1072.333391852291,1080.73291015625,17929479
2023-04-18 00:00:00+05:30,RELIANCE.NS,1085.0925121063174,1085.0925121063174,1061.8111761257844,1068.3619384765625,10405576
2023-04-19 00:00:00+05:30,RELIANCE.NS,1067.768405195298,1076.3733137885806,1064.64142217666,1073.6800537109375,12273475
2023-04-20 00:00:00+05:30,RELIANCE.NS,1074.638556551585,1076.875393044396,1064.5956738732273,1070.9637451171875,7007330
2023-04-21 00:00:00+05:30,RELIANCE.NS,1073.0637661728558,1077.7884724738815,1066.5586465106753,1072.310546875,7647317
2023-04-24 00:00:00+05:30,RELIANCE.NS,1084.1794719407253,1086.8727319946267,1071.8539885727766,1076.4190673828125,12936186
2023-04-25 00:00:00+05:30,RELIANCE.NS,1080.0710338352167,1086.7359021827194,1072.995384428631,1084.6588134765625,9236126
2023-04-26 00:00:00+05:30,RELIANCE.NS,1086.005534613959,1089.2467445727555,1074.6159592843226,1078.290771484375,8617834
2023-04-27 00:00:00+05:30,RELIANCE.NS,1084.1795677314856,1088.2879820525134,1079.158065119624,1085.1153564453125,9167125
2023-04-28 00:00:00+05:30,RELIANCE.NS,1087.374995527852,1106.5022750107378,1087.2608896802224,1104.9500732421875,15565210
2023-05-02 00:00:00+05:30,RELIANCE.NS,1112.1171610071847,1116.4995501680314,1108.4195276994035,1114.3311767578125,12981805
2023-05-03 00:00:00+05:30,RELIANCE.NS,1116.1342091904096,1116.1342091904096,1101.549188303151,1104.7674560546875,7061872
2023-05-04 00:00:00+05:30,RELIANCE.NS,1105.2467632974385,1119.717677582049,1102.2567073883076,1117.503662109375,8635233
2023-05-05 00:00:00+05:30,RELIANCE.NS,1114.3083172243437,1123.5979821409157,1112.0258380416835,1114.650634765625,8746585
2023-05-08 00:00:00+05:30,RELIANCE.NS,1118.4165791288924,1133.7777597410543,1115.7461404298203,1128.4139404296875,9153782
2023-05-09 00:00:00+05:30,RELIANCE.NS,1129.8291612797643,1135.2159233997013,1124.4653410768628,1131.90625,6464721
2023-05-10 00:00:00+05:30,RELIANCE.NS,1136.6766978121202,1141.173192717246,1132.659447469911,1139.6895751953125,10872255
2023-05-11 00:00:00+05:30,RELIANCE.NS,1140.7622816578707,1145.578272899187,1130.536707274967,1132.2486572265625,10557860
2023-05-12 00:00:00+05:30,RELIANCE.NS,1127.4553650769165,1135.4897449397138,1121.3839680276494,1134.097412109375,6955341
2023-05-15 00:00:00+05:30,RELIANCE.NS,1136.6310244600713,1143.318592964205,1128.9846046154787,1136.334228515625,6833343
2023-05-16 00:00:00+05:30,RELIANCE.NS,1138.5024831085086,1141.058816015231,1118.4850597805391,1120.1513671875,8717229
2023-05-17 00:00:00+05:30,RELIANCE.NS,1124.3511508366894,1125.2641183192468,1108.830341392445,1113.5322265625,8798967
2023-05-18 00:00:00+05:30,RELIANCE.NS,1118.2112689036005,1121.6122266625744,1107.9856952056505,1111.1356201171875,10525531
2023-05-19 00:00:00+05:30,RELIANCE.NS,1111.1355938507186,1116.5678769225615,1104.1967514891073,1114.7418212890625,8050447
2023-05-22 00:00:00+05:30,RELIANCE.NS,1111.5691808774143,1125.720598669704,1110.3595382742935,1120.6990966796875,7434906
2023-05-23 00:00:00+05:30,RELIANCE.NS,1123.2783175836105,1126.6335119735163,1119.0784985578177,1120.49365234375,6092034
2023-05-24 00:00:00+05:30,RELIANCE.NS,1116.5452176617491,1124.8078096781505,1110.8617801773491,1113.9659423828125,8112254
2023-05-25 00:00:00+05:30,RELIANCE.NS,1111.0672556833676,1117.9603357408223,1102.9187697829475,1113.8289794921875,11487863
2023-05-26 00:00:00+05:30,RELIANCE.NS,1122.0687058844728,1145.3500415058625,1118.7591533794464,1144.2088623046875,12626260
2023-05-29 00:00:00+05:30,RELIANCE.NS,1150.8278330032474,1154.9363674405995,1144.5282250956022,1150.645263671875,10010304
2023-05-30 00:00:00+05:30,RELIANCE.NS,1150.645307987406,1158.451475420254,1147.7921790871794,1150.3486328125,11342504
2023-05-31 00:00:00+05:30,RELIANCE.NS,1141.2416143873527,1145.7381091276332,1123.4382047768395,1127.5009765625,27107927
2023-06-01 00:00:00+05:30,RELIANCE.NS,1132.1802156805027,1134.34858906371,1122.068746948841,1124.46533203125,14592692
2023-06-02 00:00:00+05:30,RELIANCE.NS,1128.003101699598,1133.412563645759,1118.8731857024297,1120.7904052734375,15800644
2023-06-05 00:00:00+05:30,RELIANCE.NS,1126.2684221252366,1133.8234358683376,1122.2739934203582,1130.856201171875,10908682
2023-06-06 00:00:00+05:30,RELIANCE.NS,1133.6866395560062,1135.626680467698,1123.8947880782737,1131.81494140625,7493309
2023-06-07 00:00:00+05:30,RELIANCE.NS,1135.3071289198083,1141.241598708449,1128.7335456658939,1140.3970947265625,10312545
2023-06-08 00:00:00+05:30,RELIANCE.NS,1143.9804362633743,1148.9334747780272,1137.1329993758209,1141.0816650390625,12071109
2023-06-09 00:00:00+05:30,RELIANCE.NS,1144.437171009834,1145.1447480583759,1131.1987183736474,1133.001953125,5877018
2023-06-12 00:00:00+05:30,RELIANCE.NS,1130.0574375493186,1136.311403822295,1125.2641468372988,1134.006103515625,6391969
2023-06-13 00:00:00+05:30,RELIANCE.NS,1138.9591656822827,1151.946463788879,1134.9647365494955,1150.759521484375,11248016
2023-06-14 00:00:00+05:30,RELIANCE.NS,1150.827933567815,1166.3488637759137,1149.0019986007082,1164.910888671875,13277380
2023-06-15 00:00:00+05:30,RELIANCE.NS,1164.888030487722,1169.7954267696327,1157.4471223513988,1165.23046875,11813494
2023-06-16 00:00:00+05:30,RELIANCE.NS,1168.72265257123,1178.856942021871,1168.72265257123,1176.574462890625,24171579
2023-06-19 00:00:00+05:30,RELIANCE.NS,1179.5873088461865,1179.5873088461865,1160.7111839901809,1164.8880615234375,6798554
2023-06-20 00:00:00+05:30,RELIANCE.NS,1162.9480481347903,1170.457299404325,1157.2189687814275,1167.3074951171875,6921096
2023-06-21 00:00:00+05:30,RELIANCE.NS,1167.2617442064677,1173.127750027222,1163.1533304634168,1170.59423828125,6961603
2023-06-22 00:00:00+05:30,RELIANCE.NS,1166.8053921892115,1174.702723824018,1155.8494202932393,1157.4471435546875,7619166
2023-06-23 00:00:00+05:30,RELIANCE.NS,1154.434209748897,1156.4884770186727,1146.7194478373872,1147.974853515625,6628570
2023-06-26 00:00:00+05:30,RELIANCE.NS,1144.437098137329,1148.2716583591261,1136.0832218598148,1139.210205078125,12641159
2023-06-27 00:00:00+05:30,RELIANCE.NS,1139.666736088607,1145.578264166708,1135.1474200849475,1139.62109375,9689466
2023-06-28 00:00:00+05:30,RELIANCE.NS,1147.1760589375283,1158.519990797568,1140.2600374666351,1154.708251953125,11354006
2023-06-30 00:00:00+05:30,RELIANCE.NS,1162.423070452648,1167.1021346662303,1156.511421596289,1164.1805419921875,11151555
2023-07-03 00:00:00+05:30,RELIANCE.NS,1167.741194264735,1196.9341777415286,1166.5086096788432,1194.0582275390625,12154387
2023-07-04 00:00:00+05:30,RELIANCE.NS,1198.3036177471888,1198.3036177471888,1174.6798459927943,1181.755615234375,8061643
2023-07-05 00:00:00+05:30,RELIANCE.NS,1190.9997357239995,1190.9997357239995,1175.8440646341217,1179.8155517578125,10248062
2023-07-06 00:00:00+05:30,RELIANCE.NS,1175.958111582341,1207.1824197013011,1175.958111582341,1204.5804443359375,19117987
2023-07-07 00:00:00+05:30,RELIANCE.NS,1202.8687277617782,1216.5407819731026,1199.6731602419495,1202.2296142578125,13375267
2023-07-10 00:00:00+05:30,RELIANCE.NS,1227.4738168988026,1258.1047776229054,1221.128565671655,1248.5411376953125,33240016
2023-07-11 00:00:00+05:30,RELIANCE.NS,1256.6895309307056,1264.4955779542368,1249.705166712445,1262.076171875,20069348
2023-07-12 00:00:00+05:30,RELIANCE.NS,1262.8064492251153,1279.1034182559108,1260.6837185366455,1263.4683837890625,18733835
2023-07-13 00:00:00+05:30,RELIANCE.NS,1270.8408996155135,1277.7339788902639,1249.545369524751,1252.170166015625,14682934
2023-07-14 00:00:00+05:30,RELIANCE.NS,1255.365580017741,1260.3414396091937,1243.9988277461352,1251.1202392578125,15124144
2023-07-17 00:00:00+05:30,RELIANCE.NS,1253.9963391795925,1285.060901535764,1245.3228457945552,1276.6842041015625,22220040
2023-07-18 00:00:00+05:30,RELIANCE.NS,1285.9509768018002,1295.286283587151,1274.995004828538,1287.52587890625,25867313
2023-07-19 00:00:00+05:30,RELIANCE.NS,1291.8854597114334,1303.7543992835303,1276.8210735612868,1297.294921875,39122156
2023-07-20 00:00:00+05:30,RELIANCE.NS,1276.014839753512,1301.213635792283,1276.014839753512,1295.723876953125,38717624
2023-07-21 00:00:00+05:30,RELIANCE.NS,1290.3576048302098,1293.2755748788927,1248.1205739980844,1255.6134033203125,30249238
2023-07-24 00:00:00+05:30,RELIANCE.NS,1227.0515368964086,1243.8424839995957,1221.2649818512405,1230.216796875,23727866
2023-07-25 00:00:00+05:30,RELIANCE.NS,1233.4810641733905,1239.0203294862108,1226.5569523456327,1229.425537109375,12026020
2023-07-26 00:00:00+05:30,RELIANCE.NS,1229.029726310642,1259.6936470475673,1229.029726310642,1249.4063720703125,12911012
2023-07-27 00:00:00+05:30,RELIANCE.NS,1253.2889256301971,1255.06933898356,1231.6758304667376,1237.7838134765625,17226898
2023-07-28 00:00:00+05:30,RELIANCE.NS,1242.4081558253793,1257.6412248805652,1236.7204929547063,1250.2225341796875,20827852
2023-07-31 00:00:00+05:30,RELIANCE.NS,1250.222567835286,1263.1062644351005,1245.3261593927457,1260.8065185546875,8551174
2023-08-01 00:00:00+05:30,RELIANCE.NS,1263.6503718598296,1265.6286894674379,1239.0697997346808,1242.9769287109375,9536632
2023-08-02 00:00:00+05:30,RELIANCE.NS,1240.9985763343113,1242.383422770223,1218.4458286875906,1229.697509765625,12748214
2023-08-03 00:00:00+05:30,RELIANCE.NS,1224.23249959185,1236.8936606795558,1215.7010043381908,1224.5291748046875,10168350
2023-08-04 00:00:00+05:30,RELIANCE.NS,1235.8549028515122,1244.3616435147105,1222.4023686926273,1241.171630859375,22885610
2023-08-07 00:00:00+05:30,RELIANCE.NS,1246.8345411789287,1250.494380069662,1238.9212715800145,1248.244140625,5982870
2023-08-08 00:00:00+05:30,RELIANCE.NS,1250.2965991690858,1253.486611833248,1236.2258407843067,1240.7264404296875,9844072
2023-08-09 00:00:00+05:30,RELIANCE.NS,1238.8472469851743,1250.7912910864598,1227.1009863432985,1248.911865234375,11486586
2023-08-10 00:00:00+05:30,RELIANCE.NS,1248.7882887892447,1261.1775274732204,1240.627728317359,1254.4759521484375,15470598
2023-08-11 00:00:00+05:30,RELIANCE.NS,1252.4975295128647,1265.5544976220099,1242.5565564009414,1259.767822265625,22179330
2023-08-14 00:00:00+05:30,RELIANCE.NS,1255.737002454242,1277.1523130180672,1248.8128913733601,1274.6546630859375,9575812
2023-08-16 00:00:00+05:30,RELIANCE.NS,1261.672044700447,1277.3996937112483,1261.672044700447,1273.6160888671875,10203112
2023-08-17 00:00:00+05:30,RELIANCE.NS,1269.6348629683328,1275.0752365265755,1252.695518025622,1255.2425537109375,13673744
2023-08-18 00:00:00+05:30,RELIANCE.NS,1251.9040005908723,1274.8278021449016,1240.6770733077956,1264.54052734375,18639978
2023-08-21 00:00:00+05:30,RELIANCE.NS,1260.6443643964944,1268.3374245054665,1248.5836072167706,1250.74267578125,9221746
2023-08-22 00:00:00+05:30,RELIANCE.NS,1249.204008079304,1259.6517042081298,1240.319812990251,1250.44482421875,7713044
2023-08-23 00:00:00+05:30,RELIANCE.NS,1252.8272476636503,1262.0838090060652,1249.2288807667073,1251.8345947265625,9517952
2023-08-24 00:00:00+05:30,RELIANCE.NS,1260.6195534341234,1260.6195534341234,1226.4227081001463,1230.7904052734375,14140020
2023-08-25 00:00:00+05:30,RELIANCE.NS,1218.9778633049934,1243.2978613921046,1212.3271367872899,1225.1075439453125,22222400
2023-08-28 00:00:00+05:30,RELIANCE.NS,1226.9190501118926,1232.8749678308823,1206.6193456890517,1212.8978271484375,12580826
2023-08-29 00:00:00+05:30,RELIANCE.NS,1217.0173382536789,1217.7121468384466,1195.2285336373561,1201.2838134765625,16876644
2023-08-30 00:00:00+05:30,RELIANCE.NS,1207.0659417448908,1212.5255327642963,1198.628391987628,1200.1422119140625,12168946
2023-08-31 00:00:00+05:30,RELIANCE.NS,1202.5989377093504,1203.5915905675504,1191.133748727762,1194.65771484375,21638600
2023-09-01 00:00:00+05:30,RELIANCE.NS,1194.4343955405523,1203.9141576589248,1192.0023233270636,1197.4619140625,18112842
2023-09-04 00:00:00+05:30,RELIANCE.NS,1197.4619529612135,1202.921543874001,1193.8140262826475,1196.494140625,9347626
2023-09-05 00:00:00+05:30,RELIANCE.NS,1201.1100268699734,1208.033756715794,1197.3627378820318,1202.8968505859375,8675876
2023-09-06 00:00:00+05:30,RELIANCE.NS,1201.6560920331103,1209.125708635972,1199.745186611218,1205.4281005859375,8200370
2023-09-07 00:00:00+05:30,RELIANCE.NS,1201.9537313347682,1210.1679582595825,1196.6430625915527,1207.06591796875,13652572
2023-09-08 00:00:00+05:30,RELIANCE.NS,1211.0365924741222,1218.9778160313297,1202.5742018862823,1215.1064453125,23109288
2023-09-11 00:00:00+05:30,RELIANCE.NS,1216.9924464989115,1229.326207160582,1216.9924464989115,1228.20947265625,13271074
2023-09-12 00:00:00+05:30,RELIANCE.NS,1232.3787090583842,1232.3787090583842,1209.0265228175713,1210.4659423828125,16255666
2023-09-13 00:00:00+05:30,RELIANCE.NS,1211.0365644667,1222.2783103355039,1204.2120756300537,1216.52099609375,12803338
2023-09-14 00:00:00+05:30,RELIANCE.NS,1220.9630582690309,1223.8417758931353,1213.5181615722684,1217.6376953125,9209636
2023-09-15 00:00:00+05:30,RELIANCE.NS,1224.9337835939812,1224.9337835939812,1215.7517434819517,1219.8961181640625,25468592
2023-09-18 00:00:00+05:30,RELIANCE.NS,1211.061482045193,1216.4962329024152,1207.0908701058952,1209.274658203125,7516300
2023-09-20 00:00:00+05:30,RELIANCE.NS,1202.623798606989,1204.8821081322808,1168.8487603007638,1182.323974609375,57081884
2023-09-21 00:00:00+05:30,RELIANCE.NS,1178.750555955457,1186.2699748730859,1171.3304992731428,1173.712890625,12226182
2023-09-22 00:00:00+05:30,RELIANCE.NS,1179.2717940052096,1182.47307577697,1166.3673046768697,1168.8240966796875,19176786
2023-09-25 00:00:00+05:30,RELIANCE.NS,1166.5657437194718,1171.6779308453931,1158.9720452955405,1161.6273193359375,14254884
2023-09-26 00:00:00+05:30,RELIANCE.NS,1160.684188171601,1166.4663425671888,1159.2200494490667,1162.6446533203125,10087782
2023-09-27 00:00:00+05:30,RELIANCE.NS,1163.1410372849095,1177.1871000752483,1160.6594050312615,1175.7476806640625,11722778
2023-09-28 00:00:00+05:30,RELIANCE.NS,1182.7459002555731,1182.7459002555731,1153.9589668880435,1158.4755859375,14518346
2023-09-29 00:00:00+05:30,RELIANCE.NS,1162.2973995824232,1175.847137006539,1158.475709840611,1163.8856201171875,12342014
2023-10-03 00:00:00+05:30,RELIANCE.NS,1156.415758225436,1159.220075299941,1149.492028660551,1150.55908203125,8859056
2023-10-04 00:00:00+05:30,RELIANCE.NS,1146.0178196869251,1150.981084388904,1139.1189302205564,1148.5738525390625,10286386
2023-10-05 00:00:00+05:30,RELIANCE.NS,1151.105104982258,1156.14276991832,1146.017758932428,1148.549072265625,10953682
2023-10-06 00:00:00+05:30,RELIANCE.NS,1150.0132553057874,1153.8597853939605,1147.5316229908371,1150.4847412109375,5431026
2023-10-09 00:00:00+05:30,RELIANCE.NS,1145.5711149238573,1147.4818990309532,1139.0691900320726,1140.6822509765625,7576878
2023-10-10 00:00:00+05:30,RELIANCE.NS,1144.8018394410437,1150.435072150941,1143.4121010954177,1145.719970703125,10236032
2023-10-11 00:00:00+05:30,RELIANCE.NS,1148.7227620999727,1166.2182699823193,1148.0031129607796,1163.910400390625,9814118
2023-10-12 00:00:00+05:30,RELIANCE.NS,1163.3148210249558,1171.0078811502246,1160.485663265934,1166.0693359375,12554450
2023-10-13 00:00:00+05:30,RELIANCE.NS,1161.4040366702475,1170.0897506197043,1156.0188455521982,1166.0198974609375,10150316
2023-10-16 00:00:00+05:30,RELIANCE.NS,1163.885548402189,1168.6254903286665,1159.4186102633319,1163.4140625,5929036
2023-10-17 00:00:00+05:30,RELIANCE.NS,1169.3451452373686,1171.18152891328,1162.0491704758838,1168.972900390625,7928180
2023-10-18 00:00:00+05:30,RELIANCE.NS,1168.9729714451066,1174.8048077319042,1151.9737890772074,1153.4627685546875,8918320
2023-10-19 00:00:00+05:30,RELIANCE.NS,1147.5068298823098,1152.37085365543,1142.0472385636656,1144.603271484375,12032556
2023-10-20 00:00:00+05:30,RELIANCE.NS,1141.5508934053469,1148.846868358942,1139.7145096810816,1141.104248046875,8913312
2023-10-23 00:00:00+05:30,RELIANCE.NS,1136.5877075106362,1144.6530132953733,1119.3403612940447,1123.2861328125,7853962
2023-10-25 00:00:00+05:30,RELIANCE.NS,1116.7593673158804,1132.219887961399,1113.2602415640138,1120.6802978515625,11620688
2023-10-26 00:00:00+05:30,RELIANCE.NS,1117.2309217780673,1120.7052071856403,1101.9937228681183,1105.0709228515625,15222534
2023-10-27 00:00:00+05:30,RELIANCE.NS,1111.7712909465938,1128.3982276638756,1109.761144511754,1124.5765380859375,11771084
2023-10-30 00:00:00+05:30,RELIANCE.NS,1128.6463150337838,1153.958963260135,1126.6361687340607,1147.7548828125,16813304
2023-10-31 00:00:00+05:30,RELIANCE.NS,1155.4480281047179,1155.4480281047179,1133.0636557231696,1135.5452880859375,12808438
2023-11-01 00:00:00+05:30,RELIANCE.NS,1136.1656826268284,1150.236586425296,1129.2419526519689,1140.2603759765625,10309190
2023-11-02 00:00:00+05:30,RELIANCE.NS,1148.4746196953226,1153.6116471680004,1145.4966608528325,1151.57666015625,10562104
2023-11-03 00:00:00+05:30,RELIANCE.NS,1155.0509397455937,1158.897469898072,1149.3680258840427,1151.3284912109375,8850156
2023-11-06 00:00:00+05:30,RELIANCE.NS,1157.5822297180116,1161.4039192346488,1154.256866662586,1160.9075927734375,10647304
2023-11-07 00:00:00+05:30,RELIANCE.NS,1158.4507493206686,1160.9572220726066,1151.2540159543112,1153.3634033203125,6960204
2023-11-08 00:00:00+05:30,RELIANCE.NS,1157.4332718147846,1161.900209827792,1152.3459257444151,1159.368896484375,7884494
2023-11-09 00:00:00+05:30,RELIANCE.NS,1159.344192861405,1159.3689122452765,1143.6353879313751,1146.787109375,14513610
2023-11-10 00:00:00+05:30,RELIANCE.NS,1144.3054653415224,1149.6658152095554,1140.5830169850344,1148.946044921875,7734954
2023-11-13 00:00:00+05:30,RELIANCE.NS,1152.9166537769547,1153.7605056745233,1147.3578218124285,1148.7972412109375,3854810
2023-11-15 00:00:00+05:30,RELIANCE.NS,1161.4039352802765,1172.2982770196893,1154.9516911953863,1169.5684814453125,12220648
2023-11-16 00:00:00+05:30,RELIANCE.NS,1166.9131951067154,1178.3534231349859,1164.8533675821152,1171.6778564453125,13134910
2023-11-17 00:00:00+05:30,RELIANCE.NS,1167.8064883385834,1177.9067803474445,1167.3846835483773,1169.121826171875,7758634
2023-11-20 00:00:00+05:30,RELIANCE.NS,1165.647592311094,1170.5363354915235,1159.617152805321,1166.044677734375,4490186
2023-11-21 00:00:00+05:30,RELIANCE.NS,1174.3083747965666,1185.227556641674,1171.4296571663483,1180.7109375,8214450
2023-11-22 00:00:00+05:30,RELIANCE.NS,1178.7754188353035,1188.4289448727575,1177.3856804226161,1185.326904296875,8534814
2023-11-23 00:00:00+05:30,RELIANCE.NS,1185.3268657327444,1191.1835423841578,1185.3268657327444,1188.9500732421875,8531542
2023-11-24 00:00:00+05:30,RELIANCE.NS,1187.0144298509326,1192.474021001291,1186.7414260587238,1188.1558837890625,6749486
2023-11-28 00:00:00+05:30,RELIANCE.NS,1188.1558894990753,1191.034607263244,1178.899449291774,1188.404052734375,13792174
2023-11-29 00:00:00+05:30,RELIANCE.NS,1195.1540911072586,1197.1145563492605,1190.2156671664848,1191.5308837890625,12531306
2023-11-30 00:00:00+05:30,RELIANCE.NS,1188.5529645510346,1191.530923348677,1176.2440439527552,1179.9913330078125,28439984
2023-12-01 00:00:00+05:30,RELIANCE.NS,1180.2643464861462,1189.3967050711567,1180.0658643673892,1188.3544921875,14342842
2023-12-04 00:00:00+05:30,RELIANCE.NS,1215.9997806950958,1215.9997806950958,1190.4886500919326,1201.209228515625,15590990
2023-12-05 00:00:00+05:30,RELIANCE.NS,1210.540207865299,1211.4584602643838,1201.9288955146308,1209.9197998046875,12693624
2023-12-06 00:00:00+05:30,RELIANCE.NS,1214.560584514323,1227.3905513904704,1208.5549856031337,1221.5091552734375,16422442
2023-12-07 00:00:00+05:30,RELIANCE.NS,1220.9631623446442,1221.4346482742724,1212.0292855470004,1219.4990234375,8142096
2023-12-08 00:00:00+05:30,RELIANCE.NS,1222.874052744466,1229.251775342433,1213.5182500771466,1218.853759765625,10204894
2023-12-11 00:00:00+05:30,RELIANCE.NS,1218.9777608532804,1224.7351961410227,1217.1909371644088,1220.6405029296875,7066138
2023-12-12 00:00:00+05:30,RELIANCE.NS,1220.9631521449135,1223.41994400905,1201.1844932637518,1203.1202392578125,9197124
2023-12-13 00:00:00+05:30,RELIANCE.NS,1202.102614795848,1210.2176004047437,1194.3103140708777,1208.03369140625,10031182
2023-12-14 00:00:00+05:30,RELIANCE.NS,1217.9851619285064,1228.3831772791464,1212.3518080035872,1223.0228271484375,16972354
2023-12-15 00:00:00+05:30,RELIANCE.NS,1229.8970515295573,1240.8162343922088,1225.951280138882,1238.6324462890625,15932152
2023-12-18 00:00:00+05:30,RELIANCE.NS,1238.6323699765335,1258.1379030406688,1236.3243792186838,1251.239013671875,14165188
2023-12-19 00:00:00+05:30,RELIANCE.NS,1268.1140495332209,1277.4945707453207,1253.3234974409622,1269.6527099609375,16820604
2023-12-20 00:00:00+05:30,RELIANCE.NS,1276.080186427869,1289.8780864366483,1250.7426960684581,1254.2913818359375,17736722
2023-12-21 00:00:00+05:30,RELIANCE.NS,1254.2170195322976,1277.2962009364337,1249.8741628164655,1271.8614501953125,13765454
2023-12-22 00:00:00+05:30,RELIANCE.NS,1270.3972179591544,1280.968874306117,1264.4660199985942,1273.1021728515625,16541784
2023-12-26 00:00:00+05:30,RELIANCE.NS,1274.5663382448713,1286.453332624264,1271.935783794956,1279.554443359375,7465664
2023-12-27 00:00:00+05:30,RELIANCE.NS,1281.514887400953,1290.3990823415181,1277.0976304877347,1283.922119140625,9204156
2023-12-28 00:00:00+05:30,RELIANCE.NS,1285.3862277761266,1296.4046504171113,1283.9220890250845,1293.203369140625,12302636
2023-12-29 00:00:00+05:30,RELIANCE.NS,1295.9581362918193,1297.397434632089,1280.174929799553,1282.9791259765625,10864584
2024-01-01 00:00:00+05:30,RELIANCE.NS,1280.7953983035607,1293.8488097378856,1277.1225094292433,1285.6097412109375,4030540
2024-01-02 00:00:00+05:30,RELIANCE.NS,1283.0039664322292,1297.8937610136477,1277.0480485996618,1296.255859375,7448800
2024-01-03 00:00:00+05:30,RELIANCE.NS,1295.412048372221,1307.3238832997818,1279.132516403198,1282.16015625,9037536
2024-01-04 00:00:00+05:30,RELIANCE.NS,1284.4928354763001,1295.337616733607,1280.0755785995668,1288.7860107421875,9612778
2024-01-05 00:00:00+05:30,RELIANCE.NS,1291.8881165287519,1300.3009471094986,1289.456165302221,1294.2705078125,8086406
2024-01-08 00:00:00+05:30,RELIANCE.NS,1295.412156841061,1306.3064992127524,1275.0379299096924,1284.17041015625,7734652
2024-01-09 00:00:00+05:30,RELIANCE.NS,1290.4487513775189,1293.8237954235035,1279.132484246134,1280.7703857421875,5403074
2024-01-10 00:00:00+05:30,RELIANCE.NS,1279.0333061103788,1319.7320764251056,1278.0654937339266,1315.3148193359375,11102740
2024-01-11 00:00:00+05:30,RELIANCE.NS,1319.7321386109766,1352.489686993197,1318.7394856296971,1349.9088134765625,23725852
2024-01-12 00:00:00+05:30,RELIANCE.NS,1349.9087552154863,1363.2350482099334,1335.8626919019084,1360.6541748046875,15012164
2024-01-15 00:00:00+05:30,RELIANCE.NS,1364.8977157386187,1386.190071634762,1355.9638397810568,1383.8822021484375,8610594
2024-01-16 00:00:00+05:30,RELIANCE.NS,1379.7627106993223,1386.0413130880693,1360.4308194226976,1364.5255126953125,9069024
2024-01-17 00:00:00+05:30,RELIANCE.NS,1349.5117047016763,1376.0900120502974,1345.0696069219948,1351.5714111328125,12197382
2024-01-18 00:00:00+05:30,RELIANCE.NS,1341.4712027363942,1360.92717605878,1341.3222805612156,1357.8995361328125,10279438
2024-01-19 00:00:00+05:30,RELIANCE.NS,1365.890429247957,1365.890429247957,1349.015329468004,1357.4031982421875,10422704
2024-01-23 00:00:00+05:30,RELIANCE.NS,1361.6716823004633,1361.6716823004633,1312.8332056966303,1318.8138427734375,20055420
2024-01-24 00:00:00+05:30,RELIANCE.NS,1325.4149927095905,1339.5851376107455,1314.1980872328543,1334.00146484375,21919128
2024-01-25 00:00:00+05:30,RELIANCE.NS,1333.0831783387705,1354.1274927557365,1325.390118278632,1343.1337890625,11808872
2024-01-29 00:00:00+05:30,RELIANCE.NS,1354.474931519067,1441.8283899094502,1350.1817560391485,1437.4111328125,23893438
2024-01-30 00:00:00+05:30,RELIANCE.NS,1449.2235971647833,1449.2484377227322,1394.1066401470152,1397.2830810546875,14093978
2024-01-31 00:00:00+05:30,RELIANCE.NS,1393.6846609266845,1423.7124109217216,1392.1956815880876,1416.1434326171875,15130226
2024-02-01 00:00:00+05:30,RELIANCE.NS,1424.4569627393994,1432.745590517861,1407.631543948549,1416.1683349609375,13349362
2024-02-02 00:00:00+05:30,RELIANCE.NS,1422.6455164089482,1464.0639387350582,1422.6455164089482,1446.990234375,19652588
2024-02-05 00:00:00+05:30,RELIANCE.NS,1450.0177530325548,1459.6961190035063,1421.007495677393,1428.452392578125,8814432
2024-02-06 00:00:00+05:30,RELIANCE.NS,1431.256637826339,1431.256637826339,1409.3934322746634,1417.3099365234375,9047984
2024-02-07 00:00:00+05:30,RELIANCE.NS,1425.3752031215413,1438.8504181404362,1418.7491963623445,1431.554443359375,9296568
2024-02-08 00:00:00+05:30,RELIANCE.NS,1439.3467435794867,1448.752105824393,1417.0368932886952,1439.4708251953125,14694634
2024-02-09 00:00:00+05:30,RELIANCE.NS,1443.31729322881,1461.1602045826953,1440.2896534634558,1450.0177001953125,12556798
2024-02-12 00:00:00+05:30,RELIANCE.NS,1450.017752117624,1450.2659153474917,1431.7529141646626,1441.679443359375,6674430
2024-02-13 00:00:00+05:30,RELIANCE.NS,1444.806250056761,1468.1335924657844,1443.3172707540573,1454.335693359375,7715594
2024-02-14 00:00:00+05:30,RELIANCE.NS,1446.7916226083244,1472.749520552248,1446.7916226083244,1470.4912109375,7117888
2024-02-15 00:00:00+05:30,RELIANCE.NS,1472.4517353218182,1473.8166331337911,1455.7503978374216,1459.79541015625,10006782
2024-02-16 00:00:00+05:30,RELIANCE.NS,1465.6271998466532,1466.1483668657747,1447.8339689108675,1449.843994140625,9767498
2024-02-19 00:00:00+05:30,RELIANCE.NS,1451.3082561823699,1468.6300012389227,1442.8458657695369,1463.17041015625,6729828
2024-02-20 00:00:00+05:30,RELIANCE.NS,1464.1878968342883,1464.659382736365,1451.0600862084646,1460.21728515625,7117496
2024-02-21 00:00:00+05:30,RELIANCE.NS,1463.170510366537,1477.5888193115914,1446.8414171157522,1456.916748046875,12720292
2024-02-22 00:00:00+05:30,RELIANCE.NS,1457.36346935178,1474.0399663973683,1447.2880175600008,1470.863525390625,18493728
2024-02-23 00:00:00+05:30,RELIANCE.NS,1478.556551746289,1486.5474563697878,1472.4517119404402,1482.6512451171875,14438584
2024-02-26 00:00:00+05:30,RELIANCE.NS,1482.5768223248915,1483.5446346905887,1471.607959051116,1476.3974609375,7513106
2024-02-27 00:00:00+05:30,RELIANCE.NS,1472.1291493159843,1488.9297276070065,1467.1907251784094,1474.73486328125,10826044
2024-02-28 00:00:00+05:30,RELIANCE.NS,1472.1042938560004,1480.3185210789975,1439.5205099276588,1444.930419921875,8647950
2024-02-29 00:00:00+05:30,RELIANCE.NS,1454.2365988812116,1468.1088998815815,1443.8385832706604,1450.0675048828125,23628976
2024-03-01 00:00:00+05:30,RELIANCE.NS,1452.7475417409498,1488.979373154373,1451.7548888255137,1481.1622314453125,12132926
2024-03-04 00:00:00+05:30,RELIANCE.NS,1479.5243736818861,1501.337897909408,1476.2982516112518,1496.3250732421875,10024420
2024-03-05 00:00:00+05:30,RELIANCE.NS,1494.712091681268,1496.3251528023525,1475.1320355384912,1489.177978515625,7107668
2024-03-06 00:00:00+05:30,RELIANCE.NS,1482.4773919378927,1497.9131926576536,1467.6372798835923,1491.957275390625,7805676
2024-03-07 00:00:00+05:30,RELIANCE.NS,1491.9325571368477,1492.056638756749,1464.7091224345347,1468.059326171875,8315726
2024-03-11 00:00:00+05:30,RELIANCE.NS,1478.060279979328,1478.060279979328,1452.747629113329,1455.8248291015625,11277130
2024-03-12 00:00:00+05:30,RELIANCE.NS,1455.8247263461558,1477.0675227494196,1454.261346490045,1464.5849609375,9432678
2024-03-13 00:00:00+05:30,RELIANCE.NS,1468.9029635812572,1472.2034859914554,1417.2850129833478,1421.6527099609375,13522134
2024-03-14 00:00:00+05:30,RELIANCE.NS,1429.1223094125826,1437.8825438227764,1415.0266869213976,1420.957763671875,18571102
2024-03-15 00:00:00+05:30,RELIANCE.NS,1415.4733954219128,1422.694969713975,1402.5193474045138,1407.80517578125,19223818
2024-03-18 00:00:00+05:30,RELIANCE.NS,1409.56727675182,1431.1326391984185,1406.1178317705178,1428.899169921875,9169392
2024-03-19 00:00:00+05:30,RELIANCE.NS,1418.252849649116,1427.0378036957165,1406.8373411480031,1414.778564453125,8275764
2024-03-20 00:00:00+05:30,RELIANCE.NS,1417.4587350761735,1434.3835163859578,1413.562644941621,1433.1427001953125,8488806
2024-03-21 00:00:00+05:30,RELIANCE.NS,1441.8532357214951,1447.1887452733042,1434.060934378195,1440.3145751953125,13006936
2024-03-22 00:00:00+05:30,RELIANCE.NS,1439.321893152815,1449.2732629085037,1436.716179238339,1444.3348388671875,19527608
2024-03-26 00:00:00+05:30,RELIANCE.NS,1434.3835274360674,1441.7291835759677,1428.4276096750873,1430.983642578125,11415906
2024-03-27 00:00:00+05:30,RELIANCE.NS,1437.3613782559069,1488.979328303771,1436.368725370371,1481.8818359375,16326644
2024-03-28 00:00:00+05:30,RELIANCE.NS,1481.90676076149,1494.8856495085238,1467.786296896486,1474.933349609375,21854364
2024-04-01 00:00:00+05:30,RELIANCE.NS,1481.5095896793896,1482.9985690062601,1471.60790139039,1473.8662109375,5013880
2024-04-02 00:00:00+05:30,RELIANCE.NS,1473.0968689675985,1483.0233977342266,1464.1629930776332,1476.025146484375,8910166
2024-04-03 00:00:00+05:30,RELIANCE.NS,1471.186101560143,1473.5436523631188,1458.1079713887636,1460.7880859375,7008292
2024-04-04 00:00:00+05:30,RELIANCE.NS,1468.8780939901114,1468.8780939901114,1439.3466709144527,1452.1767578125,14490272
2024-04-05 00:00:00+05:30,RELIANCE.NS,1450.1417667351745,1459.9938949751336,1445.3025839763254,1449.3724365234375,7442298
2024-04-08 00:00:00+05:30,RELIANCE.NS,1452.226356281804,1480.0206375610207,1450.2658910334067,1475.057373046875,8357118
2024-04-09 00:00:00+05:30,RELIANCE.NS,1478.060211901015,1478.8543827139295,1451.7549092714805,1452.896484375,7071414
2024-04-10 00:00:00+05:30,RELIANCE.NS,1455.5766564963697,1476.0749645358123,1455.5766564963697,1468.7044677734375,9138330
2024-04-12 00:00:00+05:30,RELIANCE.NS,1465.0317226594827,1475.5538200544618,1452.3257159957793,1456.370849609375,15551012
2024-04-15 00:00:00+05:30,RELIANCE.NS,1450.2658952456557,1471.2356878788278,1435.6986653849476,1454.062744140625,12902062
2024-04-16 00:00:00+05:30,RELIANCE.NS,1442.6720371000315,1460.3661473678603,1440.2649265731254,1454.98095703125,9366184
2024-04-18 00:00:00+05:30,RELIANCE.NS,1452.7476380801534,1475.0823301585979,1448.628103973215,1453.5665283203125,19005692
2024-04-19 00:00:00+05:30,RELIANCE.NS,1446.0720814485837,1463.1705049395248,1432.4231028577299,1459.323974609375,15741778
2024-04-22 00:00:00+05:30,RELIANCE.NS,1461.6317610616636,1471.9305352298081,1457.0160218672338,1468.9774169921875,10350362
2024-04-23 00:00:00+05:30,RELIANCE.NS,1468.1337674689391,1482.5272357774581,1444.8561033979943,1448.603271484375,14605554
2024-04-24 00:00:00+05:30,RELIANCE.NS,1452.7475596039474,1457.7605053579202,1438.8504186169605,1439.5205078125,10462776
2024-04-25 00:00:00+05:30,RELIANCE.NS,1431.9018276580116,1457.189636393573,1430.9091747445573,1449.2484130859375,15943926
2024-04-26 00:00:00+05:30,RELIANCE.NS,1453.194198141131,1454.236532179651,1439.3467383348082,1441.8780517578125,9413848
2024-04-29 00:00:00+05:30,RELIANCE.NS,1439.3467183436048,1457.1152296530197,1439.3467183436048,1454.2613525390625,7247974
2024-04-30 00:00:00+05:30,RELIANCE.NS,1457.214576809603,1472.178772035999,1452.1272302795285,1456.221923828125,11474262
2024-05-02 00:00:00+05:30,RELIANCE.NS,1461.1850562736174,1466.4708844514234,1453.3679147531318,1455.775146484375,14512646
2024-05-03 00:00:00+05:30,RELIANCE.NS,1460.1925152681529,1464.1134460205978,1405.7455242326487,1423.46435546875,17226958
2024-05-06 00:00:00+05:30,RELIANCE.NS,1424.9533097670264,1429.4202480421582,1407.5818831415143,1409.095703125,7394208
2024-05-07 00:00:00+05:30,RELIANCE.NS,1405.571689953147,1410.311631866643,1381.772860502106,1391.17822265625,14517472
2024-05-08 00:00:00+05:30,RELIANCE.NS,1387.2324157830615,1422.42191231512,1387.2324157830615,1408.1278076171875,9439002
2024-05-09 00:00:00+05:30,RELIANCE.NS,1402.6185253372132,1413.2895438420787,1379.7875090012217,1383.8822021484375,11009612
2024-05-10 00:00:00+05:30,RELIANCE.NS,1386.4879762578594,1399.6406275450738,1377.8766636438304,1397.0845947265625,10505096
2024-05-13 00:00:00+05:30,RELIANCE.NS,1389.6149314683873,1396.6379028351905,1373.8317248456565,1392.394287109375,8456620
2024-05-14 00:00:00+05:30,RELIANCE.NS,1390.681954289976,1416.5901722719507,1389.7389824487905,1409.6416015625,7188300
2024-05-15 00:00:00+05:30,RELIANCE.NS,1410.063563528233,1419.468926315315,1402.6435067088078,1405.86962890625,5046534
2024-05-16 00:00:00+05:30,RELIANCE.NS,1408.1278405018506,1417.0120356183081,1387.75361519461,1414.8778076171875,14711774
2024-05-17 00:00:00+05:30,RELIANCE.NS,1412.5948920294334,1426.6408349602225,1402.8668442157614,1425.15185546875,10916476
2024-05-21 00:00:00+05:30,RELIANCE.NS,1415.1260338425998,1431.231803864575,1415.1260338425998,1425.57373046875,11176128
2024-05-22 00:00:00+05:30,RELIANCE.NS,1425.722543020764,1457.9837617014118,1425.722543020764,1449.91845703125,10281604
2024-05-23 00:00:00+05:30,RELIANCE.NS,1447.8340020088174,1481.2615172416956,1444.3100355832012,1475.1319580078125,14608260
2024-05-24 00:00:00+05:30,RELIANCE.NS,1472.724715385057,1477.5638984586112,1465.2549777906743,1469.37451171875,7094776
2024-05-27 00:00:00+05:30,RELIANCE.NS,1469.3497180106694,1473.990419113941,1450.8119965034373,1455.4774169921875,6629010
2024-05-28 00:00:00+05:30,RELIANCE.NS,1457.2145743340495,1467.637430621861,1442.0766163922278,1445.501220703125,7820162
2024-05-29 00:00:00+05:30,RELIANCE.NS,1435.8724890871501,1447.287997987601,1427.8815843874524,1430.1895751953125,7383556
2024-05-30 00:00:00+05:30,RELIANCE.NS,1424.9532474164846,1429.817270893488,1409.6663684202383,1414.3814697265625,13206858
2024-05-31 00:00:00+05:30,RELIANCE.NS,1420.7841589242364,1431.653659822201,1411.800601617005,1419.8907470703125,31069832
2024-06-03 00:00:00+05:30,RELIANCE.NS,1472.1043222829317,1503.3728901534053,1448.2806515244756,1499.228515625,21527942
2024-06-04 00:00:00+05:30,RELIANCE.NS,1487.0437791255476,1487.0437791255476,1349.3131842665355,1387.0091552734375,36709098
2024-06-05 00:00:00+05:30,RELIANCE.NS,1411.5524616660985,1420.6352601794422,1373.9308915121778,1410.3116455078125,17464890
2024-06-06 00:00:00+05:30,RELIANCE.NS,1424.4569533735907,1433.0929853880773,1410.9072166555904,1421.0819091796875,17855722
2024-06-07 00:00:00+05:30,RELIANCE.NS,1418.004611799037,1461.1850112482903,1416.0193060772324,1459.1500244140625,18558696
2024-06-10 00:00:00+05:30,RELIANCE.NS,1459.150058153404,1482.3781598703026,1457.2888339961758,1460.5894775390625,9251760
2024-06-11 00:00:00+05:30,RELIANCE.NS,1458.20717740815,1462.847878399236,1443.9874724286744,1445.9727783203125,11774902
2024-06-12 00:00:00+05:30,RELIANCE.NS,1446.7915758989445,1465.155654220818,1444.4837064170613,1452.57373046875,10081742
2024-06-13 00:00:00+05:30,RELIANCE.NS,1461.1851486521073,1461.433311890669,1449.3725542618724,1454.4847412109375,9181160
2024-06-14 00:00:00+05:30,RELIANCE.NS,1459.199879544848,1468.8038455887872,1446.518713499826,1466.6944580078125,8157998
2024-06-18 00:00:00+05:30,RELIANCE.NS,1476.4224025999808,1476.4720837189377,1460.5399547367645,1470.1439208984375,7196766
2024-06-19 00:00:00+05:30,RELIANCE.NS,1476.571240472528,1476.571240472528,1445.3026730272272,1447.9332275390625,8725874
2024-06-20 00:00:00+05:30,RELIANCE.NS,1448.2806091505108,1471.9553570393568,1439.4459739347105,1462.87255859375,16113776
2024-06-21 00:00:00+05:30,RELIANCE.NS,1462.7982011333013,1463.8652545834836,1429.9909727182371,1443.515869140625,31170360
2024-06-24 00:00:00+05:30,RELIANCE.NS,1434.9045699529108,1438.8503408924523,1426.9385064042085,1430.88427734375,8878386
2024-06-25 00:00:00+05:30,RELIANCE.NS,1432.3982039886682,1445.2282918111714,1430.4128980926341,1443.46630859375,7045386
2024-06-26 00:00:00+05:30,RELIANCE.NS,1435.425808927042,1507.8149506909176,1434.5075565031482,1502.9013671875,22014882
2024-06-27 00:00:00+05:30,RELIANCE.NS,1502.6284353235128,1526.2039433921725,1494.935374795845,1519.3050537109375,28383030
2024-06-28 00:00:00+05:30,RELIANCE.NS,1519.7764812043604,1569.3842873036351,1519.7764812043604,1553.89892578125,28957336
2024-07-01 00:00:00+05:30,RELIANCE.NS,1551.0450507194453,1567.7960689891884,1544.2454023527885,1548.6875,7724306
2024-07-02 00:00:00+05:30,RELIANCE.NS,1557.968712393485,1561.939323957406,1545.5605512562322,1553.675537109375,7749246
2024-07-03 00:00:00+05:30,RELIANCE.NS,1554.8170660210362,1563.4283787351976,1531.440162014497,1541.019287109375,9049620
2024-07-04 00:00:00+05:30,RELIANCE.NS,1545.5606622734106,1555.983518377374,1539.4062623766438,1542.6075439453125,6837176
2024-07-05 00:00:00+05:30,RELIANCE.NS,1542.4088769403465,1586.755694667964,1536.6267221432645,1576.9532470703125,12269710
2024-07-08 00:00:00+05:30,RELIANCE.NS,1577.325467706802,1596.9800437158895,1570.8980643748457,1589.1380615234375,9500806
2024-07-09 00:00:00+05:30,RELIANCE.NS,1585.8623208770043,1588.7410386525216,1568.887979750272,1578.5911865234375,6960002
2024-07-10 00:00:00+05:30,RELIANCE.NS,1583.2814308954767,1585.7630632323035,1551.6654591589945,1572.5855712890625,7134578
2024-07-11 00:00:00+05:30,RELIANCE.NS,1575.8365135146928,1592.4634499565013,1558.9614138424095,1569.036865234375,11940946
2024-07-12 00:00:00+05:30,RELIANCE.NS,1572.8586162043875,1593.3569240772113,1562.9320865975437,1584.9937744140625,12924784
2024-07-15 00:00:00+05:30,RELIANCE.NS,1592.6620057625546,1594.0517441522056,1573.8512804915936,1585.4901123046875,5329688
2024-07-16 00:00:00+05:30,RELIANCE.NS,1581.792452589091,1588.24469666931,1557.5965372882695,1564.669189453125,9386838
2024-07-18 00:00:00+05:30,RELIANCE.NS,1564.4210812674708,1582.1895936713806,1546.3795650620239,1575.0177001953125,12298374
2024-07-19 00:00:00+05:30,RELIANCE.NS,1574.3475621142547,1578.293333314245,1541.3915329908289,1543.7242431640625,13140390
2024-07-22 00:00:00+05:30,RELIANCE.NS,1525.9557698439748,1526.203933085127,1488.2597977476694,1489.6495361328125,19674376
2024-07-23 00:00:00+05:30,RELIANCE.NS,1489.9719903646578,1494.6870915999891,1452.2511804820083,1476.96826171875,18052044
2024-07-24 00:00:00+05:30,RELIANCE.NS,1474.0895996286229,1498.4095963901725,1465.552808673545,1484.7109375,11913362
2024-07-25 00:00:00+05:30,RELIANCE.NS,1470.1190347480779,1489.4509269223795,1466.2228234080762,1481.435302734375,12519876
2024-07-26 00:00:00+05:30,RELIANCE.NS,1481.4352554076795,1501.3131545447015,1479.4002684339398,1497.9381103515625,9859940
2024-07-29 00:00:00+05:30,RELIANCE.NS,1500.8414953005092,1516.2772962786503,1500.6678537480493,1508.931640625,7538550
2024-07-30 00:00:00+05:30,RELIANCE.NS,1505.8793670988641,1513.7957501477324,1498.9059558839842,1502.0328369140625,8228208
2024-07-31 00:00:00+05:30,RELIANCE.NS,1492.9499231376883,1499.3524857083617,1490.1208866802617,1494.364501953125,10057346
2024-08-01 00:00:00+05:30,RELIANCE.NS,1500.8913109431162,1506.8472288436842,1493.2479314401046,1504.1671142578125,10764222
2024-08-02 00:00:00+05:30,RELIANCE.NS,1493.9426800961044,1498.2358556077295,1482.303848567256,1488.309326171875,10268248
2024-08-05 00:00:00+05:30,RELIANCE.NS,1469.126390399314,1472.997761203301,1422.7198642160924,1436.69140625,17046704
2024-08-06 00:00:00+05:30,RELIANCE.NS,1444.4588830824964,1466.6446510309138,1440.6619130584993,1445.352294921875,10236186
2024-08-07 00:00:00+05:30,RELIANCE.NS,1458.2071184913539,1461.6814036613468,1450.7622216985117,1454.062744140625,8174568
2024-08-08 00:00:00+05:30,RELIANCE.NS,1446.8164580997684,1454.2365143735713,1435.3017085687702,1438.4781494140625,12387192
2024-08-09 00:00:00+05:30,RELIANCE.NS,1449.2732763644294,1465.6520496932055,1445.3026646483625,1463.46826171875,6249776
2024-08-12 00:00:00+05:30,RELIANCE.NS,1459.199797918004,1462.1777566892652,1447.0397996020206,1449.8936767578125,8184584
2024-08-13 00:00:00+05:30,RELIANCE.NS,1450.0178268110735,1459.2742672925806,1447.28803114191,1452.8717041015625,6265064
2024-08-14 00:00:00+05:30,RELIANCE.NS,1452.7972017764512,1461.1850703208015,1443.0194737625147,1451.109619140625,6267466
2024-08-16 00:00:00+05:30,RELIANCE.NS,1457.8598362701878,1469.5235088888628,1447.3377388233519,1467.339599609375,9416902
2024-08-19 00:00:00+05:30,RELIANCE.NS,1476.6025720306277,1492.3397678065596,1474.6105280885965,1482.4791259765625,13797742
2024-08-20 00:00:00+05:30,RELIANCE.NS,1491.268975771349,1497.9423959482733,1484.0976661921165,1489.9990234375,8411808
2024-08-21 00:00:00+05:30,RELIANCE.NS,1487.30978907883,1501.8766102174725,1484.072717714687,1492.7132568359375,7769996
2024-08-22 00:00:00+05:30,RELIANCE.NS,1497.0210123494212,1500.5070892244864,1484.720165407205,1492.1654052734375,10445782
2024-08-23 00:00:00+05:30,RELIANCE.NS,1497.768063961028,1505.3128818837536,1492.4642955105633,1494.008056640625,9249654
2024-08-26 00:00:00+05:30,RELIANCE.NS,1500.9802618699923,1516.941539085057,1497.021098650585,1506.5828857421875,8816114
2024-08-27 00:00:00+05:30,RELIANCE.NS,1504.4912711730515,1507.4544123852302,1493.485179145279,1494.481201171875,6251156
2024-08-28 00:00:00+05:30,RELIANCE.NS,1499.0131426615155,1501.4782728482842,1487.0608784010915,1492.33984375,9610286
2024-08-29 00:00:00+05:30,RELIANCE.NS,1497.1205913811584,1530.885760314005,1488.0568158159556,1514.874755859375,38335358
2024-08-30 00:00:00+05:30,RELIANCE.NS,1527.89778785993,1533.599989641746,1497.3447635789732,1503.6197509765625,41620730
2024-09-02 00:00:00+05:30,RELIANCE.NS,1504.8647654458696,1520.7264647058682,1500.6316718721823,1510.2183837890625,11240852
2024-09-03 00:00:00+05:30,RELIANCE.NS,1515.1984708784905,1516.941509382377,1501.5031683479538,1503.1217041015625,10923800
2024-09-04 00:00:00+05:30,RELIANCE.NS,1494.7301447200666,1511.4633627071519,1493.534966971581,1508.525146484375,11983304
2024-09-05 00:00:00+05:30,RELIANCE.NS,1513.0072347057646,1519.7054581926027,1481.1345314015284,1487.035888671875,16264168
2024-09-06 00:00:00+05:30,RELIANCE.NS,1486.5627588054047,1491.0448575756723,1455.8105811316245,1458.997802734375,19394228
2024-09-09 00:00:00+05:30,RELIANCE.NS,1460.666261949736,1464.07768593117,1449.809597840599,1456.63232421875,9010298
2024-09-10 00:00:00+05:30,RELIANCE.NS,1454.6901127162012,1466.1942153054945,1451.7766997689328,1455.7110595703125,10768260
2024-09-11 00:00:00+05:30,RELIANCE.NS,1457.2300550346945,1462.9073318760024,1441.7917138302157,1445.7259521484375,9760202
2024-09-12 00:00:00+05:30,RELIANCE.NS,1451.2039809867947,1480.088617533546,1440.1232367942907,1473.913330078125,22349376
2024-09-13 00:00:00+05:30,RELIANCE.NS,1470.5268529366479,1477.2500011980833,1463.6542770635715,1466.766845703125,8711328
2024-09-16 00:00:00+05:30,RELIANCE.NS,1471.6723576050656,1475.0090069946318,1458.9232273463058,1465.4969482421875,5481774
2024-09-17 00:00:00+05:30,RELIANCE.NS,1468.1364260685732,1471.5975781970765,1460.790763828237,1466.4432373046875,5935328
2024-09-18 00:00:00+05:30,RELIANCE.NS,1464.1522884024148,1476.10455198121,1454.7399294679985,1457.6282958984375,8574714
2024-09-19 00:00:00+05:30,RELIANCE.NS,1460.4171894563083,1470.6264144806405,1449.7598031867433,1463.82861328125,16955902
2024-09-20 00:00:00+05:30,RELIANCE.NS,1468.136427109257,1489.0528890965668,1465.5218693608433,1480.0140380859375,30897320
2024-09-23 00:00:00+05:30,RELIANCE.NS,1485.0687739665293,1495.5270047691104,1483.026880271187,1487.434326171875,8832314
2024-09-24 00:00:00+05:30,RELIANCE.NS,1482.5786761041754,1494.530939532627,1481.9561623839436,1483.4501953125,17137444
2024-09-25 00:00:00+05:30,RELIANCE.NS,1477.9970102640052,1490.5468626388433,1474.3116560624171,1488.0069580078125,7069002
2024-09-26 00:00:00+05:30,RELIANCE.NS,1484.7202013028073,1498.017070530802,1482.1305684499498,1491.9910888671875,18818998
2024-09-27 00:00:00+05:30,RELIANCE.NS,1493.0369361114394,1527.3747692811157,1486.0647823070499,1520.1038818359375,20597478
2024-09-30 00:00:00+05:30,RELIANCE.NS,1513.3558880158446,1518.9086621673466,1468.5348969230117,1470.701171875,27008814
2024-10-01 00:00:00+05:30,RELIANCE.NS,1474.7599230273088,1482.0308103038055,1457.0057588364782,1458.997802734375,16431642
2024-10-03 00:00:00+05:30,RELIANCE.NS,1430.8602791168494,1443.634334423912,1396.4975195620746,1401.3780517578125,37757294
2024-10-04 00:00:00+05:30,RELIANCE.NS,1398.34020617394,1411.711728297617,1376.2782950115372,1381.0093994140625,37072876
2024-10-07 00:00:00+05:30,RELIANCE.NS,1387.9566419173104,1390.9447078848398,1355.9594355150189,1365.272216796875,22181340
2024-10-08 00:00:00+05:30,RELIANCE.NS,1367.513224520688,1395.4267642320656,1359.669551595401,1391.791259765625,17020808
2024-10-09 00:00:00+05:30,RELIANCE.NS,1391.9656892391695,1395.4019165531051,1367.0402140253339,1369.1318359375,14310610
2024-10-10 00:00:00+05:30,RELIANCE.NS,1374.5352199766685,1380.4864268287754,1363.9774115920343,1365.595947265625,22358646
2024-10-11 00:00:00+05:30,RELIANCE.NS,1364.5501018082973,1377.7723178051706,1363.3797273571677,1366.6417236328125,7980122
2024-10-14 00:00:00+05:30,RELIANCE.NS,1373.962442591221,1374.5849563155427,1362.8070452852592,1367.0650634765625,12221432
2024-10-15 00:00:00+05:30,RELIANCE.NS,1353.1207855156183,1366.243302159234,1335.3666207605413,1338.678466796875,33762794
2024-10-16 00:00:00+05:30,RELIANCE.NS,1334.6695151768993,1358.5740438069333,1332.3039628645522,1348.6884765625,20034438
2024-10-17 00:00:00+05:30,RELIANCE.NS,1360.2671814831224,1363.0062419523483,1346.6715786036464,1351.0291748046875,15543660
2024-10-18 00:00:00+05:30,RELIANCE.NS,1346.796043723323,1362.9814005892638,1335.9891081789099,1353.8927001953125,12082452
2024-10-21 00:00:00+05:30,RELIANCE.NS,1361.686598848784,1368.5342502099143,1352.3239675798945,1363.7532958984375,14067408
2024-10-22 00:00:00+05:30,RELIANCE.NS,1363.7532474009167,1370.5262455038624,1334.8935348257999,1338.006103515625,15831960
2024-10-23 00:00:00+05:30,RELIANCE.NS,1332.1793705575924,1352.0748848775756,1329.689315659354,1333.2003173828125,17214742
2024-10-24 00:00:00+05:30,RELIANCE.NS,1329.9633130042932,1338.3547254831988,1317.8616212723593,1334.4703369140625,22155934
2024-10-25 00:00:00+05:30,RELIANCE.NS,1338.1555171764887,1339.002111534351,1316.7410448137834,1322.5677490234375,18597496
2024-10-28 00:00:00+05:30,RELIANCE.NS,1331.6813526124565,1347.6177038778262,1316.8406011796387,1329.0418701171875,10824350
2024-10-29 00:00:00+05:30,RELIANCE.NS,1322.8167478889227,1337.856655249044,1315.0478495098762,1334.66943359375,12008361
2024-10-30 00:00:00+05:30,RELIANCE.NS,1329.6893351932274,1344.62966480214,1320.0776988278842,1338.553955078125,11984423
2024-10-31 00:00:00+05:30,RELIANCE.NS,1334.6694245700712,1337.6574904459744,1320.8745447599274,1326.7510986328125,9331650
2024-11-01 00:00:00+05:30,RELIANCE.NS,1327.7471304089104,1336.6116286385318,1327.6972806767253,1333.3248291015625,2127335
2024-11-04 00:00:00+05:30,RELIANCE.NS,1332.5280301195805,1334.6695017714562,1279.9878687625326,1296.9700927734375,19796890
2024-11-05 00:00:00+05:30,RELIANCE.NS,1287.8564249120313,1304.3406373759979,1281.0336986406933,1300.1075439453125,16267479
2024-11-06 00:00:00+05:30,RELIANCE.NS,1304.7888451117578,1323.0160966964434,1295.0277806900112,1320.0777587890625,21625209
2024-11-07 00:00:00+05:30,RELIANCE.NS,1318.7331565363688,1318.7331565363688,1297.4182609581876,1300.4561767578125,9611974
2024-11-08 00:00:00+05:30,RELIANCE.NS,1292.4879180085577,1296.4720058402277,1269.9279963447846,1278.6431884765625,19814406
2024-11-11 00:00:00+05:30,RELIANCE.NS,1273.8622221377802,1280.884225507143,1261.9598084895413,1267.6370849609375,9056552
2024-11-12 00:00:00+05:30,RELIANCE.NS,1270.4759075040322,1284.1712099692156,1262.4578817905294,1269.1810302734375,10671091
2024-11-13 00:00:00+05:30,RELIANCE.NS,1265.196886863478,1270.3761523895544,1244.5294313213271,1247.0693359375,14633633
2024-11-14 00:00:00+05:30,RELIANCE.NS,1248.613186761178,1267.537605244334,1246.1231316976048,1262.5574951171875,12612633
2024-11-18 00:00:00+05:30,RELIANCE.NS,1262.55746761959,1267.8364328732807,1238.951794764919,1255.7347412109375,13620611
2024-11-19 00:00:00+05:30,RELIANCE.NS,1255.734688515481,1276.4021442257297,1230.236550606767,1236.710693359375,14183746
2024-11-21 00:00:00+05:30,RELIANCE.NS,1236.7107220331202,1239.0014996478671,1212.407761281373,1218.1348876953125,19433843
2024-11-22 00:00:00+05:30,RELIANCE.NS,1224.509420421979,1263.8024380613526,1217.586994857739,1260.3662109375,20471957
2024-11-25 00:00:00+05:30,RELIANCE.NS,1284.868314871977,1299.260783408558,1277.3483005192684,1281.8802490234375,28923341
2024-11-26 00:00:00+05:30,RELIANCE.NS,1289.7986377983043,1292.687125909721,1279.0914013187908,1290.545654296875,9247557
2024-11-27 00:00:00+05:30,RELIANCE.NS,1288.3543972122054,1298.6632001168684,1280.8842325588682,1288.0555419921875,9572746
2024-11-28 00:00:00+05:30,RELIANCE.NS,1284.818474176107,1291.442044503892,1264.0017125526565,1265.7447509765625,15027412
2024-11-29 00:00:00+05:30,RELIANCE.NS,1274.9081506356404,1294.3305794929802,1270.177046170391,1287.0595703125,13202307
2024-12-02 00:00:00+05:30,RELIANCE.NS,1282.876370557777,1306.133460567327,1271.9699779978703,1303.9422607421875,11024152
2024-12-03 00:00:00+05:30,RELIANCE.NS,1311.7609017834461,1321.5219654799555,1301.8006823317874,1318.035888671875,16869482
2024-12-04 00:00:00+05:30,RELIANCE.NS,1320.7251432865569,1323.1156203515295,1298.8625094957517,1303.742919921875,19608540
2024-12-05 00:00:00+05:30,RELIANCE.NS,1309.1214514378748,1324.6593698468237,1300.9541199209712,1316.7908935546875,16858723
2024-12-06 00:00:00+05:30,RELIANCE.NS,1318.6334884089777,1318.6334884089777,1304.7887589399247,1306.3326416015625,9037514
2024-12-09 00:00:00+05:30,RELIANCE.NS,1297.8166732313093,1309.7689372979064,1287.9560310594236,1289.9979248046875,14650002
2024-12-10 00:00:00+05:30,RELIANCE.NS,1284.121290398709,1289.7488386952925,1275.107243177966,1279.73876953125,16043729
2024-12-11 00:00:00+05:30,RELIANCE.NS,1279.8882324099652,1284.8683422637005,1270.9738844056644,1273.115234375,11724373
2024-12-12 00:00:00+05:30,RELIANCE.NS,1264.9479526569407,1273.1152845047754,1255.5853214463157,1257.876220703125,20906813
2024-12-13 00:00:00+05:30,RELIANCE.NS,1254.9877622795104,1270.1272485556606,1234.6688884780408,1267.78662109375,28630222
2024-12-16 00:00:00+05:30,RELIANCE.NS,1269.9280595585296,1275.904191603511,1261.511722229068,1263.2547607421875,9486781
2024-12-17 00:00:00+05:30,RELIANCE.NS,1256.033537225462,1258.8721754853295,1237.8561365143116,1240.34619140625,17462791
2024-12-18 00:00:00+05:30,RELIANCE.NS,1235.714673937889,1254.9378248920182,1235.714673937889,1248.2645263671875,12670179
2024-12-19 00:00:00+05:30,RELIANCE.NS,1234.0712121990753,1239.947766097918,1224.1109925687356,1225.55517578125,14244653
2024-12-20 00:00:00+05:30,RELIANCE.NS,1219.1309339507777,1234.5692750261348,1196.7204388413884,1200.50537109375,20312896
2024-12-23 00:00:00+05:30,RELIANCE.NS,1210.1667348774333,1222.3181546925216,1208.3738466363206,1217.437744140625,10052824
2024-12-24 00:00:00+05:30,RELIANCE.NS,1217.4377030050357,1228.6429501715868,1216.1428258096823,1217.8858642578125,6734917
2024-12-26 00:00:00+05:30,RELIANCE.NS,1219.3798917928577,1222.8161189414398,1209.4196721335327,1211.7105712890625,10016178
2024-12-27 00:00:00+05:30,RELIANCE.NS,1213.4536884394554,1223.0154756156849,1212.1588111658666,1216.1927490234375,7000397
2024-12-30 00:00:00+05:30,RELIANCE.NS,1211.5611874241417,1218.3340640862093,1203.294156174512,1205.8837890625,8818766
2024-12-31 00:00:00+05:30,RELIANCE.NS,1203.1945530395503,1214.2503727116298,1201.3519366916562,1210.6148681640625,6405475
2025-01-01 00:00:00+05:30,RELIANCE.NS,1210.0172807004092,1221.4218053468785,1206.7802092584152,1216.391845703125,5892590
2025-01-02 00:00:00+05:30,RELIANCE.NS,1216.3918076943417,1239.4994683243335,1215.1467802555553,1236.860107421875,15486276
2025-01-03 00:00:00+05:30,RELIANCE.NS,1238.9518139936486,1257.0296379589822,1230.5852047154665,1246.1729736328125,15521102
2025-01-06 00:00:00+05:30,RELIANCE.NS,1248.961727102304,1256.9797527645217,1210.1667191829588,1213.15478515625,14816766
2025-01-07 00:00:00+05:30,RELIANCE.NS,1217.1388288273843,1239.5493228115217,1216.3918123612464,1235.913818359375,10070505
2025-01-08 00:00:00+05:30,RELIANCE.NS,1244.0314575822304,1265.9937909556584,1240.395953024955,1260.4658203125,19346579
2025-01-09 00:00:00+05:30,RELIANCE.NS,1261.9598138402198,1264.6988742096441,1243.0852464738894,1249.758544921875,12794704
2025-01-10 00:00:00+05:30,RELIANCE.NS,1248.8621307808614,1251.750618829338,1231.0831628192257,1236.959716796875,8120332
2025-01-13 00:00:00+05:30,RELIANCE.NS,1225.1070543419412,1240.2963897717905,1221.5213994754447,1234.9178466796875,13764861
2025-01-14 00:00:00+05:30,RELIANCE.NS,1239.1509590647415,1248.3641626627486,1222.3680125031533,1233.822265625,13095266
2025-01-15 00:00:00+05:30,RELIANCE.NS,1239.9974688456068,1251.9995818882041,1236.90982514039,1247.2186279296875,9578856
2025-01-16 00:00:00+05:30,RELIANCE.NS,1253.8920943102864,1269.9280238633037,1246.3223515830243,1261.4119873046875,14117603
2025-01-17 00:00:00+05:30,RELIANCE.NS,1316.9900509904955,1320.7251333812799,1279.888232575373,1297.169189453125,29366277
2025-01-20 00:00:00+05:30,RELIANCE.NS,1310.764916385877,1310.764916385877,1295.0775703121099,1300.2568359375,14040244
2025-01-21 00:00:00+05:30,RELIANCE.NS,1305.2868371165837,1307.776892128252,1265.1471016946018,1268.6331787109375,14562976
2025-01-22 00:00:00+05:30,RELIANCE.NS,1273.2149526536994,1277.7966294698952,1263.6530443254642,1272.0196533203125,10273590
2025-01-23 00:00:00+05:30,RELIANCE.NS,1264.9478840486133,1272.2686211078578,1256.581275301743,1258.6231689453125,8720682
2025-01-24 00:00:00+05:30,RELIANCE.NS,1260.9638702056575,1267.9360243063209,1238.5533748820974,1241.34228515625,14235970
2025-01-27 00:00:00+05:30,RELIANCE.NS,1234.1708090151494,1235.515414368934,1215.1468135462453,1224.4595947265625,9536019
2025-01-28 00:00:00+05:30,RELIANCE.NS,1233.0752790316255,1239.7984277662488,1213.6528493538253,1229.4896240234375,10568025
2025-01-29 00:00:00+05:30,RELIANCE.NS,1231.0832160878692,1237.8063647194172,1223.1648896668228,1230.585205078125,5928156
2025-01-30 00:00:00+05:30,RELIANCE.NS,1230.635044492625,1251.9996679975989,1227.497550840604,1248.0654296875,9269259
2025-01-31 00:00:00+05:30,RELIANCE.NS,1250.8541794958078,1261.9598488917904,1244.0314532484974,1260.0673828125,6584612
2025-02-01 00:00:00+05:30,RELIANCE.NS,1260.0673469134033,1265.495739501575,1236.0632421918099,1259.5693359375,7118453
2025-02-03 00:00:00+05:30,RELIANCE.NS,1246.0235355947286,1251.003645649064,1232.6270881824535,1240.94384765625,9252345
2025-02-04 00:00:00+05:30,RELIANCE.NS,1243.0852829885687,1283.6731787459128,1241.6409781641657,1280.08740234375,16691069
2025-02-05 00:00:00+05:30,RELIANCE.NS,1277.5476050956522,1285.366353249074,1271.6212014188793,1273.115234375,10112028
2025-02-06 00:00:00+05:30,RELIANCE.NS,1268.6331564996678,1282.8763195509282,1265.2965071593937,1276.4520263671875,9956001
2025-02-07 00:00:00+05:30,RELIANCE.NS,1271.073491533156,1278.5933846345008,1256.979756005846,1261.6610107421875,8764283
2025-02-10 00:00:00+05:30,RELIANCE.NS,1259.469777897567,1261.461821832557,1240.5952102474196,1248.6629638671875,6970972
2025-02-11 00:00:00+05:30,RELIANCE.NS,1259.5196705337273,1259.5196705337273,1225.2066396338644,1229.937744140625,8859714
2025-02-12 00:00:00+05:30,RELIANCE.NS,1214.5989377224967,1222.0193743195214,1188.6027887286011,1211.7105712890625,21131654
2025-02-13 00:00:00+05:30,RELIANCE.NS,1212.2086229517822,1223.1150152108587,1207.1786632211406,1211.2623291015625,8511216
2025-02-14 00:00:00+05:30,RELIANCE.NS,1214.1507532507958,1219.1308629852126,1200.6546072366423,1212.40771484375,10298145
2025-02-17 00:00:00+05:30,RELIANCE.NS,1206.2821918357026,1222.6169765728448,1199.7084711054922,1220.02734375,8166683
2025-02-18 00:00:00+05:30,RELIANCE.NS,1219.9775298877432,1225.0074896525716,1211.2623373341316,1220.525390625,6673250
2025-02-19 00:00:00+05:30,RELIANCE.NS,1214.6488125132394,1227.8461038341088,1212.706618273488,1222.567138671875,6217338
2025-02-20 00:00:00+05:30,RELIANCE.NS,1219.0810452834291,1234.4198079853766,1217.1388510698625,1228.0950927734375,7795582
2025-02-21 00:00:00+05:30,RELIANCE.NS,1223.8121434284387,1235.0672403005465,1217.2882724889691,1223.264404296875,6904025
2025-02-24 00:00:00+05:30,RELIANCE.NS,1211.7105497558396,1218.3838481751116,1205.68456833515,1209.718505859375,7172498
2025-02-25 00:00:00+05:30,RELIANCE.NS,1206.1826029932777,1216.1428226711741,1196.7203942992758,1199.21044921875,11552182
2025-02-27 00:00:00+05:30,RELIANCE.NS,1207.975493883109,1210.166693583284,1195.8738026303336,1202.298095703125,11509215
2025-02-28 00:00:00+05:30,RELIANCE.NS,1197.218393771922,1212.5073065135477,1188.5530513693543,1195.325927734375,23007298
2025-03-03 00:00:00+05:30,RELIANCE.NS,1199.2104168056296,1201.6506219268736,1151.4013636439433,1166.5906982421875,17944938
2025-03-04 00:00:00+05:30,RELIANCE.NS,1157.576687742468,1169.3297956512124,1154.9373267832577,1157.2779541015625,11377373
2025-03-05 00:00:00+05:30,RELIANCE.NS,1156.3815647449799,1178.2940491759787,1152.3974766666165,1170.9234619140625,8664095
2025-03-06 00:00:00+05:30,RELIANCE.NS,1192.2383549047067,1209.1208794668382,1180.4355183146993,1204.7882080078125,14468014
2025-03-07 00:00:00+05:30,RELIANCE.NS,1211.1627762331514,1249.8084792402678,1207.178688153437,1244.828369140625,16474965
2025-03-10 00:00:00+05:30,RELIANCE.NS,1240.0473535020744,1252.9956391209716,1230.4855669004469,1233.4736328125,11931051
2025-03-11 00:00:00+05:30,RELIANCE.NS,1235.0672477916657,1244.5294565449083,1224.858022557904,1242.3382568359375,10089838
2025-03-12 00:00:00+05:30,RELIANCE.NS,1252.995610693361,1257.9757204337955,1239.0513034201438,1252.0494384765625,11977555
2025-03-13 00:00:00+05:30,RELIANCE.NS,1255.0376050433522,1259.1212710412995,1238.901975238559,1242.9359130859375,9505270
2025-03-17 00:00:00+05:30,RELIANCE.NS,1237.208673957254,1252.3980085038181,1228.1946267891797,1233.9217529296875,16640917
2025-03-18 00:00:00+05:30,RELIANCE.NS,1233.9217529296875,1233.9217529296875,1233.9217529296875,1233.9217529296875,0
2025-03-19 00:00:00+05:30,RELIANCE.NS,1236.113132982547,1248.2645525643281,1233.8720835165427,1242.1888427734375,16162399
2025-03-20 00:00:00+05:30,RELIANCE.NS,1246.8700894970418,1267.9359786597456,1245.0773228865291,1264.101318359375,15971477
2025-03-21 00:00:00+05:30,RELIANCE.NS,1269.927977701306,1275.9041093610767,1265.0474458622177,1271.2725830078125,21780769
2025-03-24 00:00:00+05:30,RELIANCE.NS,1285.86434660882,1300.8046759652354,1279.141198398433,1296.920166015625,20299319
2025-03-25 00:00:00+05:30,RELIANCE.NS,1302.497915186312,1302.497915186312,1277.4977874103538,1280.33642578125,13713899
2025-03-26 00:00:00+05:30,RELIANCE.NS,1285.8643858858131,1288.6532960847499,1263.7028966635362,1267.98583984375,12074747
2025-03-27 00:00:00+05:30,RELIANCE.NS,1273.0655062272906,1279.8882324099652,1266.242780044616,1273.115234375,15028056
2025-03-28 00:00:00+05:30,RELIANCE.NS,1274.9081198538831,1290.5954658598978,1263.9518781988888,1270.027587890625,18147129
2025-04-01 00:00:00+05:30,RELIANCE.NS,1259.5693287834792,1272.8164693011493,1244.330265958221,1247.6170654296875,12099648
2025-04-02 00:00:00+05:30,RELIANCE.NS,1242.5873186806543,1250.5554948342144,1238.9518139936486,1246.1729736328125,10142590
2025-04-03 00:00:00+05:30,RELIANCE.NS,1228.145018441354,1246.8204315907722,1228.145018441354,1243.732666015625,7434366
2025-04-04 00:00:00+05:30,RELIANCE.NS,1236.1628160172713,1240.4954871764826,1188.4036122186155,1199.9075927734375,17908652
2025-04-07 00:00:00+05:30,RELIANCE.NS,1127.6960086529814,1166.590714623955,1110.415052053189,1161.062744140625,22156106
2025-04-08 00:00:00+05:30,RELIANCE.NS,1167.3378163352843,1191.8399338970503,1158.6724733291408,1177.4971923828125,19555040
2025-04-09 00:00:00+05:30,RELIANCE.NS,1164.8477193030515,1185.0670143686195,1163.3536863154889,1180.6346435546875,10223104
2025-04-11 00:00:00+05:30,RELIANCE.NS,1190.3957018139643,1217.786306450343,1190.3957018139643,1214.1009521484375,11224242
2025-04-15 00:00:00+05:30,RELIANCE.NS,1246.0235343416643,1246.0235343416643,1232.1788040875913,1235.1668701171875,13378535
2025-04-16 00:00:00+05:30,RELIANCE.NS,1229.1907298200806,1235.9637280756608,1224.1110419207541,1234.3701171875,8248464
2025-04-17 00:00:00+05:30,RELIANCE.NS,1235.266450081142,1275.1073305428426,1222.7165970526498,1269.4300537109375,15398401
2025-04-21 00:00:00+05:30,RELIANCE.NS,1264.947875835223,1295.7249783909904,1261.9598099867933,1290.346435546875,10429964
2025-04-22 00:00:00+05:30,RELIANCE.NS,1294.8286411452223,1298.713151385602,1281.1831879455033,1286.0635986328125,13051707
2025-04-23 00:00:00+05:30,RELIANCE.NS,1291.840547250601,1300.8047453425481,1280.286716249035,1294.82861328125,10480888
2025-04-24 00:00:00+05:30,RELIANCE.NS,1287.2588872304611,1299.3107293954529,1285.1672652984741,1296.4222412109375,10468940
2025-04-25 00:00:00+05:30,RELIANCE.NS,1298.3146947064158,1319.928323767296,1282.9759313802824,1295.22705078125,14431012
2025-04-28 00:00:00+05:30,RELIANCE.NS,1334.669497851195,1369.1318351951852,1314.9482133535364,1363.35498046875,31104496
2025-04-29 00:00:00+05:30,RELIANCE.NS,1365.5461749701867,1405.2874774645995,1364.5501529607263,1394.1319580078125,32538970
2025-04-30 00:00:00+05:30,RELIANCE.NS,1396.4228227174156,1406.7814756764847,1363.5540972183608,1399.410888671875,25480745
2025-05-02 00:00:00+05:30,RELIANCE.NS,1408.3751233126775,1421.024554216323,1403.4945911426703,1414.152099609375,13007841
2025-05-05 00:00:00+05:30,RELIANCE.NS,1425.3074680112338,1433.773654928142,1421.2238021682567,1425.6063232421875,12685649
2025-05-06 00:00:00+05:30,RELIANCE.NS,1425.3074785225756,1426.3035005201455,1404.9886054552057,1415.2476806640625,14084117
2025-05-07 00:00:00+05:30,RELIANCE.NS,1415.2476117092147,1418.733688530858,1397.1199392858432,1400.4068603515625,13440169
2025-05-08 00:00:00+05:30,RELIANCE.NS,1398.51446598441,1415.1481063364454,1392.438756100913,1401.4029541015625,16106175
2025-05-09 00:00:00+05:30,RELIANCE.NS,1379.9884666950659,1389.251519832932,1369.032224808638,1371.721435546875,13668904
2025-05-12 00:00:00+05:30,RELIANCE.NS,1394.430721507353,1433.275577320772,1394.430721507353,1430.7855224609375,10674081
2025-05-13 00:00:00+05:30,RELIANCE.NS,1427.7974767909468,1441.9409399606418,1406.7814377941193,1410.0682373046875,11407896
2025-05-14 00:00:00+05:30,RELIANCE.NS,1414.3512435205853,1424.2118856620737,1409.8691445094285,1418.7337646484375,5570160
2025-05-15 00:00:00+05:30,RELIANCE.NS,1419.3313670179805,1455.5865925696291,1407.0802476372012,1448.4151611328125,20177211
2025-05-16 00:00:00+05:30,RELIANCE.NS,1447.4191020051853,1455.1881221330052,1441.542669553187,1450.6064453125,9036695
2025-05-19 00:00:00+05:30,RELIANCE.NS,1446.3234565863577,1448.81351147394,1432.4787270944578,1435.0684814453125,6195791
2025-05-20 00:00:00+05:30,RELIANCE.NS,1432.4787356808251,1439.2517336495314,1416.1440727881434,1418.932861328125,11270560
2025-05-21 00:00:00+05:30,RELIANCE.NS,1418.235682967954,1430.486680037078,1412.458707007589,1423.5145263671875,6136364
2025-05-22 00:00:00+05:30,RELIANCE.NS,1415.5464438973825,1418.1361984129633,1391.3431818014155,1403.79345703125,12134466
2025-05-23 00:00:00+05:30,RELIANCE.NS,1401.0045498118507,1428.0964217220903,1401.0045498118507,1421.124267578125,6474883
2025-05-26 00:00:00+05:30,RELIANCE.NS,1426.3034970063507,1435.2676949623963,1419.430920923106,1429.0924072265625,4842944
2025-05-27 00:00:00+05:30,RELIANCE.NS,1420.4269591196573,1431.2836233071982,1408.275539274527,1416.44287109375,12640414
2025-05-28 00:00:00+05:30,RELIANCE.NS,1414.4508509493858,1416.9409060075968,1405.0882196135674,1407.279541015625,5944611
2025-05-29 00:00:00+05:30,RELIANCE.NS,1406.4826358531975,1414.3512339364067,1402.996558868143,1412.1600341796875,13771917
2025-05-30 00:00:00+05:30,RELIANCE.NS,1412.3591925541664,1424.9090454066043,1404.0921613404494,1415.2476806640625,13788484
2025-06-02 00:00:00+05:30,RELIANCE.NS,1406.4826830156508,1411.8612262898896,1390.0483195350275,1408.0762939453125,8098668
2025-06-03 00:00:00+05:30,RELIANCE.NS,1416.6421539546416,1420.8253977642241,1397.8173136420837,1399.908935546875,11252626
2025-06-04 00:00:00+05:30,RELIANCE.NS,1409.0722382665938,1420.0284799827916,1400.506473605418,1417.8372802734375,8126827
2025-06-05 00:00:00+05:30,RELIANCE.NS,1422.3193687346825,1448.913106617055,1417.9368477633755,1436.662109375,13716817
2025-06-06 00:00:00+05:30,RELIANCE.NS,1435.2676355449807,1445.7258660607492,1431.28354772945,1437.7576904296875,8182161
2025-06-09 00:00:00+05:30,RELIANCE.NS,1451.204075048637,1451.70208605586,1439.5506661134996,1443.0367431640625,7885125
2025-06-10 00:00:00+05:30,RELIANCE.NS,1444.2318404180787,1448.1163503747662,1430.2875329933524,1432.777587890625,7913181
2025-06-11 00:00:00+05:30,RELIANCE.NS,1440.0485867347081,1462.7578142878924,1437.3592545136698,1443.13623046875,8195700
2025-06-12 00:00:00+05:30,RELIANCE.NS,1447.7179200254843,1451.2039968882907,1428.6939248911115,1435.865234375,8828114
2025-06-13 00:00:00+05:30,RELIANCE.NS,1418.335338487147,1429.7895915718395,1408.6739736495979,1422.2198486328125,9757276
2025-06-16 00:00:00+05:30,RELIANCE.NS,1421.223780491138,1436.6621211041454,1418.7337255535563,1432.0804443359375,8458093
2025-06-17 00:00:00+05:30,RELIANCE.NS,1442.2398094911548,1442.2398094911548,1420.12817043809,1425.506591796875,10366599
2025-06-18 00:00:00+05:30,RELIANCE.NS,1424.3114328610282,1437.0605628519918,1420.028489708749,1424.4110107421875,6681735
2025-06-19 00:00:00+05:30,RELIANCE.NS,1424.4110453044384,1434.1721095891817,1420.0285241646616,1427.598388671875,10007230
2025-06-20 00:00:00+05:30,RELIANCE.NS,1425.3075053013417,1465.148385952672,1422.4190171371765,1460.367431640625,29010635
2025-06-23 00:00:00+05:30,RELIANCE.NS,1447.2199506188397,1457.9770367383994,1436.2637087352834,1451.0048828125,5989078
2025-06-24 00:00:00+05:30,RELIANCE.NS,1459.1721495093714,1469.1323689599471,1437.359244595668,1445.0286865234375,16402744
2025-06-25 00:00:00+05:30,RELIANCE.NS,1458.1762135192969,1466.5428226679085,1454.690136506102,1461.463134765625,7525851
2025-06-26 00:00:00+05:30,RELIANCE.NS,1463.2558362824063,1492.8377614283193,1459.2717484446844,1489.3516845703125,14657893
2025-06-27 00:00:00+05:30,RELIANCE.NS,1493.4353527246628,1515.9454247275912,1490.9452978220222,1509.3717041015625,11117052
2025-06-30 00:00:00+05:30,RELIANCE.NS,1507.7781788170053,1518.734421010171,1490.0489382705405,1494.630615234375,8409527
2025-07-01 00:00:00+05:30,RELIANCE.NS,1494.630607775488,1525.3081343971446,1494.132596769193,1522.320068359375,10368523
2025-07-02 00:00:00+05:30,RELIANCE.NS,1522.3200879079554,1523.9136988316197,1502.6983810571346,1512.75830078125,6361002
2025-07-03 00:00:00+05:30,RELIANCE.NS,1514.7502729656235,1525.8060926058627,1506.9812529023668,1511.76220703125,11283291
2025-07-04 00:00:00+05:30,RELIANCE.NS,1517.9375659885409,1523.913698138102,1511.1645675851503,1521.2244873046875,6603501
2025-07-07 00:00:00+05:30,RELIANCE.NS,1520.5271677380254,1538.65484117058,1518.933556847784,1535.367919921875,7251074
2025-07-08 00:00:00+05:30,RELIANCE.NS,1529.8897875590692,1538.7544076502807,1524.1128113419518,1531.4833984375,7171261
2025-07-09 00:00:00+05:30,RELIANCE.NS,1530.586937987722,1544.8301010282516,1504.0927774643353,1512.9573974609375,8870660
2025-07-10 00:00:00+05:30,RELIANCE.NS,1513.654605815878,1518.6347158851345,1501.5031858807802,1511.16455078125,10047129
2025-07-11 00:00:00+05:30,RELIANCE.NS,1505.9852937598653,1508.9733598189127,1484.3716645666439,1489.2520751953125,7234991
2025-07-14 00:00:00+05:30,RELIANCE.NS,1486.263916129696,1494.0329360309418,1473.2160528053016,1477.7977294921875,10311846
2025-07-15 00:00:00+05:30,RELIANCE.NS,1480.2878335086834,1490.5469086437597,1476.503022895967,1479.4910888671875,8132454
2025-07-16 00:00:00+05:30,RELIANCE.NS,1467.1403332858122,1485.068728397248,1465.6463003598592,1479.690185546875,10409983
2025-07-17 00:00:00+05:30,RELIANCE.NS,1481.4830970988435,1483.674296790977,1468.0368005528198,1470.52685546875,11854613
2025-07-18 00:00:00+05:30,RELIANCE.NS,1478.8934598804974,1478.8934598804974,1463.2558421043927,1470.12841796875,10296318
2025-07-21 00:00:00+05:30,RELIANCE.NS,1459.1722169809668,1470.128458883213,1417.4388712363768,1422.9169921875,22442744
2025-07-22 00:00:00+05:30,RELIANCE.NS,1421.721828538219,1426.2039275426996,1405.0881881707605,1407.179931640625,20396320
2025-07-23 00:00:00+05:30,RELIANCE.NS,1420.3273163904719,1420.3273163904719,1408.7734859597779,1418.932861328125,8354596
2025-07-24 00:00:00+05:30,RELIANCE.NS,1413.554298653669,1417.3392306864348,1390.4466381154343,1397.3192138671875,14740507
2025-07-25 00:00:00+05:30,RELIANCE.NS,1393.3351272649268,1395.4267490386208,1378.593953801798,1386.1636962890625,11854722
2025-07-28 00:00:00+05:30,RELIANCE.NS,1386.7614543919697,1402.199795115413,1379.490445288333,1382.080078125,7748361
2025-07-29 00:00:00+05:30,RELIANCE.NS,1377.4984422704579,1414.550412474214,1377.4984422704579,1411.4627685546875,10750072
2025-07-30 00:00:00+05:30,RELIANCE.NS,1412.458776601272,1417.6381639620695,1395.7256799199,1404.4906005859375,7209849
2025-07-31 00:00:00+05:30,RELIANCE.NS,1382.5780559389787,1397.0203743336986,1376.7015020683227,1384.669677734375,17065827
2025-08-01 00:00:00+05:30,RELIANCE.NS,1381.3828853186424,1400.3073026227253,1378.7932525308158,1388.15576171875,10321171
2025-08-04 00:00:00+05:30,RELIANCE.NS,1389.5502251510159,1410.466686507784,1386.1637261382157,1405.885009765625,6312820
2025-08-05 00:00:00+05:30,RELIANCE.NS,1405.38696851784,1405.38696851784,1382.5780415934858,1386.1636962890625,9315972
2025-08-06 00:00:00+05:30,RELIANCE.NS,1386.3630773472378,1390.3471654369864,1377.797312271222,1387.259521484375,5834312
2025-08-07 00:00:00+05:30,RELIANCE.NS,1382.1796145349972,1388.1557462486337,1360.5659868045632,1383.8729248046875,9976705
2025-08-08 00:00:00+05:30,RELIANCE.NS,1379.4904158119157,1391.6418351007062,1359.569976594415,1362.35888671875,8793606
2025-08-11 00:00:00+05:30,RELIANCE.NS,1364.5501609316866,1382.4785572067015,1355.7851185633474,1380.6856689453125,9997486
2025-08-12 00:00:00+05:30,RELIANCE.NS,1376.4028464986861,1396.3232867936674,1369.7294260490362,1374.9088134765625,12244664
2025-08-13 00:00:00+05:30,RELIANCE.NS,1382.4785186353236,1386.2634508216695,1372.0202877666845,1377.0999755859375,7457021
2025-08-14 00:00:00+05:30,RELIANCE.NS,1377.300048828125,1380.699951171875,1370.0999755859375,1373.800048828125,7126128
2025-08-18 00:00:00+05:30,RELIANCE.NS,1390.0,1394.9000244140625,1377.0,1381.699951171875,11785109
2025-08-19 00:00:00+05:30,RELIANCE.NS,1390.0,1421.0,1389.0999755859375,1420.0999755859375,14384719
2025-08-20 00:00:00+05:30,RELIANCE.NS,1413.0,1424.9000244140625,1410.0,1413.0,8725641
2025-08-21 00:00:00+05:30,RELIANCE.NS,1425.0,1431.9000244140625,1420.300048828125,1424.800048828125,11021323
2025-08-22 00:00:00+05:30,RELIANCE.NS,1420.0,1423.4000244140625,1407.9000244140625,1409.199951171875,5818868
2025-08-25 00:00:00+05:30,RELIANCE.NS,1414.699951171875,1419.5,1405.699951171875,1412.5999755859375,5979407
2025-08-26 00:00:00+05:30,RELIANCE.NS,1408.0,1410.0,1381.5999755859375,1384.9000244140625,12145259
2025-08-28 00:00:00+05:30,RELIANCE.NS,1389.9000244140625,1392.199951171875,1366.5,1385.9000244140625,13161813
2025-08-29 00:00:00+05:30,RELIANCE.NS,1381.0999755859375,1403.5,1350.0,1357.199951171875,18758842
2025-09-01 00:00:00+05:30,RELIANCE.NS,1356.0,1363.199951171875,1340.5999755859375,1353.9000244140625,11232238
2025-09-02 00:00:00+05:30,RELIANCE.NS,1354.800048828125,1384.5,1354.5,1366.5,11517006
2025-09-03 00:00:00+05:30,RELIANCE.NS,1369.699951171875,1376.5,1360.5,1372.5999755859375,7847563
2025-09-04 00:00:00+05:30,RELIANCE.NS,1371.800048828125,1374.0,1357.0999755859375,1359.300048828125,13223177
2025-09-05 00:00:00+05:30,RELIANCE.NS,1363.0,1381.0,1359.300048828125,1375.0,5777575
2025-09-08 00:00:00+05:30,RELIANCE.NS,1380.0,1386.0,1372.4000244140625,1378.5,6986720
2025-09-09 00:00:00+05:30,RELIANCE.NS,1376.5999755859375,1381.199951171875,1368.699951171875,1376.199951171875,9754452
2025-09-10 00:00:00+05:30,RELIANCE.NS,1383.9000244140625,1388.5,1374.0999755859375,1377.0,7790815
2025-09-11 00:00:00+05:30,RELIANCE.NS,1376.0,1385.5,1375.0,1383.300048828125,9766072
2025-09-12 00:00:00+05:30,RELIANCE.NS,1383.300048828125,1396.300048828125,1380.5,1395.0,7403368
2025-09-15 00:00:00+05:30,RELIANCE.NS,1393.0,1400.800048828125,1388.5999755859375,1399.300048828125,5396697
2025-09-16 00:00:00+05:30,RELIANCE.NS,1404.699951171875,1408.0,1398.199951171875,1405.300048828125,8686961
2025-09-17 00:00:00+05:30,RELIANCE.NS,1407.0,1416.199951171875,1406.9000244140625,1413.800048828125,7519417
2025-09-18 00:00:00+05:30,RELIANCE.NS,1420.4000244140625,1422.0,1410.699951171875,1415.0,9332642
2025-09-19 00:00:00+05:30,RELIANCE.NS,1414.9000244140625,1417.0,1403.5999755859375,1407.4000244140625,13461373
2025-09-22 00:00:00+05:30,RELIANCE.NS,1403.9000244140625,1410.699951171875,1388.0,1390.5999755859375,7757970
2025-09-23 00:00:00+05:30,RELIANCE.NS,1391.0,1395.0,1376.800048828125,1389.800048828125,14014702
2025-09-24 00:00:00+05:30,RELIANCE.NS,1385.300048828125,1396.0,1380.4000244140625,1383.0,5922759
2025-09-25 00:00:00+05:30,RELIANCE.NS,1381.300048828125,1384.5,1369.0,1372.4000244140625,11411143
2025-09-26 00:00:00+05:30,RELIANCE.NS,1372.0,1382.699951171875,1366.0,1377.5999755859375,9879109
2025-09-29 00:00:00+05:30,RELIANCE.NS,1381.5999755859375,1389.0,1368.0,1372.800048828125,14231999
2025-09-30 00:00:00+05:30,RELIANCE.NS,1377.0999755859375,1377.0999755859375,1362.800048828125,1364.0,14604684
2025-10-01 00:00:00+05:30,RELIANCE.NS,1367.0,1378.5999755859375,1362.699951171875,1368.699951171875,12045916
2025-10-03 00:00:00+05:30,RELIANCE.NS,1363.199951171875,1371.5999755859375,1356.9000244140625,1363.4000244140625,12842347
2025-10-06 00:00:00+05:30,RELIANCE.NS,1360.0,1377.4000244140625,1359.0,1375.0,12396580
2025-10-07 00:00:00+05:30,RELIANCE.NS,1376.0,1395.9000244140625,1375.9000244140625,1384.800048828125,11244040
2025-10-08 00:00:00+05:30,RELIANCE.NS,1384.800048828125,1389.0,1364.5,1367.4000244140625,8525081
2025-10-09 00:00:00+05:30,RELIANCE.NS,1374.0,1380.0,1369.0999755859375,1377.800048828125,8826633
2025-10-10 00:00:00+05:30,RELIANCE.NS,1377.800048828125,1388.0,1375.0999755859375,1381.699951171875,6373084
2025-10-13 00:00:00+05:30,RELIANCE.NS,1376.9000244140625,1377.699951171875,1367.800048828125,1375.0,7600682
2025-10-14 00:00:00+05:30,RELIANCE.NS,1380.0,1388.0,1370.0999755859375,1375.9000244140625,9768174
2025-10-15 00:00:00+05:30,RELIANCE.NS,1383.0,1384.0,1372.699951171875,1374.300048828125,10882743
2025-10-16 00:00:00+05:30,RELIANCE.NS,1375.0999755859375,1400.5,1375.0,1398.300048828125,12315932
2025-10-17 00:00:00+05:30,RELIANCE.NS,1401.0,1423.300048828125,1399.0999755859375,1416.800048828125,19335561
2025-10-20 00:00:00+05:30,RELIANCE.NS,1440.0,1473.800048828125,1433.300048828125,1466.800048828125,24721978
2025-10-21 00:00:00+05:30,RELIANCE.NS,1468.0,1474.0,1460.0,1465.199951171875,2066169
2025-10-23 00:00:00+05:30,RELIANCE.NS,1475.0,1482.9000244140625,1444.5999755859375,1448.4000244140625,18707090
2025-10-24 00:00:00+05:30,RELIANCE.NS,1450.0,1459.800048828125,1441.0,1451.5999755859375,9700837
2025-10-27 00:00:00+05:30,RELIANCE.NS,1463.0,1485.0,1458.0,1484.0999755859375,14113867
2025-10-28 00:00:00+05:30,RELIANCE.NS,1484.0999755859375,1492.0,1477.5999755859375,1486.9000244140625,17631577
2025-10-29 00:00:00+05:30,RELIANCE.NS,1490.0,1508.300048828125,1488.0999755859375,1504.199951171875,11884745
2025-10-30 00:00:00+05:30,RELIANCE.NS,1500.0,1503.0999755859375,1484.0,1488.5,9318663
2025-10-31 00:00:00+05:30,RELIANCE.NS,1490.4000244140625,1497.5,1482.300048828125,1486.4000244140625,8758053
2025-11-03 00:00:00+05:30,RELIANCE.NS,1486.0,1495.0,1479.300048828125,1484.699951171875,8452085
2025-11-04 00:00:00+05:30,RELIANCE.NS,1483.9000244140625,1492.800048828125,1470.0999755859375,1473.0999755859375,10007806
2025-11-05 00:00:00+05:30,RELIANCE.NS,1473.0999755859375,1473.0999755859375,1473.0999755859375,1473.0999755859375,0
2025-11-06 00:00:00+05:30,RELIANCE.NS,1484.0,1501.5999755859375,1476.199951171875,1496.0999755859375,16772678
2025-11-07 00:00:00+05:30,RELIANCE.NS,1494.5999755859375,1498.4000244140625,1475.9000244140625,1478.0,7821765
2025-11-10 00:00:00+05:30,RELIANCE.NS,1477.9000244140625,1501.0,1475.5,1489.300048828125,7067592
2022-11-10 00:00:00+05:30,TCS.NS,2902.379781120705,2952.736528111758,2902.379781120705,2935.02001953125,1573092
2022-11-11 00:00:00+05:30,TCS.NS,2993.5709484176764,3059.4924990197137,2980.249257027602,3036.0078125,3265394
2022-11-14 00:00:00+05:30,TCS.NS,3043.378333868142,3066.2677617702793,3029.6446771268597,3053.907470703125,1342074
2022-11-15 00:00:00+05:30,TCS.NS,3040.6319005474593,3057.98204389194,3014.0801615785113,3051.252685546875,1400708
2022-11-16 00:00:00+05:30,TCS.NS,3057.0206075656624,3083.5723462258043,3041.0438302157363,3072.08203125,1748235
2022-11-17 00:00:00+05:30,TCS.NS,3058.0273845737534,3076.338925798746,3037.655794960949,3066.267578125,1417986
2022-11-18 00:00:00+05:30,TCS.NS,3067.1831095240655,3078.8567168812096,3040.631375143111,3061.18603515625,1164540
2022-11-21 00:00:00+05:30,TCS.NS,3042.005116692304,3052.2595361871263,2996.6840472336826,3006.297607421875,1304194
2022-11-22 00:00:00+05:30,TCS.NS,3003.093151549543,3038.7548380182766,2980.4326163358687,3035.092529296875,1149739
2022-11-23 00:00:00+05:30,TCS.NS,3048.8721312849716,3048.8721312849716,3013.16461983749,3029.004150390625,1150011
2022-11-24 00:00:00+05:30,TCS.NS,3036.28255458215,3106.507273370078,3029.003761350957,3094.787841796875,1296591
2022-11-25 00:00:00+05:30,TCS.NS,3097.3973415165624,3116.029424986876,3065.3521428901718,3103.48583984375,1588981
2022-11-28 00:00:00+05:30,TCS.NS,3081.832407896372,3128.526838319044,3081.420442922083,3108.613037109375,2195437
2022-11-29 00:00:00+05:30,TCS.NS,3097.397025025105,3139.513567487758,3097.397025025105,3110.53564453125,1576028
2022-11-30 00:00:00+05:30,TCS.NS,3097.3970288256287,3126.603846070488,3090.07241273618,3104.53857421875,3410702
2022-12-01 00:00:00+05:30,TCS.NS,3135.851933955697,3186.2086803403868,3131.274047920725,3182.225830078125,2180856
2022-12-02 00:00:00+05:30,TCS.NS,3166.156758611354,3176.044810905209,3124.8641485145126,3148.806396484375,2411749
2022-12-05 00:00:00+05:30,TCS.NS,3143.175979366735,3148.8066887527903,3119.3709763188076,3136.67529296875,1475065
2022-12-06 00:00:00+05:30,TCS.NS,3113.008256336136,3120.2412266945635,3083.6639628154226,3099.54931640625,1166999
2022-12-07 00:00:00+05:30,TCS.NS,3083.9383084361316,3107.1938767444476,3070.8455115491956,3095.199951171875,1167505
2022-12-08 00:00:00+05:30,TCS.NS,3076.338926101875,3095.1999029772983,3057.5237727854305,3067.686767578125,1285619
2022-12-09 00:00:00+05:30,TCS.NS,3089.248640494397,3089.248640494397,2999.7509830840295,3014.766357421875,1797896
2022-12-12 00:00:00+05:30,TCS.NS,2980.661224707957,3017.7420969551304,2962.8991185248406,3008.998291015625,1527610
2022-12-13 00:00:00+05:30,TCS.NS,3000.529118510382,3054.7770597164617,2991.9227834945737,3050.79443359375,1378016
2022-12-14 00:00:00+05:30,TCS.NS,3066.084216912986,3091.9034428879913,3058.8510246967116,3081.237060546875,1213311
2022-12-15 00:00:00+05:30,TCS.NS,3075.240420368231,3080.688059428898,3020.443041304329,3026.073974609375,1415694
2022-12-16 00:00:00+05:30,TCS.NS,2998.5150350390113,3014.079845907916,2952.919250258306,2966.69873046875,2703680
2022-12-19 00:00:00+05:30,TCS.NS,2954.567482288454,2971.5056596737454,2924.811224719698,2931.723876953125,2120965
2022-12-20 00:00:00+05:30,TCS.NS,2928.839871568711,2974.710379576042,2896.5657746527195,2970.086669921875,1529971
2022-12-21 00:00:00+05:30,TCS.NS,2974.709799184806,3005.8852420631515,2966.469605835264,2992.609375,1432566
2022-12-22 00:00:00+05:30,TCS.NS,3015.9106839405317,3015.9106839405317,2971.1390573703543,2984.50634765625,1384101
2022-12-23 00:00:00+05:30,TCS.NS,2945.4115771362144,2991.053185702608,2945.4115771362144,2955.803466796875,1360281
2022-12-26 00:00:00+05:30,TCS.NS,2955.803521963523,2995.768374342665,2952.7820727235835,2978.28076171875,870157
2022-12-27 00:00:00+05:30,TCS.NS,2993.204784147724,2997.4165284637297,2958.6875701824715,2984.32373046875,835883
2022-12-28 00:00:00+05:30,TCS.NS,2975.4424632593705,2990.366414489506,2953.6516838739167,2982.126220703125,910795
2022-12-29 00:00:00+05:30,TCS.NS,2958.3213352964485,2995.3105617008246,2955.482956799713,2992.792724609375,1037927
2022-12-30 00:00:00+05:30,TCS.NS,3008.6320417390707,3020.488719956298,2972.146206498131,2981.759765625,1163131
2023-01-02 00:00:00+05:30,TCS.NS,2985.696921729852,2991.0531371742204,2962.0749878547795,2986.10888671875,709547
2023-01-03 00:00:00+05:30,TCS.NS,2977.4565554522537,3039.715794619152,2971.3222339461317,3031.796142578125,1245178
2023-01-04 00:00:00+05:30,TCS.NS,3027.538589962656,3046.4453901843303,3008.7692604163694,3034.8173828125,1231668
2023-01-05 00:00:00+05:30,TCS.NS,3049.055016609059,3055.555703863464,3004.878418594391,3031.567626953125,1826057
2023-01-06 00:00:00+05:30,TCS.NS,3021.404379289261,3022.823568476355,2929.8466708259502,2940.421630859375,2488376
2023-01-09 00:00:00+05:30,TCS.NS,2956.3984729950294,3046.1250293138623,2949.211103306643,3039.670166015625,2885060
2023-01-10 00:00:00+05:30,TCS.NS,3007.670430055685,3019.5729309965445,2957.4053424172553,3008.9521484375,3864655
2023-01-11 00:00:00+05:30,TCS.NS,3012.3402551402364,3066.725444547982,2994.9898905652262,3047.681396484375,2720512
2023-01-12 00:00:00+05:30,TCS.NS,3047.956309200997,3067.1834292049684,3035.64184133294,3052.854736328125,2250391
2023-01-13 00:00:00+05:30,TCS.NS,3060.6824961643642,3093.7349177845394,3025.982214642765,3089.66064453125,1742837
2023-01-16 00:00:00+05:30,TCS.NS,3106.0008380034105,3139.7108259950064,3088.2563206021546,3121.96630859375,1843607
2023-01-17 00:00:00+05:30,TCS.NS,3118.173760287488,3166.678731169611,3109.7462636380624,3163.494873046875,1688475
2023-01-18 00:00:00+05:30,TCS.NS,3164.9930488338864,3192.1014494915976,3157.736038144992,3174.35693359375,2421189
2023-01-19 00:00:00+05:30,TCS.NS,3164.9932159437553,3171.5479356217456,3147.2018339606398,3158.5322265625,1585044
2023-01-20 00:00:00+05:30,TCS.NS,3150.947748129291,3178.711579636659,3142.145786428645,3149.168701171875,1529349
2023-01-23 00:00:00+05:30,TCS.NS,3172.4840935039533,3201.512135681823,3142.145198929978,3197.6728515625,1067916
2023-01-24 00:00:00+05:30,TCS.NS,3207.130678074058,3232.366302942939,3199.9205321987315,3217.7119140625,1387863
2023-01-25 00:00:00+05:30,TCS.NS,3207.4117299767117,3216.494653144134,3188.4029967847964,3211.57861328125,874110
2023-01-27 00:00:00+05:30,TCS.NS,3208.067323133592,3226.7950950141144,3167.147187296748,3194.068359375,1785879
2023-01-30 00:00:00+05:30,TCS.NS,3202.4488564251296,3238.4529506239523,3170.190316444348,3215.23046875,1953798
2023-01-31 00:00:00+05:30,TCS.NS,3229.6037745956946,3229.6037745956946,3137.8377061960487,3145.0478515625,2820375
2023-02-01 00:00:00+05:30,TCS.NS,3149.074726433717,3201.5124857796245,3141.58361795573,3191.5400390625,2205161
2023-02-02 00:00:00+05:30,TCS.NS,3209.00376462258,3248.332086219939,3202.5427746615,3240.279052734375,1813847
2023-02-03 00:00:00+05:30,TCS.NS,3281.105474455395,3281.105474455395,3233.255928175393,3260.785888671875,1804469
2023-02-06 00:00:00+05:30,TCS.NS,3252.2179497187885,3252.2179497187885,3218.227226687713,3239.857666015625,1138714
2023-02-07 00:00:00+05:30,TCS.NS,3248.2380505898204,3270.805105400791,3241.215136678997,3251.656005859375,1455647
2023-02-08 00:00:00+05:30,TCS.NS,3256.806212590937,3314.7217067182846,3256.806212590937,3296.181396484375,1986946
2023-02-09 00:00:00+05:30,TCS.NS,3291.4053514774064,3321.9317059253344,3282.32242937323,3315.611083984375,1655427
2023-02-10 00:00:00+05:30,TCS.NS,3296.087576057787,3317.015950832913,3284.9912806998786,3312.521240234375,1187821
2023-02-13 00:00:00+05:30,TCS.NS,3323.243212204788,3323.243212204788,3252.4521410923194,3260.879638671875,1087939
2023-02-14 00:00:00+05:30,TCS.NS,3282.042314638044,3300.629721330629,3272.6784278630425,3277.4541015625,1579818
2023-02-15 00:00:00+05:30,TCS.NS,3265.1866636866666,3301.705814786116,3240.044541293242,3296.696044921875,1429449
2023-02-16 00:00:00+05:30,TCS.NS,3302.8296072991216,3347.589025161844,3302.642375313517,3331.71728515625,1618931
2023-02-17 00:00:00+05:30,TCS.NS,3301.846481950705,3313.7854362807207,3267.996126412151,3278.436767578125,1061369
2023-02-20 00:00:00+05:30,TCS.NS,3279.2323939663597,3297.960163206602,3253.9967706372267,3265.467529296875,1296082
2023-02-21 00:00:00+05:30,TCS.NS,3271.7412661185163,3285.6933626723753,3225.6241346484717,3231.4765625,1139541
2023-02-22 00:00:00+05:30,TCS.NS,3197.719877797664,3227.731175089711,3179.0389728545315,3185.17236328125,1218430
2023-02-23 00:00:00+05:30,TCS.NS,3203.385262454029,3232.7877717818465,3191.2122111789918,3196.643310546875,1441570
2023-02-24 00:00:00+05:30,TCS.NS,3204.7897468115684,3215.5113497676293,3167.14697359376,3184.142333984375,977592
2023-02-27 00:00:00+05:30,TCS.NS,3174.357152183977,3174.357152183977,3105.0644001894007,3119.90625,1128022
2023-02-28 00:00:00+05:30,TCS.NS,3116.769380027199,3176.2300546949855,3089.988575268062,3102.114990234375,4116217
2023-03-01 00:00:00+05:30,TCS.NS,3111.618812305634,3173.420449865722,3104.127704722593,3170.330322265625,1669307
2023-03-02 00:00:00+05:30,TCS.NS,3147.2019377332426,3155.535704440141,3106.9372298122285,3110.167724609375,1556538
2023-03-03 00:00:00+05:30,TCS.NS,3140.647321593584,3144.392875942533,3119.20411439005,3129.551025390625,1043190
2023-03-06 00:00:00+05:30,TCS.NS,3148.044810887243,3188.3563867099915,3145.329375332794,3157.362060546875,1334132
2023-03-08 00:00:00+05:30,TCS.NS,3150.0106383790744,3179.9750677572342,3118.969453764318,3174.731201171875,1844590
2023-03-09 00:00:00+05:30,TCS.NS,3169.6751507089175,3169.6751507089175,3118.9698036269974,3124.588134765625,1648500
2023-03-10 00:00:00+05:30,TCS.NS,3102.1613840520363,3124.962535572997,3080.718178750516,3119.110107421875,1024404
2023-03-13 00:00:00+05:30,TCS.NS,3120.982606240172,3155.4417458445423,3063.8629125766106,3073.179931640625,1901233
2023-03-14 00:00:00+05:30,TCS.NS,3071.3542558398167,3094.2020436159,3005.245136815661,3010.442138671875,2670334
2023-03-15 00:00:00+05:30,TCS.NS,3043.2626298072746,3052.9543422417737,2988.952096721483,2995.4130859375,1780522
2023-03-16 00:00:00+05:30,TCS.NS,3003.9341511724883,3014.9835806177216,2970.224166932398,2982.397216796875,1901060
2023-03-17 00:00:00+05:30,TCS.NS,2950.091781645998,3016.4816306299053,2944.0052567830558,2977.059814453125,6739966
2023-03-20 00:00:00+05:30,TCS.NS,2968.0240443218463,2968.0240443218463,2898.1695916980593,2943.350341796875,2289468
2023-03-21 00:00:00+05:30,TCS.NS,2943.349963254583,2955.944342624212,2900.416459880619,2908.516357421875,1815297
2023-03-22 00:00:00+05:30,TCS.NS,2930.942484108125,2943.536862052205,2908.516028209043,2931.644775390625,1123939
2023-03-23 00:00:00+05:30,TCS.NS,2916.756685986962,2946.2062896112416,2903.7409762156167,2925.886474609375,1372218
2023-03-24 00:00:00+05:30,TCS.NS,2948.593831820932,2968.35172179188,2908.4228542225806,2922.00048828125,1329577
2023-03-27 00:00:00+05:30,TCS.NS,2935.578124099564,2952.19902097445,2908.4228559659477,2923.68603515625,1524217
2023-03-28 00:00:00+05:30,TCS.NS,2928.0871200243587,2949.2027284444266,2912.3088808435405,2917.693115234375,1303530
2023-03-29 00:00:00+05:30,TCS.NS,2929.9598251029365,2949.6239850029565,2906.643841237109,2939.22998046875,1740616
2023-03-31 00:00:00+05:30,TCS.NS,2987.0326656462394,3008.616467852621,2951.4967652261007,3001.968017578125,2382581
2023-04-03 00:00:00+05:30,TCS.NS,3019.8059619263745,3019.8059619263745,2971.862917804718,2996.443115234375,1521830
2023-04-05 00:00:00+05:30,TCS.NS,2982.8654858875375,3056.699808555153,2982.8654858875375,3033.71142578125,2655065
2023-04-06 00:00:00+05:30,TCS.NS,3019.852932314139,3050.145191932085,3010.4890472526995,3015.826416015625,1703464
2023-04-10 00:00:00+05:30,TCS.NS,3015.1706493195197,3063.862846140829,3010.488707317471,3055.809814453125,2203187
2023-04-11 00:00:00+05:30,TCS.NS,3056.372136610268,3064.7527681622723,2989.0925298427164,3009.365478515625,2348779
2023-04-12 00:00:00+05:30,TCS.NS,3022.615613369113,3053.516437963673,2995.507208424168,3035.444091796875,2417727
2023-04-13 00:00:00+05:30,TCS.NS,3005.80745747244,3024.535229793141,2977.7157989913894,2986.0029296875,4174070
2023-04-17 00:00:00+05:30,TCS.NS,2934.735097780408,2962.171096151622,2874.9466045128725,2939.79150390625,5505048
2023-04-18 00:00:00+05:30,TCS.NS,2954.258945363213,2956.038220735515,2912.73025124703,2931.598388671875,2617302
2023-04-19 00:00:00+05:30,TCS.NS,2931.5982121930915,2940.2598055693707,2876.117195161249,2893.06591796875,3298034
2023-04-20 00:00:00+05:30,TCS.NS,2893.440233710702,2914.9771674891313,2882.203572608913,2907.298828125,2419999
2023-04-21 00:00:00+05:30,TCS.NS,2912.1684847934343,2963.154797269729,2903.553755576594,2959.783935546875,1929184
2023-04-24 00:00:00+05:30,TCS.NS,2950.6543147931907,2978.605378339961,2927.2912354963705,2972.8466796875,1640676
2023-04-25 00:00:00+05:30,TCS.NS,2980.524201054417,2988.202540016163,2947.2824137036687,2973.969482421875,2024090
2023-04-26 00:00:00+05:30,TCS.NS,2978.652208208756,3004.309165021367,2978.652208208756,2994.711181640625,2000029
2023-04-27 00:00:00+05:30,TCS.NS,2982.3971237056535,2995.693793574338,2968.959858407413,2985.159423828125,2434446
2023-04-28 00:00:00+05:30,TCS.NS,2996.817734912879,3021.9598581773703,2992.9318139900597,3014.46875,2931312
2023-05-02 00:00:00+05:30,TCS.NS,3029.2168833174005,3029.2168833174005,3005.807170154206,3014.609130859375,2321159
2023-05-03 00:00:00+05:30,TCS.NS,3011.4252969895283,3011.4252969895283,2971.3009599060388,2977.62158203125,2468285
2023-05-04 00:00:00+05:30,TCS.NS,2977.855816369394,3019.337872913665,2975.8426725253744,3015.826416015625,1953253
2023-05-05 00:00:00+05:30,TCS.NS,3015.1708746358613,3037.644197925073,3005.8538550776357,3025.190185546875,1710027
2023-05-08 00:00:00+05:30,TCS.NS,3038.5805959957215,3047.80411390233,3025.7521196330254,3043.824462890625,928235
2023-05-09 00:00:00+05:30,TCS.NS,3045.697487480777,3088.209436182946,3039.517231610019,3074.397705078125,1107375
2023-05-10 00:00:00+05:30,TCS.NS,3080.7183214582064,3096.1687324928753,3058.2918614663445,3077.721923828125,1559987
2023-05-11 00:00:00+05:30,TCS.NS,3098.509308235851,3099.1647344133567,3063.862936400032,3073.3671875,1719623
2023-05-12 00:00:00+05:30,TCS.NS,3070.5579481624777,3080.7178538053777,3052.6262016430187,3066.0166015625,1027479
2023-05-15 00:00:00+05:30,TCS.NS,3075.0996103185516,3082.5907177736517,3041.717454165945,3047.9912109375,1150390
2023-05-16 00:00:00+05:30,TCS.NS,3049.068375144386,3076.036411321909,3043.684140938876,3050.894287109375,986306
2023-05-17 00:00:00+05:30,TCS.NS,3048.8342019877773,3071.3543919557687,2994.804629290408,3004.58984375,1588815
2023-05-18 00:00:00+05:30,TCS.NS,3020.7423362528925,3023.5515016602685,2991.7611588555555,2996.302734375,1369364
2023-05-19 00:00:00+05:30,TCS.NS,3005.8071597814496,3028.7486786022114,2999.2993052666357,3017.83984375,1152449
2023-05-22 00:00:00+05:30,TCS.NS,3024.5349008897992,3097.9945341072716,3012.408715352909,3088.86474609375,1333243
2023-05-23 00:00:00+05:30,TCS.NS,3095.70021097073,3116.253891694738,3080.8117260826593,3087.319580078125,1687418
2023-05-24 00:00:00+05:30,TCS.NS,3067.60891974456,3106.1880826590545,3067.60891974456,3093.21923828125,1016555
2023-05-25 00:00:00+05:30,TCS.NS,3084.4640439086934,3095.7007070923314,3059.27528204957,3083.995849609375,1374917
2023-05-26 00:00:00+05:30,TCS.NS,3083.995493566859,3126.273342470186,3081.6545223405287,3117.1435546875,1791115
2023-05-29 00:00:00+05:30,TCS.NS,3147.015059228567,3157.5025665150556,3101.319246826176,3109.13818359375,1210372
2023-05-30 00:00:00+05:30,TCS.NS,3104.128088430118,3115.317886043387,3091.346475980778,3105.251708984375,1344224
2023-05-31 00:00:00+05:30,TCS.NS,3098.5098215112716,3116.020242293331,3057.4490906976966,3080.250244140625,5815424
2023-06-01 00:00:00+05:30,TCS.NS,3103.1915347837225,3127.537636142919,3087.7411243057713,3112.555419921875,1177314
2023-06-02 00:00:00+05:30,TCS.NS,3114.662258881967,3123.6983164939847,3087.6942242667337,3095.325927734375,2030661
2023-06-05 00:00:00+05:30,TCS.NS,3104.127819115761,3115.3644809044154,3076.0830297903385,3079.68798828125,1861468
2023-06-06 00:00:00+05:30,TCS.NS,3071.3544082968083,3079.641538312168,3015.7330205175776,3026.688720703125,2022849
2023-06-07 00:00:00+05:30,TCS.NS,3046.071796534812,3070.2775307519573,3034.83513451255,3066.57861328125,1567196
2023-06-08 00:00:00+05:30,TCS.NS,3053.5628458916644,3061.9903422464713,3027.3439683433767,3030.574462890625,1759366
2023-06-09 00:00:00+05:30,TCS.NS,3038.5803876718455,3043.262329717565,3001.4526786934716,3005.1513671875,1775689
2023-06-12 00:00:00+05:30,TCS.NS,3010.488918516175,3047.3825326363863,3006.7433646517693,3040.359619140625,2324605
2023-06-13 00:00:00+05:30,TCS.NS,3052.626459268436,3057.308401690627,3032.9623010952346,3037.36328125,1371928
2023-06-14 00:00:00+05:30,TCS.NS,3037.363302755835,3048.7405600885963,3020.6489053565506,3044.245849609375,1658544
2023-06-15 00:00:00+05:30,TCS.NS,3061.4619592295066,3063.490075009995,3028.161569428794,3034.104736328125,2273810
2023-06-16 00:00:00+05:30,TCS.NS,3015.897987371957,3018.1619412813734,2977.2205342964953,2995.0498046875,4156189
2023-06-19 00:00:00+05:30,TCS.NS,3009.2945192009793,3032.7839046717277,2995.144231493138,3028.538818359375,1468186
2023-06-20 00:00:00+05:30,TCS.NS,3031.935003240005,3049.387024882799,3019.7186341521838,3044.85888671875,1528452
2023-06-21 00:00:00+05:30,TCS.NS,3065.895902518188,3076.6500298673604,3041.321521606635,3073.63134765625,1645987
2023-06-22 00:00:00+05:30,TCS.NS,3075.3294439700094,3082.545999160571,3047.123293648058,3055.04736328125,1529603
2023-06-23 00:00:00+05:30,TCS.NS,3053.9150439557384,3065.329470831123,3027.359533332214,3034.15185546875,1119505
2023-06-26 00:00:00+05:30,TCS.NS,3023.444909170484,3031.8406547035033,2993.2576277060675,3008.96435546875,1978803
2023-06-27 00:00:00+05:30,TCS.NS,3020.614768577434,3027.8313232300593,3002.0307699984146,3016.228271484375,863542
2023-06-28 00:00:00+05:30,TCS.NS,3026.274804348481,3047.9246980493767,3012.5017657954463,3033.302734375,1575872
2023-06-30 00:00:00+05:30,TCS.NS,3037.595047943164,3122.4967728856745,3032.0293603212,3115.185791015625,2672406
2023-07-03 00:00:00+05:30,TCS.NS,3126.5536718409667,3130.798758681628,3083.5839134250186,3086.932861328125,1687264
2023-07-04 00:00:00+05:30,TCS.NS,3103.629579319784,3127.213390712792,3091.649049194268,3121.411865234375,1656681
2023-07-05 00:00:00+05:30,TCS.NS,3131.930514471617,3140.420687553016,3117.7802260026187,3131.88330078125,1453008
2023-07-06 00:00:00+05:30,TCS.NS,3119.2423400157145,3139.9016682049382,3114.9500399615063,3134.666015625,1848238
2023-07-07 00:00:00+05:30,TCS.NS,3114.949894871217,3166.739853997233,3114.949894871217,3140.65625,1789326
2023-07-10 00:00:00+05:30,TCS.NS,3136.4111069790292,3136.4111069790292,3080.2344216445904,3086.60205078125,1407431
2023-07-11 00:00:00+05:30,TCS.NS,3108.346469831204,3108.346469831204,3076.083860576728,3087.026611328125,1110172
2023-07-12 00:00:00+05:30,TCS.NS,3095.0924803766343,3102.8279251683052,3065.990192606951,3075.23486328125,1515240
2023-07-13 00:00:00+05:30,TCS.NS,3097.970013505185,3176.6927438215494,3087.357296497897,3151.316650390625,4585146
2023-07-14 00:00:00+05:30,TCS.NS,3174.3813377821602,3325.1763353579863,3162.1177546049926,3315.553955078125,6306101
2023-07-17 00:00:00+05:30,TCS.NS,3311.1676958814787,3348.8073732915786,3280.0842731176085,3293.904296875,2743228
2023-07-18 00:00:00+05:30,TCS.NS,3279.093458412419,3324.374380738022,3268.7165803794683,3298.762451171875,2600090
2023-07-19 00:00:00+05:30,TCS.NS,3301.7338307538876,3317.62941289193,3250.4625290006256,3273.48046875,2405370
2023-07-20 00:00:00+05:30,TCS.NS,3265.961471457686,3290.3630716712737,3249.8354394909547,3275.608642578125,1715404
2023-07-21 00:00:00+05:30,TCS.NS,3219.569630611566,3248.747595113561,3177.0083781918497,3185.757080078125,3770223
2023-07-24 00:00:00+05:30,TCS.NS,3197.7688541503653,3228.460200845462,3189.351276356865,3210.773681640625,1680132
2023-07-25 00:00:00+05:30,TCS.NS,3213.3748157175096,3222.170854772474,3197.012331180356,3214.935302734375,1272980
2023-07-26 00:00:00+05:30,TCS.NS,3216.0700991340213,3235.4591135410055,3201.551891104478,3204.673095703125,1066803
2023-07-27 00:00:00+05:30,TCS.NS,3210.9623660646657,3226.7572718804345,3201.5989838909395,3212.806640625,1701769
2023-07-28 00:00:00+05:30,TCS.NS,3201.552091653801,3209.7805545405377,3150.4785870897526,3173.55615234375,2599831
2023-07-31 00:00:00+05:30,TCS.NS,3182.068354209049,3240.9447543990273,3178.758034519653,3236.026611328125,2743678
2023-08-01 00:00:00+05:30,TCS.NS,3229.9261181206225,3272.487370043149,3229.9261181206225,3264.96826171875,1956167
2023-08-02 00:00:00+05:30,TCS.NS,3248.794745533095,3259.6241729578255,3228.6019354760515,3254.185791015625,1914899
2023-08-03 00:00:00+05:30,TCS.NS,3234.655344119481,3247.187269063804,3185.473449998366,3215.69189453125,2026351
2023-08-04 00:00:00+05:30,TCS.NS,3216.921331586077,3282.8912728953396,3216.921331586077,3256.928955078125,2248493
2023-08-07 00:00:00+05:30,TCS.NS,3266.765531241256,3298.970261310104,3254.7538451070513,3295.234375,1853889
2023-08-08 00:00:00+05:30,TCS.NS,3295.2342234134017,3300.8143843885464,3269.271904484311,3282.51318359375,1634225
2023-08-09 00:00:00+05:30,TCS.NS,3277.12164765902,3279.107931732288,3239.4314340041433,3274.851806640625,1794589
2023-08-10 00:00:00+05:30,TCS.NS,3263.028899820283,3277.121309081778,3244.160126711926,3255.55712890625,1096701
2023-08-11 00:00:00+05:30,TCS.NS,3251.7742137198647,3278.7767779421333,3228.9802071811523,3261.894287109375,1679974
2023-08-14 00:00:00+05:30,TCS.NS,3254.232948132693,3267.7580130080946,3226.142570874272,3262.88720703125,1190425
2023-08-16 00:00:00+05:30,TCS.NS,3263.02944611053,3278.1623362953906,3249.031476507618,3270.97412109375,1328445
2023-08-17 00:00:00+05:30,TCS.NS,3267.758516551608,3273.2442354964764,3228.2237942504853,3249.5517578125,1843241
2023-08-18 00:00:00+05:30,TCS.NS,3225.197531954498,3225.197531954498,3174.596925514743,3184.62255859375,2526749
2023-08-21 00:00:00+05:30,TCS.NS,3192.094175634842,3224.9609230728597,3189.256758589833,3217.2998046875,1375579
2023-08-22 00:00:00+05:30,TCS.NS,3215.7394137390943,3226.14327654825,3182.6835503591956,3198.856689453125,1222012
2023-08-23 00:00:00+05:30,TCS.NS,3204.389476660781,3217.630755489958,3193.039809092915,3214.083984375,1330046
2023-08-24 00:00:00+05:30,TCS.NS,3223.305640497011,3228.0820051896408,3195.02614405484,3204.153076171875,1152881
2023-08-25 00:00:00+05:30,TCS.NS,3192.093868830644,3202.3086153928157,3168.6851804592197,3198.052490234375,1158046
2023-08-28 00:00:00+05:30,TCS.NS,3210.0638346484766,3210.0638346484766,3178.001120885428,3192.61376953125,1037485
2023-08-29 00:00:00+05:30,TCS.NS,3197.8159823429864,3205.85532972246,3182.6357566974793,3193.181396484375,944517
2023-08-30 00:00:00+05:30,TCS.NS,3213.847663649171,3223.4003932710566,3199.707915077835,3207.1796875,1188200
2023-08-31 00:00:00+05:30,TCS.NS,3216.6851809304703,3232.1963020236335,3162.44313175206,3174.880615234375,3417652
2023-09-01 00:00:00+05:30,TCS.NS,3183.5820610390588,3205.3355926504364,3174.8806945764272,3196.066650390625,1277950
2023-09-04 00:00:00+05:30,TCS.NS,3194.9314439412847,3246.8089755295628,3187.412335303978,3233.236572265625,1828332
2023-09-05 00:00:00+05:30,TCS.NS,3234.6551604094307,3260.191911675821,3220.6098548490877,3243.49853515625,1501842
2023-09-06 00:00:00+05:30,TCS.NS,3247.8966944672416,3257.2600783046946,3213.942363030444,3244.018798828125,1314818
2023-09-07 00:00:00+05:30,TCS.NS,3244.869971787651,3272.4874497481187,3236.8306240064776,3267.994873046875,1885092
2023-09-08 00:00:00+05:30,TCS.NS,3267.9947610381087,3277.2163655298596,3248.8895343242925,3255.3681640625,1518917
2023-09-11 00:00:00+05:30,TCS.NS,3274.379127713751,3296.7946752137577,3258.3004318237645,3292.018310546875,1783604
2023-09-12 00:00:00+05:30,TCS.NS,3302.7531395912592,3395.3474150298325,3294.240889231488,3386.74072265625,4476016
2023-09-13 00:00:00+05:30,TCS.NS,3377.5665440481635,3394.3545938136126,3352.880924986968,3374.49267578125,1754929
2023-09-14 00:00:00+05:30,TCS.NS,3376.573045441612,3402.7244757258027,3353.4481466418274,3367.114990234375,2604721
2023-09-15 00:00:00+05:30,TCS.NS,3374.4929869883554,3411.852312447012,3369.385497620401,3403.292724609375,2952897
2023-09-18 00:00:00+05:30,TCS.NS,3386.031651454892,3423.1545241820786,3381.4917380350003,3410.717041015625,1395753
2023-09-20 00:00:00+05:30,TCS.NS,3385.9842748809256,3428.545529732781,3385.9842748809256,3410.62255859375,1649396
2023-09-21 00:00:00+05:30,TCS.NS,3394.070938699643,3409.6293955849587,3336.8023599511052,3390.9970703125,2004073
2023-09-22 00:00:00+05:30,TCS.NS,3389.767307044792,3436.821136153463,3371.844336912951,3408.352294921875,1989083
2023-09-25 00:00:00+05:30,TCS.NS,3407.2648397086377,3423.816438513607,3365.7911697677823,3383.28857421875,1238778
2023-09-26 00:00:00+05:30,TCS.NS,3374.256543475422,3400.1241910990498,3344.3689906745594,3391.37548828125,1726062
2023-09-27 00:00:00+05:30,TCS.NS,3395.442047023852,3418.141381042953,3363.000869306307,3394.780029296875,1541134
2023-09-28 00:00:00+05:30,TCS.NS,3404.9000837191634,3407.5483855217467,3336.187400782379,3345.077880859375,1755753
2023-09-29 00:00:00+05:30,TCS.NS,3345.5039077392544,3375.0603361459143,3315.5692494128284,3337.3701171875,2243791
2023-10-03 00:00:00+05:30,TCS.NS,3342.6664409403993,3342.6664409403993,3291.4984913889007,3323.41943359375,1948148
2023-10-04 00:00:00+05:30,TCS.NS,3297.362271452547,3355.7184336575156,3288.8500206343624,3346.02392578125,1788138
2023-10-05 00:00:00+05:30,TCS.NS,3361.39307255119,3427.5994639632845,3358.7447707127926,3394.827392578125,2990768
2023-10-06 00:00:00+05:30,TCS.NS,3396.387740276004,3437.9558481417475,3381.3021878899954,3425.14013671875,2075691
2023-10-09 00:00:00+05:30,TCS.NS,3447.5089708875503,3479.619026897306,3434.220355168284,3441.172119140625,4233074
2023-10-10 00:00:00+05:30,TCS.NS,3442.779757818924,3450.2988662385983,3406.177126883669,3432.23388671875,1848148
2023-10-11 00:00:00+05:30,TCS.NS,3452.190323376944,3452.190323376944,3409.6290728147624,3414.263427734375,2426417
2023-10-12 00:00:00+05:30,TCS.NS,3381.255066664783,3394.1652209191284,3346.354931906954,3350.563720703125,4241281
2023-10-13 00:00:00+05:30,TCS.NS,3338.6938263262055,3383.1466903027867,3333.964798243591,3377.330078125,2890357
2023-10-16 00:00:00+05:30,TCS.NS,3372.7424125060297,3380.923537716013,3328.3842269263446,3333.06591796875,1671104
2023-10-17 00:00:00+05:30,TCS.NS,3338.693740990612,3342.6187418350314,3313.488114318349,3316.987548828125,1672065
2023-10-18 00:00:00+05:30,TCS.NS,3320.723380498266,3331.789259566091,3295.1866299219478,3298.260498046875,1408245
2023-10-19 00:00:00+05:30,TCS.NS,3289.9629833022263,3296.932733759848,3273.2736419586417,3276.82958984375,1514545
2023-10-20 00:00:00+05:30,TCS.NS,3271.8517798685193,3318.4110908049693,3265.8305127357185,3313.71728515625,1481211
2023-10-23 00:00:00+05:30,TCS.NS,3293.2821097032397,3298.924167793635,3225.292427451316,3233.684326171875,1106272
2023-10-25 00:00:00+05:30,TCS.NS,3215.0515718519214,3247.766298066017,3202.439761531741,3214.67236328125,1518537
2023-10-26 00:00:00+05:30,TCS.NS,3193.763124801465,3199.1206609136366,3157.682056799983,3164.082763671875,1984471
2023-10-27 00:00:00+05:30,TCS.NS,3176.6470576535294,3188.0260918899003,3164.319770564128,3177.5478515625,1108851
2023-10-30 00:00:00+05:30,TCS.NS,3176.647061276185,3207.797260136592,3161.2379523968602,3203.7197265625,910972
2023-10-31 00:00:00+05:30,TCS.NS,3223.1116525829084,3223.1116525829084,3176.694718774307,3194.427001953125,999811
2023-11-01 00:00:00+05:30,TCS.NS,3181.3883899113507,3197.1294802109005,3139.665263486284,3158.29833984375,1563475
2023-11-02 00:00:00+05:30,TCS.NS,3170.1989967249133,3201.2542786880363,3170.1989967249133,3186.224609375,1245384
2023-11-03 00:00:00+05:30,TCS.NS,3206.9909990946635,3212.5855980633046,3171.241914507286,3177.500244140625,1402598
2023-11-06 00:00:00+05:30,TCS.NS,3200.35370326714,3216.7585255882636,3185.181656081281,3205.33203125,1099852
2023-11-07 00:00:00+05:30,TCS.NS,3203.197929094657,3227.9946469849847,3191.818895598761,3196.03857421875,1191144
2023-11-08 00:00:00+05:30,TCS.NS,3196.9872502026456,3225.9089641664814,3195.18566226346,3206.564697265625,992899
2023-11-09 00:00:00+05:30,TCS.NS,3214.6723747191027,3215.999836228239,3169.1087747892757,3174.229248046875,2112352
2023-11-10 00:00:00+05:30,TCS.NS,3165.268454792585,3174.229399173552,3150.4283882230056,3160.953857421875,1338557
2023-11-13 00:00:00+05:30,TCS.NS,3182.3365915461563,3182.3365915461563,3154.837258663308,3159.15185546875,1030990
2023-11-15 00:00:00+05:30,TCS.NS,3208.034778256093,3236.3874500117004,3182.3844886136826,3228.1376953125,2059802
2023-11-16 00:00:00+05:30,TCS.NS,3252.554843852836,3346.716401326636,3237.524943071945,3316.846435546875,3951984
2023-11-17 00:00:00+05:30,TCS.NS,3316.846183791076,3342.1170285727035,3311.820397597078,3321.2080078125,2021292
2023-11-20 00:00:00+05:30,TCS.NS,3310.5883697162694,3351.0312685830804,3310.5883697162694,3337.471435546875,1475621
2023-11-21 00:00:00+05:30,TCS.NS,3337.47059986266,3355.914070258096,3319.8330054315065,3328.556884765625,1807236
2023-11-22 00:00:00+05:30,TCS.NS,3318.8848793740635,3349.8452414316957,3300.9629936282586,3347.474609375,1798051
2023-11-23 00:00:00+05:30,TCS.NS,3347.332998278611,3360.6085399148433,3318.885409058113,3326.70849609375,2729804
2023-11-24 00:00:00+05:30,TCS.NS,3313.4328262848157,3323.199877840785,3274.3173926197233,3278.205322265625,1989733
2023-11-28 00:00:00+05:30,TCS.NS,3278.2053183724934,3301.1055341791257,3255.35233000702,3290.579833984375,1689195
2023-11-29 00:00:00+05:30,TCS.NS,3300.868543778904,3335.953903192814,3295.9376747032284,3331.923828125,1441634
2023-11-30 00:00:00+05:30,TCS.NS,3318.3638562138435,3334.6737612257098,3300.8686349728146,3307.127197265625,3266235
2023-12-01 00:00:00+05:30,TCS.NS,3318.885562133518,3334.9584044830044,3309.450490908298,3329.9326171875,1172141
2023-12-04 00:00:00+05:30,TCS.NS,3361.22486202807,3364.2119978451533,3316.9889527312685,3330.691162109375,1625213
2023-12-05 00:00:00+05:30,TCS.NS,3354.9185791452924,3354.9185791452924,3321.5401251680364,3348.849853515625,1377656
2023-12-06 00:00:00+05:30,TCS.NS,3349.7983059413914,3425.8956015934377,3342.733636591101,3417.598388671875,1896572
2023-12-07 00:00:00+05:30,TCS.NS,3418.4515007803934,3442.679407232964,3405.839691660572,3427.839111328125,1967653
2023-12-08 00:00:00+05:30,TCS.NS,3445.002848273671,3456.381883280356,3415.6544667870103,3439.02880859375,1641155
2023-12-11 00:00:00+05:30,TCS.NS,3435.4255657471917,3463.968072525497,3427.9344599451606,3454.390625,1102503
2023-12-12 00:00:00+05:30,TCS.NS,3450.645109032148,3507.018701963089,3443.1065441998835,3482.079833984375,2236866
2023-12-13 00:00:00+05:30,TCS.NS,3455.0066355097338,3461.122819944941,3378.6248239626916,3407.593994140625,3850968
2023-12-14 00:00:00+05:30,TCS.NS,3442.157806348635,3487.673942630931,3439.8820921373363,3477.480224609375,3290396
2023-12-15 00:00:00+05:30,TCS.NS,3476.9589978788713,3694.3459836912725,3476.9589978788713,3661.20458984375,8531230
2023-12-18 00:00:00+05:30,TCS.NS,3658.4548633752634,3725.6859061104938,3631.9510077507234,3659.497802734375,2521612
2023-12-19 00:00:00+05:30,TCS.NS,3646.032631945624,3655.6100794464105,3593.8787191349584,3618.722900390625,2004435
2023-12-20 00:00:00+05:30,TCS.NS,3629.2008491847714,3697.0483893157384,3571.6419454448946,3584.443359375,2586083
2023-12-21 00:00:00+05:30,TCS.NS,3561.874667630337,3609.7139762658885,3549.6422988122054,3591.507568359375,1517562
2023-12-22 00:00:00+05:30,TCS.NS,3603.360828096398,3646.9330002294705,3567.327219815434,3626.118896484375,2413058
2023-12-26 00:00:00+05:30,TCS.NS,3622.183949299086,3635.6016352928714,3594.0206528341296,3599.141357421875,1285231
2023-12-27 00:00:00+05:30,TCS.NS,3602.4128061086403,3620.619215684377,3573.0169658903283,3613.9814453125,1293976
2023-12-28 00:00:00+05:30,TCS.NS,3626.119100844942,3639.3946414861102,3595.8699258439583,3603.26611328125,1682889
2023-12-29 00:00:00+05:30,TCS.NS,3595.775077575502,3624.791709570154,3570.5514572660563,3597.1025390625,1574996
2024-01-01 00:00:00+05:30,TCS.NS,3593.8784899629513,3633.705111751459,3577.7581906676032,3613.88671875,825907
2024-01-02 00:00:00+05:30,TCS.NS,3613.8865694951905,3613.8865694951905,3572.3055889566763,3587.43017578125,1344068
2024-01-03 00:00:00+05:30,TCS.NS,3572.068428151664,3576.667547002565,3496.2556603222715,3500.71240234375,1803075
2024-01-04 00:00:00+05:30,TCS.NS,3510.1951028326184,3526.552465032622,3462.071269113768,3477.0537109375,3598144
2024-01-05 00:00:00+05:30,TCS.NS,3484.8291113552727,3553.8145039678157,3484.6869660351745,3544.47412109375,1963127
2024-01-08 00:00:00+05:30,TCS.NS,3544.4744750104824,3546.2288355043906,3482.3639091369514,3487.958740234375,1067805
2024-01-09 00:00:00+05:30,TCS.NS,3517.97101419748,3558.177078509114,3492.178580048869,3498.95849609375,1370944
2024-01-10 00:00:00+05:30,TCS.NS,3499.0526399675236,3536.271560324902,3497.1561344716065,3520.909912109375,1292227
2024-01-11 00:00:00+05:30,TCS.NS,3531.2939700655124,3577.75836440848,3515.17366998734,3542.246337890625,1777909
2024-01-12 00:00:00+05:30,TCS.NS,3648.8772170987218,3703.1646964851307,3623.843432744319,3681.87646484375,6813450
2024-01-15 00:00:00+05:30,TCS.NS,3755.0813150622907,3759.8225793489855,3683.9623507618685,3701.78955078125,2801505
2024-01-16 00:00:00+05:30,TCS.NS,3697.2381021359224,3697.2381021359224,3656.036559430459,3661.489013671875,1432672
2024-01-17 00:00:00+05:30,TCS.NS,3621.377770055813,3707.621323698518,3615.261585245189,3683.583251953125,3458696
2024-01-18 00:00:00+05:30,TCS.NS,3696.290043384287,3706.5312216683974,3662.152936775299,3700.652099609375,2239110
2024-01-19 00:00:00+05:30,TCS.NS,3766.9193017431467,3784.631985387999,3738.321317166315,3765.057373046875,2941975
2024-01-23 00:00:00+05:30,TCS.NS,3723.9505733958886,3756.3202043628303,3669.28488869668,3684.085205078125,2618854
2024-01-24 00:00:00+05:30,TCS.NS,3704.8535025994192,3708.3386452495192,3633.8120750758894,3668.3779296875,2657709
2024-01-25 00:00:00+05:30,TCS.NS,3666.5634951802735,3686.711116154436,3608.1261628069346,3638.2998046875,2205154
2024-01-29 00:00:00+05:30,TCS.NS,3629.228508398019,3647.561756466226,3610.179116005899,3629.41943359375,1646747
2024-01-30 00:00:00+05:30,TCS.NS,3635.5781805395054,3674.1068379093945,3616.0513588538565,3628.98974609375,1411621
2024-01-31 00:00:00+05:30,TCS.NS,3639.158755461559,3660.929588370053,3625.0745845099527,3643.6943359375,2459358
2024-02-01 00:00:00+05:30,TCS.NS,3647.56157849842,3728.6290187621194,3633.286482295551,3680.169921875,2363107
2024-02-02 00:00:00+05:30,TCS.NS,3700.1269169206976,3804.5406228744723,3697.2145499513263,3787.2578125,2826510
2024-02-05 00:00:00+05:30,TCS.NS,3803.2034921577665,3840.4429940895147,3783.2470318063965,3793.94140625,1691523
2024-02-06 00:00:00+05:30,TCS.NS,3816.5717082217307,3962.569566984558,3809.887694722218,3949.297119140625,4474396
2024-02-07 00:00:00+05:30,TCS.NS,3965.5298194277684,3967.439537616754,3890.0481613841494,3899.071533203125,2124267
2024-02-08 00:00:00+05:30,TCS.NS,3905.374015680606,3970.3044394131934,3901.602368573064,3947.4833984375,2345173
2024-02-09 00:00:00+05:30,TCS.NS,3949.822293850928,3995.8466897853227,3914.9223796212013,3947.101318359375,2100596
2024-02-12 00:00:00+05:30,TCS.NS,3943.5684805918672,3971.832406049404,3920.221986747148,3934.6884765625,1013716
2024-02-13 00:00:00+05:30,TCS.NS,3939.223084359503,3981.761864545992,3897.256846557426,3962.187255859375,1257415
2024-02-14 00:00:00+05:30,TCS.NS,3921.6062566950955,3929.149550208251,3866.7018593831967,3915.017822265625,1391283
2024-02-15 00:00:00+05:30,TCS.NS,3941.6581008011804,3959.1318346649314,3898.6894441790746,3917.977783203125,1091582
2024-02-16 00:00:00+05:30,TCS.NS,3927.574380573637,3960.7081794213304,3915.0180760571698,3941.94482421875,1307556
2024-02-19 00:00:00+05:30,TCS.NS,3936.9310839735967,3941.9440935587254,3871.953117656535,3918.550048828125,772291
2024-02-20 00:00:00+05:30,TCS.NS,3897.830569871723,3913.01273687665,3828.9851329612898,3848.702880859375,1193648
2024-02-21 00:00:00+05:30,TCS.NS,3831.8495388516026,3879.92678741508,3800.91219749732,3811.320068359375,1885939
2024-02-22 00:00:00+05:30,TCS.NS,3791.7450267198114,3910.099751201836,3791.7450267198114,3902.604248046875,2982052
2024-02-23 00:00:00+05:30,TCS.NS,3943.567999377252,3943.567999377252,3863.7416870619977,3869.1845703125,2538072
2024-02-26 00:00:00+05:30,TCS.NS,3853.811243032453,3867.179270139107,3802.964997073217,3820.43896484375,1379284
2024-02-27 00:00:00+05:30,TCS.NS,3818.4812429758413,3937.8386211633833,3818.4812429758413,3919.123291015625,2960475
2024-02-28 00:00:00+05:30,TCS.NS,3910.7212792914165,3967.3442411333067,3904.4191155707767,3933.017333984375,1939225
2024-02-29 00:00:00+05:30,TCS.NS,3913.9670208954226,3951.3021008515957,3881.0721751383658,3910.2431640625,3772719
2024-03-01 00:00:00+05:30,TCS.NS,3921.7971311947285,3953.1163203771775,3902.3178674252918,3909.527099609375,2043265
2024-03-04 00:00:00+05:30,TCS.NS,3919.6965305132107,3932.014119419607,3891.9100379868287,3896.493408203125,1749271
2024-03-05 00:00:00+05:30,TCS.NS,3878.637609545636,3880.547327718726,3800.3391644489493,3830.990234375,2070859
2024-03-06 00:00:00+05:30,TCS.NS,3813.754651071175,3888.1858637996515,3779.7615772850945,3880.83349609375,1744204
2024-03-07 00:00:00+05:30,TCS.NS,3881.502084875083,3937.838769501806,3855.4343858729776,3923.134033203125,2688905
2024-03-11 00:00:00+05:30,TCS.NS,3904.4185419539754,3965.529519377564,3904.4185419539754,3936.26318359375,2304068
2024-03-12 00:00:00+05:30,TCS.NS,3936.2634988875275,4039.006431158572,3935.021902315305,4003.008056640625,4039801
2024-03-13 00:00:00+05:30,TCS.NS,4015.1823119675864,4049.557237825097,3945.382022047853,3961.710205078125,2837260
2024-03-14 00:00:00+05:30,TCS.NS,3965.959755661069,4034.2797384638684,3901.5543222161814,4017.665283203125,2919608
2024-03-15 00:00:00+05:30,TCS.NS,4003.342404564304,4047.6477740948294,3988.4465091753013,4028.789306640625,3373143
2024-03-18 00:00:00+05:30,TCS.NS,4024.969899930271,4062.686835117329,3931.9667150207774,3965.052490234375,1526904
2024-03-19 00:00:00+05:30,TCS.NS,3868.3727671979555,3874.8180658535766,3787.544041009118,3797.760986328125,8931209
2024-03-20 00:00:00+05:30,TCS.NS,3806.068367984223,3836.6238591471674,3781.43295661012,3791.64990234375,1817913
2024-03-21 00:00:00+05:30,TCS.NS,3809.9353605723127,3827.4568840908046,3769.7834913016204,3793.607177734375,3829582
2024-03-22 00:00:00+05:30,TCS.NS,3721.0854635163664,3760.2346818905444,3680.9813861574526,3734.35791015625,5852485
2024-03-26 00:00:00+05:30,TCS.NS,3700.079160748106,3768.5425143371926,3696.6893641833103,3702.46630859375,3440925
2024-03-27 00:00:00+05:30,TCS.NS,3712.9694508618754,3719.1760347452755,3656.5371872279266,3667.51806640625,1968575
2024-03-28 00:00:00+05:30,TCS.NS,3676.302808642389,3738.2730658344526,3667.1360687962233,3701.320068359375,4311783
2024-04-01 00:00:00+05:30,TCS.NS,3721.754223672464,3755.747300480612,3712.5399267137973,3739.9443359375,1569676
2024-04-02 00:00:00+05:30,TCS.NS,3714.401769042016,3733.3558147618187,3698.1691649099557,3708.481689453125,2142666
2024-04-03 00:00:00+05:30,TCS.NS,3677.162259779897,3801.2939382455907,3677.162259779897,3769.115234375,3973090
2024-04-04 00:00:00+05:30,TCS.NS,3796.4238812050103,3846.7926944680185,3757.608955322321,3822.587158203125,3394637
2024-04-05 00:00:00+05:30,TCS.NS,3798.429717072352,3821.346336783196,3781.7196818665284,3799.623291015625,1636819
2024-04-08 00:00:00+05:30,TCS.NS,3803.2038169653624,3850.612478302472,3781.242057540255,3793.2255859375,2302538
2024-04-09 00:00:00+05:30,TCS.NS,3804.158842501693,3834.571199588431,3747.8699423973926,3768.3994140625,1876992
2024-04-10 00:00:00+05:30,TCS.NS,3777.804526751909,3810.0788116116587,3741.1380298148547,3804.779296875,2101965
2024-04-12 00:00:00+05:30,TCS.NS,3791.745327044356,3832.183701481011,3767.396421015741,3820.77294921875,4354821
2024-04-15 00:00:00+05:30,TCS.NS,3820.772996845027,3880.738193181066,3742.140492150271,3763.29052734375,4200329
2024-04-16 00:00:00+05:30,TCS.NS,3725.8601098443683,3751.354800517377,3688.477470314158,3697.978271484375,3051420
2024-04-18 00:00:00+05:30,TCS.NS,3701.7974874334654,3758.3250946724493,3676.207219128285,3687.66552734375,3476284
2024-04-19 00:00:00+05:30,TCS.NS,3664.749072987277,3678.6423189369357,3629.323708606485,3653.481689453125,2957749
2024-04-22 00:00:00+05:30,TCS.NS,3663.794476443267,3702.943700715921,3639.9229982282336,3690.148681640625,1728883
2024-04-23 00:00:00+05:30,TCS.NS,3702.036492584922,3719.1761666777247,3686.3291071314047,3699.79248046875,1807586
2024-04-24 00:00:00+05:30,TCS.NS,3714.4021828728955,3722.041056256696,3651.8111174603987,3658.11328125,1317312
2024-04-25 00:00:00+05:30,TCS.NS,3639.1588831449344,3698.789786133694,3638.967957952699,3678.30810546875,2856271
2024-04-26 00:00:00+05:30,TCS.NS,3681.1246341107358,3701.797471633159,3630.8991898525846,3648.8505859375,2039178
2024-04-29 00:00:00+05:30,TCS.NS,3664.7494314876817,3702.7528724246417,3646.798032776162,3695.495849609375,1110693
2024-04-30 00:00:00+05:30,TCS.NS,3697.2144816964656,3706.5243580385472,3638.0132167519455,3648.182373046875,2203078
2024-05-02 00:00:00+05:30,TCS.NS,3607.5054878702526,3696.355174204656,3607.5054878702526,3688.9072265625,2491044
2024-05-03 00:00:00+05:30,TCS.NS,3714.545182277641,3717.8396327995197,3626.173155555594,3669.905517578125,2962234
2024-05-06 00:00:00+05:30,TCS.NS,3679.071845167133,3762.0967912598144,3679.071845167133,3744.050048828125,2053831
2024-05-07 00:00:00+05:30,TCS.NS,3753.359813914966,3807.9777022378325,3736.840706546579,3799.336181640625,2062112
2024-05-08 00:00:00+05:30,TCS.NS,3782.1965590042273,3804.444820681169,3760.807810312846,3797.426513671875,1247685
2024-05-09 00:00:00+05:30,TCS.NS,3783.151898538307,3791.745630766183,3733.5470130247145,3781.43310546875,1726486
2024-05-10 00:00:00+05:30,TCS.NS,3783.724738667533,3794.2281887002428,3709.675369312951,3718.125732421875,1672489
2024-05-13 00:00:00+05:30,TCS.NS,3709.1501462351494,3776.467712282151,3695.3046893886026,3769.5927734375,931326
2024-05-14 00:00:00+05:30,TCS.NS,3758.3255802892677,3767.683246498319,3717.1710580498243,3725.096435546875,1058317
2024-05-15 00:00:00+05:30,TCS.NS,3728.2470590063567,3749.6835974700216,3700.5561473118546,3705.23486328125,1115021
2024-05-16 00:00:00+05:30,TCS.NS,3742.456838999375,3760.15384977655,3696.6751046466734,3751.930419921875,2599399
2024-05-17 00:00:00+05:30,TCS.NS,3769.290932634866,3770.2527318011416,3683.6908068363196,3687.63427734375,2765804
2024-05-21 00:00:00+05:30,TCS.NS,3684.26823376546,3697.8775989789833,3664.5032125756693,3674.265380859375,1908117
2024-05-22 00:00:00+05:30,TCS.NS,3688.4998995277233,3694.511144474802,3671.7165505983294,3685.614501953125,1311168
2024-05-23 00:00:00+05:30,TCS.NS,3694.2225831135406,3755.825868716935,3679.3628324652072,3744.717041015625,2095742
2024-05-24 00:00:00+05:30,TCS.NS,3730.0977721050167,3735.435804663223,3697.4447360116023,3702.446044921875,1309452
2024-05-27 00:00:00+05:30,TCS.NS,3707.7356115179823,3759.0476885498992,3694.6071474418045,3700.08935546875,1841538
2024-05-28 00:00:00+05:30,TCS.NS,3710.621060602496,3722.1626502155677,3683.6906848386625,3693.21240234375,1801993
2024-05-29 00:00:00+05:30,TCS.NS,3701.8690727040507,3701.8690727040507,3654.8371828816253,3658.34765625,1568095
2024-05-30 00:00:00+05:30,TCS.NS,3632.715174527771,3649.450384821507,3573.5163933864274,3593.377685546875,2919230
2024-05-31 00:00:00+05:30,TCS.NS,3597.1288311929115,3606.5545098524694,3514.173654270348,3530.716552734375,10956800
2024-06-03 00:00:00+05:30,TCS.NS,3590.2040318841996,3608.2377665384206,3554.8097750399984,3561.398193359375,2156773
2024-06-04 00:00:00+05:30,TCS.NS,3558.656996551144,3601.9379600227116,3454.3017846252524,3573.083984375,3395997
2024-06-05 00:00:00+05:30,TCS.NS,3574.0457812307864,3639.2558131149094,3558.656994228716,3603.33251953125,2799670
2024-06-06 00:00:00+05:30,TCS.NS,3636.56241348413,3693.2122868036663,3598.5713488629654,3684.0751953125,4328036
2024-06-07 00:00:00+05:30,TCS.NS,3690.7119259738774,3765.443672980527,3690.7119259738774,3745.19775390625,4552445
2024-06-10 00:00:00+05:30,TCS.NS,3746.20779064658,3756.6913077396334,3695.1361604735534,3711.29443359375,1734661
2024-06-11 00:00:00+05:30,TCS.NS,3698.117665434883,3731.7324981617485,3694.2704689038715,3704.946533203125,1419898
2024-06-12 00:00:00+05:30,TCS.NS,3726.3945012041186,3744.764958738886,3681.238078457762,3685.277587890625,2177001
2024-06-13 00:00:00+05:30,TCS.NS,3709.467192860258,3741.3988792628375,3704.8505097481875,3730.00146484375,1932323
2024-06-14 00:00:00+05:30,TCS.NS,3740.437014038603,3740.437014038603,3681.7672640112555,3685.66259765625,1860730
2024-06-18 00:00:00+05:30,TCS.NS,3679.8917613706085,3695.23241116938,3650.0759871003715,3669.360107421875,1774045
2024-06-19 00:00:00+05:30,TCS.NS,3681.4305657786617,3687.393908592031,3648.0561809382543,3656.471923828125,1509050
2024-06-20 00:00:00+05:30,TCS.NS,3650.9894727993596,3664.4065236093124,3635.6488237424105,3642.57373046875,2846526
2024-06-21 00:00:00+05:30,TCS.NS,3680.805261213651,3729.6647038570986,3652.961223433323,3665.176025390625,4642195
2024-06-24 00:00:00+05:30,TCS.NS,3663.252343284307,3709.659150127357,3646.4689958552112,3670.994873046875,1702154
2024-06-25 00:00:00+05:30,TCS.NS,3671.1875692289377,3700.6666209665473,3648.008114439095,3691.818115234375,1338808
2024-06-26 00:00:00+05:30,TCS.NS,3697.636708742461,3719.229051976328,3694.270411829833,3708.55322265625,1639845
2024-06-27 00:00:00+05:30,TCS.NS,3684.652571402827,3791.4122778569417,3672.245456200075,3783.862060546875,4526556
2024-06-28 00:00:00+05:30,TCS.NS,3768.137000917722,3808.7248807139936,3748.949153595159,3755.00830078125,2731571
2024-07-01 00:00:00+05:30,TCS.NS,3735.6275786977944,3848.8312819956936,3735.6275786977944,3826.22900390625,2658723
2024-07-02 00:00:00+05:30,TCS.NS,3841.0412524117046,3869.7026797753697,3830.4133246392416,3863.931884765625,2307449
2024-07-03 00:00:00+05:30,TCS.NS,3866.4326746323527,3872.2997435120974,3803.915728400735,3813.774169921875,1821198
2024-07-04 00:00:00+05:30,TCS.NS,3847.0526133717367,3892.7380752449785,3829.9806776191044,3867.346435546875,2518001
2024-07-05 00:00:00+05:30,TCS.NS,3856.8148570260837,3872.9249938977014,3835.655274269332,3858.546142578125,1668616
2024-07-08 00:00:00+05:30,TCS.NS,3868.356357887955,3877.253000431581,3826.085330278659,3840.656494140625,1758882
2024-07-09 00:00:00+05:30,TCS.NS,3832.769832819263,3853.8812784110864,3823.2481146132445,3833.250732421875,1305801
2024-07-10 00:00:00+05:30,TCS.NS,3831.5195626919294,3850.3709216097873,3752.940612213008,3759.8173828125,2669716
2024-07-11 00:00:00+05:30,TCS.NS,3780.832460057338,3827.96061842488,3746.7848640603625,3773.811279296875,4872189
2024-07-12 00:00:00+05:30,TCS.NS,3827.9612066198843,4039.5091500984563,3819.593599688873,4024.120361328125,13509164
2024-07-15 00:00:00+05:30,TCS.NS,4073.892995406388,4078.0285440501298,3998.2471138098213,4009.933349609375,4848030
2024-07-16 00:00:00+05:30,TCS.NS,4012.625554106788,4034.3139343870325,3986.5607064619517,4018.829345703125,2029521
2024-07-18 00:00:00+05:30,TCS.NS,4001.084703910708,4159.781573176397,4001.084703910708,4150.6923828125,5613364
2024-07-19 00:00:00+05:30,TCS.NS,4162.116257683314,4201.979119036148,4131.122688809786,4147.65576171875,3903354
2024-07-22 00:00:00+05:30,TCS.NS,4145.294372304492,4164.575034563433,4111.601226719275,4133.1474609375,1896386
2024-07-23 00:00:00+05:30,TCS.NS,4128.953289405216,4204.822873881606,4112.853750210899,4147.607421875,2365208
2024-07-24 00:00:00+05:30,TCS.NS,4133.2915683962265,4183.03576631366,4114.589421974038,4151.3671875,1809793
2024-07-25 00:00:00+05:30,TCS.NS,4140.521806883495,4186.795391686849,4120.470108423073,4167.03271484375,2810342
2024-07-26 00:00:00+05:30,TCS.NS,4193.543968012702,4263.38835411249,4181.059551130559,4230.03271484375,3552210
2024-07-29 00:00:00+05:30,TCS.NS,4256.206017658637,4271.630546827955,4213.788562443014,4223.525390625,1746803
2024-07-30 00:00:00+05:30,TCS.NS,4233.165648077155,4239.817382022423,4171.660056647635,4208.341796875,1797906
2024-07-31 00:00:00+05:30,TCS.NS,4193.54341075026,4255.241520701527,4188.723245910317,4227.6220703125,2330091
2024-08-01 00:00:00+05:30,TCS.NS,4241.166794700349,4260.3509577479335,4208.052166158217,4238.94970703125,2202244
2024-08-02 00:00:00+05:30,TCS.NS,4208.004159633621,4239.817249500267,4116.421022138731,4129.00146484375,2811282
2024-08-05 00:00:00+05:30,TCS.NS,4086.5357361183483,4086.5357361183483,3962.6575001921374,4005.60498046875,2787771
2024-08-06 00:00:00+05:30,TCS.NS,4020.933796427503,4105.093692530791,4011.1484844962138,4021.1748046875,2203067
2024-08-07 00:00:00+05:30,TCS.NS,4075.931724905789,4092.2722733489227,4029.9471602514795,4049.372802734375,1237666
2024-08-08 00:00:00+05:30,TCS.NS,4030.622586737492,4079.7882772238854,4010.377890654859,4022.476318359375,2441283
2024-08-09 00:00:00+05:30,TCS.NS,4065.3266663626036,4100.658377369868,4054.288301567971,4076.654052734375,1302536
2024-08-12 00:00:00+05:30,TCS.NS,4077.859253870528,4086.5355501553586,4035.779311032938,4044.74462890625,936912
2024-08-13 00:00:00+05:30,TCS.NS,4061.4710767002734,4081.7157699380386,4032.5500863606085,4045.99853515625,1495593
2024-08-14 00:00:00+05:30,TCS.NS,4057.615328501506,4151.319534354046,4037.515144170132,4140.76318359375,3226545
2024-08-16 00:00:00+05:30,TCS.NS,4193.54310061731,4267.77363366272,4169.538775633477,4257.21728515625,3457058
2024-08-19 00:00:00+05:30,TCS.NS,4261.990021771471,4332.605441155041,4232.442503572573,4328.50830078125,2055210
2024-08-20 00:00:00+05:30,TCS.NS,4342.969221968976,4400.811209386987,4338.149056350809,4360.61083984375,2212298
2024-08-21 00:00:00+05:30,TCS.NS,4355.501279840781,4395.990667568384,4330.966450656232,4387.79638671875,1896990
2024-08-22 00:00:00+05:30,TCS.NS,4395.99057536928,4396.906595026849,4335.44948994356,4340.07666015625,1829872
2024-08-23 00:00:00+05:30,TCS.NS,4338.148856270688,4343.933054745716,4294.767367707981,4303.34716796875,1809253
2024-08-26 00:00:00+05:30,TCS.NS,4327.543822710248,4388.422408095066,4323.6876909903,4340.51025390625,1844164
2024-08-27 00:00:00+05:30,TCS.NS,4342.969121176248,4347.789286682549,4325.4235304456015,4335.4013671875,930697
2024-08-28 00:00:00+05:30,TCS.NS,4336.944191511195,4398.401305644863,4296.984828622048,4343.9814453125,1848058
2024-08-29 00:00:00+05:30,TCS.NS,4299.5872043857225,4392.134372910617,4299.5872043857225,4349.52392578125,2133641
2024-08-30 00:00:00+05:30,TCS.NS,4338.148557593329,4427.080603023993,4326.38716654949,4389.96533203125,3637222
2024-09-02 00:00:00+05:30,TCS.NS,4411.41521031719,4422.9836068477425,4349.717095487579,4358.44140625,1216500
2024-09-03 00:00:00+05:30,TCS.NS,4358.441492719485,4392.038139120691,4334.196155320372,4350.0546875,1717263
2024-09-04 00:00:00+05:30,TCS.NS,4315.927443783511,4325.615786508623,4277.125118085501,4318.14453125,1265505
2024-09-05 00:00:00+05:30,TCS.NS,4319.832045744477,4337.184640438384,4293.947664515546,4314.9638671875,1688793
2024-09-06 00:00:00+05:30,TCS.NS,4313.036147727095,4356.417637948214,4280.307035150334,4296.45458984375,1649179
2024-09-09 00:00:00+05:30,TCS.NS,4294.766863264564,4328.749025313964,4271.148055599024,4289.5126953125,1184938
2024-09-10 00:00:00+05:30,TCS.NS,4282.668162536592,4376.661370673829,4280.7400967286485,4345.7158203125,1385591
2024-09-11 00:00:00+05:30,TCS.NS,4358.827586295432,4385.724015259078,4310.4329370759415,4318.24169921875,1325919
2024-09-12 00:00:00+05:30,TCS.NS,4348.0296801859,4369.575911096477,4271.919089315057,4355.2119140625,2742216
2024-09-13 00:00:00+05:30,TCS.NS,4367.069296615252,4383.457856889526,4342.968472682497,4359.935546875,1458786
2024-09-16 00:00:00+05:30,TCS.NS,4364.17732856035,4382.541968659906,4332.798243146996,4350.921875,1155120
2024-09-17 00:00:00+05:30,TCS.NS,4350.921959825614,4372.660715800715,4305.371400339266,4343.59521484375,1699364
2024-09-18 00:00:00+05:30,TCS.NS,4335.30452036304,4335.30452036304,4165.586694851035,4189.83203125,2961779
2024-09-19 00:00:00+05:30,TCS.NS,4232.152478713516,4263.146513275474,4127.79591644136,4141.6298828125,2927551
2024-09-20 00:00:00+05:30,TCS.NS,4161.634214107266,4174.938152739774,4075.4497528623806,4130.78515625,5447908
2024-09-23 00:00:00+05:30,TCS.NS,4145.3426307909685,4154.404448444648,4100.033071803254,4114.9755859375,1702319
2024-09-24 00:00:00+05:30,TCS.NS,4098.730188411814,4136.664975349872,4087.499299809708,4117.67333984375,3012026
2024-09-25 00:00:00+05:30,TCS.NS,4099.405269570989,4135.315493984469,4087.4993694806717,4120.99951171875,2713073
2024-09-26 00:00:00+05:30,TCS.NS,4106.780258080955,4161.53713990102,4106.780258080955,4138.111328125,3964251
2024-09-27 00:00:00+05:30,TCS.NS,4179.083373733514,4220.536795895115,4145.390229526084,4153.7294921875,3012477
2024-09-30 00:00:00+05:30,TCS.NS,4132.713702120742,4144.137589328529,4106.829317363682,4114.9755859375,2503416
2024-10-01 00:00:00+05:30,TCS.NS,4102.490682592709,4141.244999726133,4090.34424266424,4133.67724609375,1823365
2024-10-03 00:00:00+05:30,TCS.NS,4109.286975952268,4125.097022300532,4058.5787482788596,4080.510498046875,3350119
2024-10-04 00:00:00+05:30,TCS.NS,4073.03966948564,4143.414082709889,4072.1236497929604,4099.3095703125,2965463
2024-10-07 00:00:00+05:30,TCS.NS,4120.1809917846585,4142.691258921902,4077.281518628099,4119.1689453125,1472619
2024-10-08 00:00:00+05:30,TCS.NS,4118.9280610616215,4125.483298082855,4052.747280579048,4100.27392578125,1541867
2024-10-09 00:00:00+05:30,TCS.NS,4106.780130336914,4140.521281642499,4093.9586811284667,4099.98388671875,1082504
2024-10-10 00:00:00+05:30,TCS.NS,4100.274111543866,4139.41395268795,4047.5897925458103,4075.353759765625,2378875
2024-10-11 00:00:00+05:30,TCS.NS,3993.9888713374494,4089.3801286135276,3964.537850351833,3999.966064453125,5759183
2024-10-14 00:00:00+05:30,TCS.NS,3991.0967923333,4015.583137446759,3973.937192480054,3987.8671875,2137590
2024-10-15 00:00:00+05:30,TCS.NS,3982.4679376245595,4019.9691941452015,3947.714739741859,3968.73046875,2759474
2024-10-16 00:00:00+05:30,TCS.NS,3938.074910652084,3966.9959014279866,3920.91507571979,3947.6669921875,2359151
2024-10-17 00:00:00+05:30,TCS.NS,3964.8748071016144,3981.4083499313706,3945.7388929151134,3961.211669921875,2522659
2024-10-18 00:00:00+05:30,TCS.NS,3952.5142923868125,4006.776710853755,3942.850443261172,3984.453125,2361000
2024-10-21 00:00:00+05:30,TCS.NS,3993.682370369564,4000.78539382613,3933.186580676541,3942.70556640625,1595450
2024-10-22 00:00:00+05:30,TCS.NS,3929.320744784857,3952.3207510778343,3871.6759836673737,3880.518310546875,1928049
2024-10-23 00:00:00+05:30,TCS.NS,3865.153042421479,3975.272315864082,3860.85244097846,3929.5625,1966476
2024-10-24 00:00:00+05:30,TCS.NS,3869.4051429301385,3941.884010492516,3869.4051429301385,3911.829345703125,2676744
2024-10-25 00:00:00+05:30,TCS.NS,3920.6718368553634,3954.446941330257,3897.140270580229,3921.155029296875,1759676
2024-10-28 00:00:00+05:30,TCS.NS,3932.1714800258023,3995.034859975357,3914.8249196323586,3953.33544921875,1532534
2024-10-29 00:00:00+05:30,TCS.NS,3958.16763280639,3965.560382816574,3923.6193731047465,3938.260009765625,1445885
2024-10-30 00:00:00+05:30,TCS.NS,3938.0182306494053,3968.9425455894743,3923.5708244501016,3947.34375,1935002
2024-10-31 00:00:00+05:30,TCS.NS,3933.186481064544,3941.207522795,3826.8841437384754,3835.050048828125,3740372
2024-11-01 00:00:00+05:30,TCS.NS,3855.730968312658,3864.524929526368,3842.3948092268606,3850.270751953125,154895
2024-11-04 00:00:00+05:30,TCS.NS,3832.972400304222,3857.711711695001,3781.7056351856645,3830.89453125,2269192
2024-11-05 00:00:00+05:30,TCS.NS,3808.6193975736255,3852.009982633179,3808.6193975736255,3837.8525390625,967590
2024-11-06 00:00:00+05:30,TCS.NS,3869.0184054781503,4010.303584712349,3841.6213011336513,4000.494873046875,3792017
2024-11-07 00:00:00+05:30,TCS.NS,4029.5355076485175,4064.42162678781,3947.7308802151356,4011.3671875,3724349
2024-11-08 00:00:00+05:30,TCS.NS,4015.3289790506506,4029.5831553300723,3979.2344111831385,4007.597900390625,1648039
2024-11-11 00:00:00+05:30,TCS.NS,3989.4299300243847,4091.9629800652096,3979.2342872384925,4057.56005859375,1406487
2024-11-12 00:00:00+05:30,TCS.NS,4074.2788089026935,4076.2115787361386,4024.3651223274956,4056.303955078125,1587640
2024-11-13 00:00:00+05:30,TCS.NS,4037.6528745300852,4055.6758586730907,3992.184181532681,4010.835693359375,1098813
2024-11-14 00:00:00+05:30,TCS.NS,3996.0014114683854,4020.161033061302,3978.075160993485,4006.534912109375,1825432
2024-11-18 00:00:00+05:30,TCS.NS,4071.3792519766916,4071.3792519766916,3856.0686666127654,3884.3837890625,3313944
2024-11-19 00:00:00+05:30,TCS.NS,3884.7704056996986,3993.247106272653,3879.1655622567805,3903.760009765625,1776233
2024-11-21 00:00:00+05:30,TCS.NS,3908.9302706927815,3954.881920850917,3888.732920227157,3935.94091796875,2384347
2024-11-22 00:00:00+05:30,TCS.NS,3934.152965837454,4111.919658653727,3917.7244223790317,4101.91748046875,3096553
2024-11-25 00:00:00+05:30,TCS.NS,4136.127160650989,4182.610366339302,4109.261850550811,4170.04736328125,4052167
2024-11-26 00:00:00+05:30,TCS.NS,4175.797329148291,4219.816444946144,4165.118964633349,4206.3837890625,2060669
2024-11-27 00:00:00+05:30,TCS.NS,4212.423091731362,4230.252607658773,4178.695885685904,4186.91015625,1558993
2024-11-28 00:00:00+05:30,TCS.NS,4173.816244332727,4194.062196061659,4090.7071456958633,4102.20703125,2558544
2024-11-29 00:00:00+05:30,TCS.NS,4078.1443883814027,4154.199070816993,4054.612821055958,4127.28515625,2017425
2024-12-02 00:00:00+05:30,TCS.NS,4126.463283598858,4144.051676505499,4087.8560203366483,4132.8896484375,1670944
2024-12-03 00:00:00+05:30,TCS.NS,4169.322463028103,4179.614367038159,4122.066339471409,4158.1123046875,2010905
2024-12-04 00:00:00+05:30,TCS.NS,4168.549449151754,4239.482479199273,4144.873018803544,4208.0263671875,3302642
2024-12-05 00:00:00+05:30,TCS.NS,4252.866872084178,4338.102216885899,4213.438553268549,4313.99072265625,3746747
2024-12-06 00:00:00+05:30,TCS.NS,4303.311851411364,4314.908469919546,4264.414860165169,4296.06396484375,1842087
2024-12-09 00:00:00+05:30,TCS.NS,4281.519480257453,4319.159882937311,4267.119970069553,4302.48974609375,2066639
2024-12-10 00:00:00+05:30,TCS.NS,4277.36405967509,4342.739898114828,4263.78654175507,4283.548828125,2087828
2024-12-11 00:00:00+05:30,TCS.NS,4282.872604248985,4299.10768027082,4258.857847404851,4278.62060546875,1635256
2024-12-12 00:00:00+05:30,TCS.NS,4281.132929290767,4334.235964469825,4277.21925947457,4305.1962890625,1914642
2024-12-13 00:00:00+05:30,TCS.NS,4285.869352921617,4343.803850664891,4246.6821579739835,4323.509765625,1967048
2024-12-16 00:00:00+05:30,TCS.NS,4309.110183879598,4324.572341973805,4249.194321264541,4266.78271484375,1646224
2024-12-17 00:00:00+05:30,TCS.NS,4261.756942764887,4283.935662540592,4172.849541691334,4182.99658203125,3225027
2024-12-18 00:00:00+05:30,TCS.NS,4166.761572566735,4215.370539745701,4145.404373899688,4201.6962890625,1575404
2024-12-19 00:00:00+05:30,TCS.NS,4138.059897693995,4217.303454819382,4118.732200834144,4128.29931640625,3015763
2024-12-20 00:00:00+05:30,TCS.NS,4183.4799645207795,4234.698360944804,4012.913040580397,4030.114501953125,4116989
2024-12-23 00:00:00+05:30,TCS.NS,4058.8646352330907,4075.245047731394,3976.5770568975017,4018.51806640625,2195338
2024-12-24 00:00:00+05:30,TCS.NS,4018.5180669842844,4076.211433199807,4018.5180669842844,4039.005615234375,1181886
2024-12-26 00:00:00+05:30,TCS.NS,4039.005385956038,4058.7681444226105,4003.877203107941,4028.955078125,1208464
2024-12-27 00:00:00+05:30,TCS.NS,4023.060726201763,4040.40752557466,4007.840162560716,4024.8486328125,858100
2024-12-30 00:00:00+05:30,TCS.NS,4011.463851124228,4058.1400545740635,3973.7748387913334,4019.00146484375,1527169
2024-12-31 00:00:00+05:30,TCS.NS,3996.001210269241,4000.7850038508172,3896.5119407456687,3957.152587890625,1555429
2025-01-01 00:00:00+05:30,TCS.NS,3956.7659433990707,3995.034876942136,3948.116846379581,3974.20947265625,763161
2025-01-02 00:00:00+05:30,TCS.NS,3981.50587656409,4042.388126618347,3959.2308928706593,4035.3818359375,1720835
2025-01-03 00:00:00+05:30,TCS.NS,4039.440692055234,4039.440692055234,3954.7369152564975,3962.081298828125,1791953
2025-01-06 00:00:00+05:30,TCS.NS,3967.4929881560497,4010.1587847646483,3929.7072462762812,3957.345947265625,2085593
2025-01-07 00:00:00+05:30,TCS.NS,3976.6253239855905,4001.171403547374,3876.700994043036,3892.887939453125,2669054
2025-01-08 00:00:00+05:30,TCS.NS,3899.2658841446773,3987.303632646672,3882.6924794149704,3970.295166015625,2181277
2025-01-09 00:00:00+05:30,TCS.NS,3963.144467280376,3998.6591122870946,3889.989177677788,3903.083740234375,2392472
2025-01-10 00:00:00+05:30,TCS.NS,4058.816208833946,4152.555535561777,4029.824664485132,4122.25927734375,7894300
2025-01-13 00:00:00+05:30,TCS.NS,4102.304052275712,4177.633946764794,4085.295583032913,4146.8544921875,4003771
2025-01-14 00:00:00+05:30,TCS.NS,4157.387798026273,4168.887683847196,4077.2259826296945,4090.75537109375,3441709
2025-01-15 00:00:00+05:30,TCS.NS,4076.2116534172965,4113.36934289311,4066.0164811061386,4106.74951171875,1653474
2025-01-16 00:00:00+05:30,TCS.NS,4116.799597933809,4149.656683926709,4050.940562589214,4064.904541015625,2637705
2025-01-17 00:00:00+05:30,TCS.NS,4094.0359508349425,4094.7250599119097,4035.133463463163,4058.99951171875,1761466
2025-01-20 00:00:00+05:30,TCS.NS,4080.1591970966515,4080.1591970966515,4003.68971251208,4013.236083984375,1287799
2025-01-21 00:00:00+05:30,TCS.NS,4030.458871168815,4045.9102438944124,3966.1927226695407,3971.9501953125,1971591
2025-01-22 00:00:00+05:30,TCS.NS,3985.8758020500386,4097.2341866812185,3980.1675861797344,4090.7880859375,2409223
2025-01-23 00:00:00+05:30,TCS.NS,4102.007467712743,4124.987859977081,4074.499811787622,4079.814697265625,1822998
2025-01-24 00:00:00+05:30,TCS.NS,4039.0213862561122,4111.849744585292,4039.0213862561122,4086.60595703125,1910099
2025-01-27 00:00:00+05:30,TCS.NS,4037.0527805961183,4090.542349798662,3977.067853766373,4000.7861328125,1551782
2025-01-28 00:00:00+05:30,TCS.NS,4006.3469263960387,4037.052887627697,3964.519830412573,3976.329833984375,2468272
2025-01-29 00:00:00+05:30,TCS.NS,3989.8127972855,4042.8102834137635,3989.8127972855,4034.887451171875,1217089
2025-01-30 00:00:00+05:30,TCS.NS,4034.9860159881932,4064.511024735467,3994.24160002701,4035.133544921875,1531251
2025-01-31 00:00:00+05:30,TCS.NS,4044.9264253558604,4063.0844989744755,4020.568291772513,4047.288330078125,1492943
2025-02-01 00:00:00+05:30,TCS.NS,4047.8788185203425,4070.416146418094,3991.781300247632,4008.65966796875,437172
2025-02-03 00:00:00+05:30,TCS.NS,3967.0784110116783,4012.4486029262193,3935.388283689166,4004.230712890625,1265713
2025-02-04 00:00:00+05:30,TCS.NS,4019.0425508168632,4053.63616349098,4001.6721001506876,4042.022705078125,2547132
2025-02-05 00:00:00+05:30,TCS.NS,4084.2927757507155,4084.2927757507155,4011.4644226409437,4026.325439453125,1693912
2025-02-06 00:00:00+05:30,TCS.NS,4040.3989516054667,4073.9591411356755,3987.4017048416554,4018.107666015625,2284536
2025-02-07 00:00:00+05:30,TCS.NS,4025.242909445723,4025.242909445723,3944.5412178627034,3965.602294921875,1548940
2025-02-10 00:00:00+05:30,TCS.NS,3976.0344720918165,3987.8444754742677,3950.7906859718814,3973.03271484375,1339511
2025-02-11 00:00:00+05:30,TCS.NS,3954.7763343520787,3976.034436359499,3892.380246485599,3900.794921875,1810908
2025-02-12 00:00:00+05:30,TCS.NS,3908.225423162638,3958.0733824566832,3877.765264214856,3887.60693359375,1678002
2025-02-13 00:00:00+05:30,TCS.NS,3905.174387520859,3921.3638855028084,3840.4654117195746,3848.240234375,2277310
2025-02-14 00:00:00+05:30,TCS.NS,3862.8554196257824,3885.4912603012967,3838.2512449784845,3872.549560546875,1681975
2025-02-17 00:00:00+05:30,TCS.NS,3795.439917114117,3871.7128572350416,3795.144618968299,3842.679931640625,1799806
2025-02-18 00:00:00+05:30,TCS.NS,3836.6762023241963,3862.2645420941762,3803.313040041849,3811.875244140625,2149879
2025-02-19 00:00:00+05:30,TCS.NS,3810.891244071504,3813.5977032041283,3708.488624107545,3724.186279296875,4366672
2025-02-20 00:00:00+05:30,TCS.NS,3701.9440542383145,3728.024478919244,3691.9055992086073,3719.560546875,2888572
2025-02-21 00:00:00+05:30,TCS.NS,3716.312751938317,3756.5650823062147,3715.230072231061,3726.055908203125,1833931
2025-02-24 00:00:00+05:30,TCS.NS,3683.8840878009846,3703.6166814091953,3611.8923780648593,3617.40380859375,2508516
2025-02-25 00:00:00+05:30,TCS.NS,3567.6050003776913,3600.0825079673364,3563.9143745152314,3572.0830078125,4101954
2025-02-27 00:00:00+05:30,TCS.NS,3554.5156569204064,3580.3992952627914,3543.6898206785454,3555.352294921875,3823856
2025-02-28 00:00:00+05:30,TCS.NS,3528.1893424937143,3543.001103495299,3402.26522632868,3428.099609375,7085018
2025-03-03 00:00:00+05:30,TCS.NS,3429.8217928275967,3467.466178358631,3421.1118192809513,3437.744384765625,4990439
2025-03-04 00:00:00+05:30,TCS.NS,3418.995773012434,3494.7766234793185,3409.4494022424083,3476.126708984375,2797737
2025-03-05 00:00:00+05:30,TCS.NS,3465.104278437371,3543.3455504299354,3465.104278437371,3490.889404296875,2501894
2025-03-06 00:00:00+05:30,TCS.NS,3500.681983864865,3552.301494441748,3480.1129898813674,3544.575927734375,2786513
2025-03-07 00:00:00+05:30,TCS.NS,3543.0010597320415,3567.6052337579586,3517.8062894194477,3554.023681640625,2051315
2025-03-10 00:00:00+05:30,TCS.NS,3549.3980060199115,3564.751106121065,3525.876512682056,3532.814697265625,1004626
2025-03-11 00:00:00+05:30,TCS.NS,3501.6657594502317,3531.928891013777,3481.6378673298386,3518.69189453125,1995450
2025-03-12 00:00:00+05:30,TCS.NS,3508.555346816935,3512.73805655718,3431.6427920563783,3450.686279296875,3174167
2025-03-13 00:00:00+05:30,TCS.NS,3446.847768174978,3468.4994398886056,3428.9359787214553,3455.459228515625,1693004
2025-03-17 00:00:00+05:30,TCS.NS,3433.7583525697237,3474.552022976726,3422.2929041663206,3442.320556640625,2690906
2025-03-18 00:00:00+05:30,TCS.NS,3442.320556640625,3442.320556640625,3442.320556640625,3442.320556640625,0
2025-03-19 00:00:00+05:30,TCS.NS,3490.840057701268,3490.840057701268,3407.9239948703316,3441.730224609375,3051244
2025-03-20 00:00:00+05:30,TCS.NS,3456.394331571365,3522.2842608792944,3456.394331571365,3506.734375,2845192
2025-03-21 00:00:00+05:30,TCS.NS,3419.9800483054673,3558.993625808531,3410.1383791017106,3521.44775390625,4161925
2025-03-24 00:00:00+05:30,TCS.NS,3543.000847877303,3591.963151261163,3510.129769454268,3571.492431640625,1834751
2025-03-25 00:00:00+05:30,TCS.NS,3587.2882979899273,3651.2591455535335,3580.3991297907696,3599.83642578125,3135390
2025-03-26 00:00:00+05:30,TCS.NS,3589.9948774821405,3622.226344067718,3568.441718073897,3578.234130859375,1734499
2025-03-27 00:00:00+05:30,TCS.NS,3557.616055783924,3605.0035991217837,3553.334833368605,3593.390380859375,2528474
2025-03-28 00:00:00+05:30,TCS.NS,3593.1934495717564,3602.9858624379135,3535.029088090658,3549.053466796875,2051919
2025-04-01 00:00:00+05:30,TCS.NS,3516.1329927216443,3527.2541266111284,3469.1882802188134,3494.579833984375,2618493
2025-04-02 00:00:00+05:30,TCS.NS,3487.8873911642027,3507.6692413832784,3474.1583113674365,3487.838134765625,1764313
2025-04-03 00:00:00+05:30,TCS.NS,3435.726488241664,3446.552323638587,3342.378166004515,3349.267333984375,4537821
2025-04-04 00:00:00+05:30,TCS.NS,3309.359696214885,3345.8228874432757,3243.3220014707335,3247.16015625,5317367
2025-04-07 00:00:00+05:30,TCS.NS,3050.917604991727,3239.2870668156766,3007.663514743727,3222.2119140625,6623955
2025-04-08 00:00:00+05:30,TCS.NS,3249.768270512254,3295.9748571370105,3203.758469207042,3240.812255859375,5557558
2025-04-09 00:00:00+05:30,TCS.NS,3208.9256141746023,3218.225943847207,3161.193516842312,3195.196533203125,2990265
2025-04-11 00:00:00+05:30,TCS.NS,3237.4666363546835,3246.7177101402076,3155.239434600079,3180.335693359375,7108961
2025-04-15 00:00:00+05:30,TCS.NS,3261.9225501392634,3261.9225501392634,3187.3228942463625,3196.770751953125,3512160
2025-04-16 00:00:00+05:30,TCS.NS,3196.7710501937127,3226.197786267431,3177.8750927421893,3221.9658203125,2384391
2025-04-17 00:00:00+05:30,TCS.NS,3194.113794556276,3251.293989715387,3167.0492037843464,3246.668212890625,2932346
2025-04-21 00:00:00+05:30,TCS.NS,3238.0075324909676,3300.895699711744,3232.102531239247,3269.0087890625,2432946
2025-04-22 00:00:00+05:30,TCS.NS,3269.9932127938664,3281.1141071380534,3242.8301087922596,3261.9228515625,2710498
2025-04-23 00:00:00+05:30,TCS.NS,3311.7216581561997,3366.736492414926,3284.460282754783,3358.961669921875,3543923
2025-04-24 00:00:00+05:30,TCS.NS,3347.2503481599792,3358.469755408652,3334.062366713585,3347.742431640625,2252175
2025-04-25 00:00:00+05:30,TCS.NS,3365.8510396652046,3422.7359386245157,3351.0885351052693,3393.40771484375,2742991
2025-04-28 00:00:00+05:30,TCS.NS,3380.613341017837,3403.052394655164,3351.088333672703,3388.978759765625,1593296
2025-04-29 00:00:00+05:30,TCS.NS,3400.2968535564028,3439.6635320346245,3376.0862501822417,3417.519775390625,1578332
2025-04-30 00:00:00+05:30,TCS.NS,3417.027637154589,3454.32746830495,3312.7059408589703,3399.017333984375,2809332
2025-05-02 00:00:00+05:30,TCS.NS,3417.0273551351647,3436.2186090018513,3365.8506781573337,3376.676513671875,1721761
2025-05-05 00:00:00+05:30,TCS.NS,3395.3761880943653,3449.013290196146,3391.8330907445547,3399.608154296875,1284443
2025-05-06 00:00:00+05:30,TCS.NS,3405.2177734375,3418.011944262554,3382.5819327470194,3405.2177734375,1324763
2025-05-07 00:00:00+05:30,TCS.NS,3366.4416202686452,3404.725619138935,3366.4416202686452,3390.5537109375,1477128
2025-05-08 00:00:00+05:30,TCS.NS,3393.407802844742,3421.9486457340977,3374.4133317633487,3394.29345703125,2543591
2025-05-09 00:00:00+05:30,TCS.NS,3345.1834469493565,3391.636078710749,3344.297792808673,3385.82958984375,2531757
2025-05-12 00:00:00+05:30,TCS.NS,3449.505112495261,3573.018063028258,3446.7493970179844,3563.077880859375,2228678
2025-05-13 00:00:00+05:30,TCS.NS,3563.077775622703,3565.636705692123,3454.9179286039744,3459.3466796875,3062887
2025-05-14 00:00:00+05:30,TCS.NS,3465.251807319678,3504.618485051228,3453.0482333329505,3492.51318359375,2119499
2025-05-15 00:00:00+05:30,TCS.NS,3507.57083651873,3543.000844968414,3458.461004249911,3523.218994140625,3548330
2025-05-16 00:00:00+05:30,TCS.NS,3536.997516867453,3536.997516867453,3489.954528726303,3504.913818359375,1666727
2025-05-19 00:00:00+05:30,TCS.NS,3493.7926303362833,3493.7926303362833,3448.225653046167,3463.086669921875,2537377
2025-05-20 00:00:00+05:30,TCS.NS,3475.8809706180728,3501.666097309959,3438.6794109052826,3442.911376953125,2038374
2025-05-21 00:00:00+05:30,TCS.NS,3452.4573676588943,3480.9982067872033,3442.910997108931,3469.9755859375,1440153
2025-05-22 00:00:00+05:30,TCS.NS,3439.6632460297133,3442.4189613490807,3396.6552014233635,3421.9482421875,2034383
2025-05-23 00:00:00+05:30,TCS.NS,3421.9485945277656,3479.0302794523013,3410.729187049207,3458.953369140625,1274331
2025-05-26 00:00:00+05:30,TCS.NS,3465.2517322885897,3488.871738416089,3454.524408949068,3481.293701171875,967470
2025-05-27 00:00:00+05:30,TCS.NS,3476.0774933490575,3483.950828554831,3427.951828013815,3443.3046875,2467680
2025-05-28 00:00:00+05:30,TCS.NS,3464.2675268115295,3473.1250290107637,3437.6950202138273,3442.320556640625,1222933
2025-05-29 00:00:00+05:30,TCS.NS,3449.2097128936152,3476.5696009789913,3431.297923230928,3442.71435546875,3188072
2025-05-30 00:00:00+05:30,TCS.NS,3434.7424116842376,3451.1779505275313,3398.4267499171647,3408.5634765625,3404365
2025-06-02 00:00:00+05:30,TCS.NS,3395.375740399357,3405.217409212108,3364.4729964373632,3395.178955078125,1877585
2025-06-03 00:00:00+05:30,TCS.NS,3391.439214740725,3418.503805107925,3346.6596197695403,3351.28515625,2848125
2025-06-04 00:00:00+05:30,TCS.NS,3364.9875293233777,3370.746482399833,3346.1221522041255,3356.94482421875,2544807
2025-06-05 00:00:00+05:30,TCS.NS,3384.8457201630413,3384.8457201630413,3339.8666423105756,3347.21435546875,3584683
2025-06-06 00:00:00+05:30,TCS.NS,3347.2144001409188,3366.873914676264,3334.9021140402438,3360.221435546875,2070390
2025-06-09 00:00:00+05:30,TCS.NS,3375.9095645850753,3409.668660230926,3366.873944962607,3397.654296875,1718678
2025-06-10 00:00:00+05:30,TCS.NS,3415.626122829056,3461.1016586442274,3398.94510956099,3438.36376953125,2419874
2025-06-11 00:00:00+05:30,TCS.NS,3445.4136080819626,3464.278985186734,3424.6617902310286,3447.300048828125,2847013
2025-06-12 00:00:00+05:30,TCS.NS,3447.3000185229757,3450.080227817185,3398.9451271669373,3409.8671875,4060134
2025-06-13 00:00:00+05:30,TCS.NS,3369.157630228437,3426.0516828925206,3369.157630228437,3421.28564453125,2178493
2025-06-16 00:00:00+05:30,TCS.NS,3415.625963412075,3484.1370655851665,3401.9236944953027,3471.527099609375,1934088
2025-06-17 00:00:00+05:30,TCS.NS,3485.13008250971,3495.0592280439255,3463.3853507540894,3490.392578125,2111940
2025-06-18 00:00:00+05:30,TCS.NS,3494.1658240448833,3512.9318127961833,3418.7043153471695,3426.9453125,2696327
2025-06-19 00:00:00+05:30,TCS.NS,3425.5552808815073,3426.548195455676,3388.817441637271,3399.739501953125,2672768
2025-06-20 00:00:00+05:30,TCS.NS,3400.7323081895083,3421.8814364277036,3386.732116175425,3411.3564453125,2351248
2025-06-23 00:00:00+05:30,TCS.NS,3390.8032061585363,3400.732351710977,3346.122051172553,3369.554931640625,3123421
2025-06-24 00:00:00+05:30,TCS.NS,3410.264459071302,3417.711318302596,3358.0370560315137,3366.37744140625,3403048
2025-06-25 00:00:00+05:30,TCS.NS,3383.157794223958,3425.555197020872,3375.909469527816,3420.39208984375,1757699
2025-06-26 00:00:00+05:30,TCS.NS,3420.392073713661,3426.945164265374,3391.10109463089,3417.413330078125,2879106
2025-06-27 00:00:00+05:30,TCS.NS,3430.5199217495656,3441.8390511551324,3406.689971497181,3416.718505859375,1778433
2025-06-30 00:00:00+05:30,TCS.NS,3415.526463469455,3440.3493257651157,3405.696706964679,3437.469970703125,1468351
2025-07-01 00:00:00+05:30,TCS.NS,3430.5197119515014,3460.3071479452915,3389.313758826758,3405.39892578125,2375183
2025-07-02 00:00:00+05:30,TCS.NS,3462.491327790443,3465.1721484055424,3395.7675231854428,3399.044189453125,3090585
2025-07-03 00:00:00+05:30,TCS.NS,3405.6969138623963,3410.959409470928,3373.5265793371623,3376.703857421875,2531870
2025-07-04 00:00:00+05:30,TCS.NS,3383.852895387978,3402.718272445599,3366.0798213348503,3395.5693359375,1109320
2025-07-07 00:00:00+05:30,TCS.NS,3394.0799444957242,3401.8247266726726,3384.249944744325,3387.526611328125,1639174
2025-07-08 00:00:00+05:30,TCS.NS,3380.873980731512,3400.732271367233,3369.3560751984837,3382.0654296875,2325242
2025-07-09 00:00:00+05:30,TCS.NS,3385.838776858228,3389.8104352475048,3343.1434491735054,3359.824462890625,2034938
2025-07-10 00:00:00+05:30,TCS.NS,3356.0512802151093,3374.91665723407,3332.2213302964224,3358.037109375,3035012
2025-07-11 00:00:00+05:30,TCS.NS,3276.5188393255935,3311.3702392578125,3237.993946212789,3242.859130859375,7635550
2025-07-14 00:00:00+05:30,TCS.NS,3242.8589718366698,3248.8164592313483,3177.3266104952063,3199.86572265625,3924009
2025-07-15 00:00:00+05:30,TCS.NS,3183.2841104563845,3236.3056515140206,3183.2841104563845,3229.256103515625,2590889
2025-07-16 00:00:00+05:30,TCS.NS,3215.0089950915135,3232.842384321887,3208.632873739526,3221.08642578125,2540733
2025-07-17 00:00:00+05:30,TCS.NS,3212.1199267281463,3229.9533162828457,3192.194243099011,3197.275146484375,2947640
2025-07-18 00:00:00+05:30,TCS.NS,3213.0165477432356,3216.802476353157,3175.157748110912,3178.046875,3432645
2025-07-21 00:00:00+05:30,TCS.NS,3178.1464846864797,3185.718341629892,3140.287686436296,3146.464599609375,3844346
2025-07-22 00:00:00+05:30,TCS.NS,3147.859619140625,3168.283445003984,3142.8781981983425,3147.859619140625,3198036
2025-07-23 00:00:00+05:30,TCS.NS,3147.859568015624,3170.1762361812234,3145.866999671073,3167.287109375,1922875
2025-07-24 00:00:00+05:30,TCS.NS,3153.339291883696,3161.9071902624382,3128.332460590057,3136.302734375,2934778
2025-07-25 00:00:00+05:30,TCS.NS,3128.3322940864455,3145.169399267611,3113.9858993305074,3124.14794921875,2568917
2025-07-28 00:00:00+05:30,TCS.NS,3098.443785696339,3106.4140591000596,3058.4926929668136,3067.85791015625,3374473
2025-07-29 00:00:00+05:30,TCS.NS,3048.629668071008,3062.5776469445354,3029.8994763655814,3044.64453125,4785312
2025-07-30 00:00:00+05:30,TCS.NS,3048.6295393197033,3057.5960967882907,3035.877053384358,3042.25341796875,2880121
2025-07-31 00:00:00+05:30,TCS.NS,3030.3975643658264,3048.430405452322,3003.796825207198,3025.515869140625,2968371
2025-08-01 00:00:00+05:30,TCS.NS,3018.64125499041,3025.515761579588,2988.8524561376125,2991.84130859375,2053847
2025-08-04 00:00:00+05:30,TCS.NS,2997.9189099713494,3067.957495262713,2980.483936317478,3062.97607421875,2519252
2025-08-05 00:00:00+05:30,TCS.NS,3062.9761210710876,3066.064699458969,3030.696609505827,3052.51513671875,1927996
2025-08-06 00:00:00+05:30,TCS.NS,3051.618345400808,3055.40427380999,3014.75583192388,3021.032470703125,1487081
2025-08-07 00:00:00+05:30,TCS.NS,3004.793168100796,3040.2609831608825,2999.7120213520734,3035.677978515625,2543076
2025-08-08 00:00:00+05:30,TCS.NS,3036.7739069952254,3048.4303832570085,3013.759645138969,3025.1171875,2762140
2025-08-11 00:00:00+05:30,TCS.NS,3025.117180240026,3038.567016640599,3010.073435095005,3029.5009765625,1884215
2025-08-12 00:00:00+05:30,TCS.NS,3029.700138212843,3084.8941835228848,3015.652434227984,3024.120849609375,3358232
2025-08-13 00:00:00+05:30,TCS.NS,3024.8184862723915,3033.087450352522,3017.3463549468943,3024.91796875,2148166
2025-08-14 00:00:00+05:30,TCS.NS,3022.726300858826,3044.544827820162,3007.881763385299,3011.06982421875,3342174
2025-08-18 00:00:00+05:30,TCS.NS,3035.179867843642,3037.67057838676,2992.2399207869066,3000.010986328125,2945609
2025-08-19 00:00:00+05:30,TCS.NS,3000.0110105142285,3013.7597814697733,2999.911528031773,3004.992431640625,2650784
2025-08-20 00:00:00+05:30,TCS.NS,2999.7118666132724,3091.868151000454,2999.7118666132724,3087.086181640625,4952358
2025-08-21 00:00:00+05:30,TCS.NS,3118.3696236696637,3118.3696236696637,3071.6439908192406,3091.071533203125,3230726
2025-08-22 00:00:00+05:30,TCS.NS,3074.5329489117757,3084.1968567150047,3038.666718788372,3042.65185546875,1593791
2025-08-25 00:00:00+05:30,TCS.NS,3075.8281806328096,3140.2877180773667,3065.666130699425,3128.93017578125,3448370
2025-08-26 00:00:00+05:30,TCS.NS,3117.373339366996,3150.2507187850565,3108.4067813438887,3145.468505859375,5522097
2025-08-28 00:00:00+05:30,TCS.NS,3133.313773226287,3134.808199509225,3075.0311481917124,3082.204345703125,3116051
2025-08-29 00:00:00+05:30,TCS.NS,3081.507000394383,3103.425252579535,3065.7656615419933,3073.23779296875,2271789
2025-09-01 00:00:00+05:30,TCS.NS,3078.518060334719,3119.4654366830314,3078.518060334719,3101.0341796875,1246862
2025-09-02 00:00:00+05:30,TCS.NS,3109.5026578628494,3143.2765943406766,3091.569542586104,3099.938232421875,2185229
2025-09-03 00:00:00+05:30,TCS.NS,3118.2697443758125,3130.2251544847713,3076.5255347054076,3085.990234375,1799774
2025-09-04 00:00:00+05:30,TCS.NS,3104.421639864457,3106.414208311097,3079.3153260834893,3084.197021484375,1481391
2025-09-05 00:00:00+05:30,TCS.NS,3085.5918616420554,3091.868257451282,3017.3463946381216,3036.97314453125,2802055
2025-09-08 00:00:00+05:30,TCS.NS,3038.666792443431,3053.5113296442846,3004.7931298391436,3007.781982421875,2626187
2025-09-09 00:00:00+05:30,TCS.NS,3020.833326119296,3048.6295571410296,3019.538108052908,3038.06884765625,2489301
2025-09-10 00:00:00+05:30,TCS.NS,3045.0429174900823,3111.0966082909868,3042.0540649039185,3098.44384765625,2079428
2025-09-11 00:00:00+05:30,TCS.NS,3127.336119333051,3127.336119333051,3098.5436031034214,3112.591064453125,2263446
2025-09-12 00:00:00+05:30,TCS.NS,3132.3175458217547,3137.0000329464906,3109.4030090679694,3121.7568359375,1447167
2025-09-15 00:00:00+05:30,TCS.NS,3122.3546477883615,3122.3546477883615,3084.4958486128803,3100.336669921875,1732539
2025-09-16 00:00:00+05:30,TCS.NS,3116.377048374956,3138.2953012727335,3097.5473738607,3134.01123046875,2573429
2025-09-17 00:00:00+05:30,TCS.NS,3140.287738435889,3170.5746802441777,3130.7233130051436,3161.010498046875,2418271
2025-09-18 00:00:00+05:30,TCS.NS,3173.1652036699406,3191.0983194206656,3149.652799058944,3164.89599609375,2633138
2025-09-19 00:00:00+05:30,TCS.NS,3158.220904129198,3168.681888196503,3132.3175150101574,3157.423828125,4901694
2025-09-22 00:00:00+05:30,TCS.NS,3083.499594330073,3095.355278998739,3053.6110683753386,3062.37841796875,3634901
2025-09-23 00:00:00+05:30,TCS.NS,3058.592364705798,3069.252556548476,3040.6592498638747,3051.0205078125,3177741
2025-09-24 00:00:00+05:30,TCS.NS,3038.666695675492,3045.640684813108,3021.7298649127106,3024.120849609375,1625714
2025-09-25 00:00:00+05:30,TCS.NS,3010.7706978406754,3018.3425546653493,2940.03452327195,2946.41064453125,4974361
2025-09-26 00:00:00+05:30,TCS.NS,2930.07184762513,2943.820618304199,2880.5565712711505,2888.32763671875,3934636
2025-09-29 00:00:00+05:30,TCS.NS,2905.164580331207,2918.4152081680195,2883.2463290392707,2885.338623046875,3110035
2025-09-30 00:00:00+05:30,TCS.NS,2900.183356935398,2904.467427717032,2874.379692997371,2877.667236328125,2253458
2025-10-01 00:00:00+05:30,TCS.NS,2880.257593329001,2913.932047598146,2855.9483563860495,2903.371337890625,1952902
2025-10-03 00:00:00+05:30,TCS.NS,2913.134920868619,2913.134920868619,2880.3572688813597,2891.116943359375,2899519
2025-10-06 00:00:00+05:30,TCS.NS,2891.2167953135195,2982.476526807699,2884.840673623438,2977.295654296875,2112774
2025-10-07 00:00:00+05:30,TCS.NS,2983.87104765697,2993.335747140356,2944.517823489207,2962.650146484375,3062943
2025-10-08 00:00:00+05:30,TCS.NS,2963.9454305531126,3031.692754680041,2956.9714413047523,3015.951416015625,4121889
2025-10-09 00:00:00+05:30,TCS.NS,3022.726218895035,3054.6073128319636,3008.7782402976286,3050.3232421875,3211304
2025-10-10 00:00:00+05:30,TCS.NS,3038.666680855733,3058.5923640088854,2995.726736367315,3017.04736328125,8817365
2025-10-13 00:00:00+05:30,TCS.NS,3015.7523552483212,3024.220771178156,2987.059320862895,2996.02587890625,2866865
2025-10-14 00:00:00+05:30,TCS.NS,3009.774448720779,3015.9513618688843,2944.5178362112756,2949.300048828125,3611416
2025-10-15 00:00:00+05:30,TCS.NS,2971.0,2979.699951171875,2951.0,2969.800048828125,4282226
2025-10-16 00:00:00+05:30,TCS.NS,2969.89990234375,2975.0,2943.10009765625,2970.699951171875,3251495
2025-10-17 00:00:00+05:30,TCS.NS,2970.0,2988.800048828125,2955.39990234375,2962.199951171875,4374683
2025-10-20 00:00:00+05:30,TCS.NS,2985.5,3023.0,2978.5,3015.199951171875,3133039
2025-10-21 00:00:00+05:30,TCS.NS,3031.10009765625,3031.800048828125,2996.0,3006.699951171875,310644
2025-10-23 00:00:00+05:30,TCS.NS,3055.0,3098.0,3036.10009765625,3073.199951171875,5564758
2025-10-24 00:00:00+05:30,TCS.NS,3080.0,3090.0,3058.300048828125,3063.199951171875,2684318
2025-10-27 00:00:00+05:30,TCS.NS,3066.5,3094.199951171875,3060.199951171875,3084.89990234375,1946312
2025-10-28 00:00:00+05:30,TCS.NS,3076.0,3090.199951171875,3040.199951171875,3057.89990234375,3470737
2025-10-29 00:00:00+05:30,TCS.NS,3057.89990234375,3076.0,3046.10009765625,3057.60009765625,2895420
2025-10-30 00:00:00+05:30,TCS.NS,3049.10009765625,3063.800048828125,3032.800048828125,3035.300048828125,2241536
2025-10-31 00:00:00+05:30,TCS.NS,3035.0,3067.39990234375,3025.10009765625,3058.0,1868085
2025-11-03 00:00:00+05:30,TCS.NS,3046.89990234375,3058.0,3010.0,3016.800048828125,2194877
2025-11-04 00:00:00+05:30,TCS.NS,3019.60009765625,3029.300048828125,2976.0,2990.199951171875,2670720
2025-11-05 00:00:00+05:30,TCS.NS,2990.199951171875,2990.199951171875,2990.199951171875,2990.199951171875,0
2025-11-06 00:00:00+05:30,TCS.NS,2990.10009765625,3024.0,2990.0,3010.89990234375,2542721
2025-11-07 00:00:00+05:30,TCS.NS,3001.0,3004.0,2960.5,2991.800048828125,1830520
2025-11-10 00:00:00+05:30,TCS.NS,2993.0,3047.89990234375,2992.0,3025.199951171875,1556510
2022-11-10 00:00:00+05:30,^NSEI,18044.349609375,18103.099609375,17969.400390625,18028.19921875,256500
2022-11-11 00:00:00+05:30,^NSEI,18272.349609375,18362.30078125,18259.349609375,18349.69921875,378500
2022-11-14 00:00:00+05:30,^NSEI,18376.400390625,18399.44921875,18311.400390625,18329.150390625,301400
2022-11-15 00:00:00+05:30,^NSEI,18362.75,18427.94921875,18282.0,18403.400390625,250900
2022-11-16 00:00:00+05:30,^NSEI,18398.25,18442.150390625,18344.150390625,18409.650390625,219300
2022-11-17 00:00:00+05:30,^NSEI,18358.69921875,18417.599609375,18312.94921875,18343.900390625,200500
2022-11-18 00:00:00+05:30,^NSEI,18382.94921875,18394.599609375,18209.80078125,18307.650390625,198800
2022-11-21 00:00:00+05:30,^NSEI,18246.400390625,18262.30078125,18133.349609375,18159.94921875,213800
2022-11-22 00:00:00+05:30,^NSEI,18179.150390625,18261.849609375,18137.69921875,18244.19921875,177700
2022-11-23 00:00:00+05:30,^NSEI,18325.19921875,18325.400390625,18246.0,18267.25,178800
2022-11-24 00:00:00+05:30,^NSEI,18326.099609375,18529.69921875,18294.25,18484.099609375,204000
2022-11-25 00:00:00+05:30,^NSEI,18528.44921875,18534.900390625,18445.099609375,18512.75,205900
2022-11-28 00:00:00+05:30,^NSEI,18430.55078125,18614.25,18365.599609375,18562.75,206500
2022-11-29 00:00:00+05:30,^NSEI,18552.44921875,18678.099609375,18552.150390625,18618.05078125,195300
2022-11-30 00:00:00+05:30,^NSEI,18625.69921875,18816.05078125,18616.55078125,18758.349609375,345600
2022-12-01 00:00:00+05:30,^NSEI,18871.94921875,18887.599609375,18778.19921875,18812.5,325000
2022-12-02 00:00:00+05:30,^NSEI,18752.400390625,18781.94921875,18639.19921875,18696.099609375,254400
2022-12-05 00:00:00+05:30,^NSEI,18719.55078125,18728.599609375,18591.349609375,18701.05078125,288400
2022-12-06 00:00:00+05:30,^NSEI,18600.650390625,18654.900390625,18577.900390625,18642.75,217800
2022-12-07 00:00:00+05:30,^NSEI,18638.849609375,18668.30078125,18528.400390625,18560.5,200500
2022-12-08 00:00:00+05:30,^NSEI,18570.849609375,18625.0,18536.94921875,18609.349609375,202800
2022-12-09 00:00:00+05:30,^NSEI,18662.400390625,18664.69921875,18410.099609375,18496.599609375,215800
2022-12-12 00:00:00+05:30,^NSEI,18402.150390625,18521.55078125,18345.69921875,18497.150390625,193900
2022-12-13 00:00:00+05:30,^NSEI,18524.400390625,18617.25,18490.19921875,18608.0,187600
2022-12-14 00:00:00+05:30,^NSEI,18671.25,18696.099609375,18632.900390625,18660.30078125,208000
2022-12-15 00:00:00+05:30,^NSEI,18614.400390625,18652.900390625,18387.69921875,18414.900390625,183100
2022-12-16 00:00:00+05:30,^NSEI,18319.099609375,18440.94921875,18255.150390625,18269.0,277700
2022-12-19 00:00:00+05:30,^NSEI,18288.099609375,18431.650390625,18244.55078125,18420.44921875,154800
2022-12-20 00:00:00+05:30,^NSEI,18340.30078125,18404.900390625,18202.650390625,18385.30078125,169000
2022-12-21 00:00:00+05:30,^NSEI,18435.150390625,18473.349609375,18162.75,18199.099609375,187600
2022-12-22 00:00:00+05:30,^NSEI,18288.80078125,18318.75,18068.599609375,18127.349609375,195700
2022-12-23 00:00:00+05:30,^NSEI,17977.650390625,18050.44921875,17779.5,17806.80078125,221500
2022-12-26 00:00:00+05:30,^NSEI,17830.400390625,18084.099609375,17774.25,18014.599609375,176700
2022-12-27 00:00:00+05:30,^NSEI,18089.80078125,18149.25,17967.44921875,18132.30078125,214300
2022-12-28 00:00:00+05:30,^NSEI,18084.75,18173.099609375,18068.349609375,18122.5,193900
2022-12-29 00:00:00+05:30,^NSEI,18045.69921875,18229.69921875,17992.80078125,18191.0,281100
2022-12-30 00:00:00+05:30,^NSEI,18259.099609375,18265.25,18080.30078125,18105.30078125,192000
2023-01-02 00:00:00+05:30,^NSEI,18131.69921875,18215.150390625,18086.5,18197.44921875,256100
2023-01-03 00:00:00+05:30,^NSEI,18163.19921875,18251.94921875,18149.80078125,18232.55078125,208700
2023-01-04 00:00:00+05:30,^NSEI,18230.650390625,18243.0,18020.599609375,18042.94921875,235200
2023-01-05 00:00:00+05:30,^NSEI,18101.94921875,18120.30078125,17892.599609375,17992.150390625,269900
2023-01-06 00:00:00+05:30,^NSEI,18008.05078125,18047.400390625,17795.55078125,17859.44921875,238200
2023-01-09 00:00:00+05:30,^NSEI,17952.55078125,18141.400390625,17936.150390625,18101.19921875,257200
2023-01-10 00:00:00+05:30,^NSEI,18121.30078125,18127.599609375,17856.0,17914.150390625,283300
2023-01-11 00:00:00+05:30,^NSEI,17924.25,17976.349609375,17824.349609375,17895.69921875,259900
2023-01-12 00:00:00+05:30,^NSEI,17920.849609375,17945.80078125,17761.650390625,17858.19921875,227800
2023-01-13 00:00:00+05:30,^NSEI,17867.5,17999.349609375,17774.25,17956.599609375,256700
2023-01-16 00:00:00+05:30,^NSEI,18033.150390625,18049.650390625,17853.650390625,17894.849609375,206200
2023-01-17 00:00:00+05:30,^NSEI,17922.80078125,18072.05078125,17886.94921875,18053.30078125,219100
2023-01-18 00:00:00+05:30,^NSEI,18074.30078125,18183.75,18032.44921875,18165.349609375,255800
2023-01-19 00:00:00+05:30,^NSEI,18119.80078125,18155.19921875,18063.75,18107.849609375,237800
2023-01-20 00:00:00+05:30,^NSEI,18115.599609375,18145.44921875,18016.19921875,18027.650390625,237200
2023-01-23 00:00:00+05:30,^NSEI,18118.44921875,18162.599609375,18063.44921875,18118.55078125,202500
2023-01-24 00:00:00+05:30,^NSEI,18183.94921875,18201.25,18078.650390625,18118.30078125,216900
2023-01-25 00:00:00+05:30,^NSEI,18093.349609375,18100.599609375,17846.150390625,17891.94921875,257200
2023-01-27 00:00:00+05:30,^NSEI,17877.19921875,17884.75,17493.55078125,17604.349609375,476300
2023-01-30 00:00:00+05:30,^NSEI,17541.94921875,17709.150390625,17405.55078125,17648.94921875,432400
2023-01-31 00:00:00+05:30,^NSEI,17731.44921875,17735.69921875,17537.55078125,17662.150390625,398300
2023-02-01 00:00:00+05:30,^NSEI,17811.599609375,17972.19921875,17353.400390625,17616.30078125,512900
2023-02-02 00:00:00+05:30,^NSEI,17517.099609375,17653.900390625,17445.94921875,17610.400390625,490100
2023-02-03 00:00:00+05:30,^NSEI,17721.75,17870.30078125,17584.19921875,17854.05078125,424100
2023-02-06 00:00:00+05:30,^NSEI,17818.55078125,17823.69921875,17698.349609375,17764.599609375,282500
2023-02-07 00:00:00+05:30,^NSEI,17790.099609375,17811.150390625,17652.55078125,17721.5,354400
2023-02-08 00:00:00+05:30,^NSEI,17750.30078125,17898.69921875,17744.150390625,17871.69921875,291000
2023-02-09 00:00:00+05:30,^NSEI,17885.5,17916.900390625,17779.80078125,17893.44921875,260900
2023-02-10 00:00:00+05:30,^NSEI,17847.55078125,17876.94921875,17801.0,17856.5,232000
2023-02-13 00:00:00+05:30,^NSEI,17859.099609375,17880.69921875,17719.75,17770.900390625,231300
2023-02-14 00:00:00+05:30,^NSEI,17840.349609375,17954.55078125,17800.05078125,17929.849609375,244500
2023-02-15 00:00:00+05:30,^NSEI,17896.599609375,18034.099609375,17853.80078125,18015.849609375,229300
2023-02-16 00:00:00+05:30,^NSEI,18094.75,18134.75,18000.650390625,18035.849609375,230200
2023-02-17 00:00:00+05:30,^NSEI,17974.849609375,18034.25,17884.599609375,17944.19921875,208100
2023-02-20 00:00:00+05:30,^NSEI,17965.55078125,18004.349609375,17818.400390625,17844.599609375,174600
2023-02-21 00:00:00+05:30,^NSEI,17905.80078125,17924.900390625,17800.30078125,17826.69921875,198200
2023-02-22 00:00:00+05:30,^NSEI,17755.349609375,17772.5,17529.44921875,17554.30078125,204000
2023-02-23 00:00:00+05:30,^NSEI,17574.650390625,17620.05078125,17455.400390625,17511.25,240800
2023-02-24 00:00:00+05:30,^NSEI,17591.349609375,17599.75,17421.80078125,17465.80078125,209400
2023-02-27 00:00:00+05:30,^NSEI,17428.599609375,17451.599609375,17299.0,17392.69921875,246400
2023-02-28 00:00:00+05:30,^NSEI,17383.25,17440.44921875,17255.19921875,17303.94921875,420900
2023-03-01 00:00:00+05:30,^NSEI,17360.099609375,17467.75,17345.25,17450.900390625,272900
2023-03-02 00:00:00+05:30,^NSEI,17421.5,17445.80078125,17306.0,17321.900390625,310700
2023-03-03 00:00:00+05:30,^NSEI,17451.25,17644.75,17427.69921875,17594.349609375,356200
2023-03-06 00:00:00+05:30,^NSEI,17680.349609375,17799.94921875,17671.94921875,17711.44921875,362800
2023-03-08 00:00:00+05:30,^NSEI,17665.75,17766.5,17602.25,17754.400390625,267000
2023-03-09 00:00:00+05:30,^NSEI,17772.05078125,17772.349609375,17573.599609375,17589.599609375,262400
2023-03-10 00:00:00+05:30,^NSEI,17443.80078125,17451.5,17324.349609375,17412.900390625,235900
2023-03-13 00:00:00+05:30,^NSEI,17421.900390625,17529.900390625,17113.44921875,17154.30078125,254900
2023-03-14 00:00:00+05:30,^NSEI,17160.55078125,17224.650390625,16987.099609375,17043.30078125,290600
2023-03-15 00:00:00+05:30,^NSEI,17166.44921875,17211.349609375,16938.900390625,16972.150390625,248200
2023-03-16 00:00:00+05:30,^NSEI,16994.650390625,17062.44921875,16850.150390625,16985.599609375,349800
2023-03-17 00:00:00+05:30,^NSEI,17111.80078125,17145.80078125,16958.150390625,17100.05078125,408100
2023-03-20 00:00:00+05:30,^NSEI,17066.599609375,17066.599609375,16828.349609375,16988.400390625,241800
2023-03-21 00:00:00+05:30,^NSEI,17060.400390625,17127.69921875,17016.0,17107.5,246700
2023-03-22 00:00:00+05:30,^NSEI,17177.44921875,17207.25,17107.849609375,17151.900390625,0
2023-03-23 00:00:00+05:30,^NSEI,17097.400390625,17205.400390625,17045.30078125,17076.900390625,219200
2023-03-24 00:00:00+05:30,^NSEI,17076.19921875,17109.44921875,16917.349609375,16945.05078125,228000
2023-03-27 00:00:00+05:30,^NSEI,16984.30078125,17091.0,16918.55078125,16985.69921875,218400
2023-03-28 00:00:00+05:30,^NSEI,17031.75,17061.75,16913.75,16951.69921875,238800
2023-03-29 00:00:00+05:30,^NSEI,16977.30078125,17126.150390625,16940.599609375,17080.69921875,345900
2023-03-31 00:00:00+05:30,^NSEI,17210.349609375,17381.599609375,17204.650390625,17359.75,263900
2023-04-03 00:00:00+05:30,^NSEI,17427.94921875,17428.05078125,17312.75,17398.05078125,230200
2023-04-05 00:00:00+05:30,^NSEI,17422.30078125,17570.55078125,17402.69921875,17557.05078125,248300
2023-04-06 00:00:00+05:30,^NSEI,17533.849609375,17638.69921875,17502.849609375,17599.150390625,242700
2023-04-10 00:00:00+05:30,^NSEI,17634.900390625,17694.099609375,17597.94921875,17624.05078125,254800
2023-04-11 00:00:00+05:30,^NSEI,17704.80078125,17748.75,17655.150390625,17722.30078125,304300
2023-04-12 00:00:00+05:30,^NSEI,17759.55078125,17825.75,17717.25,17812.400390625,232800
2023-04-13 00:00:00+05:30,^NSEI,17807.30078125,17842.150390625,17729.650390625,17828.0,285800
2023-04-17 00:00:00+05:30,^NSEI,17863.0,17863.0,17574.05078125,17706.849609375,357400
2023-04-18 00:00:00+05:30,^NSEI,17766.599609375,17766.599609375,17610.19921875,17660.150390625,258900
2023-04-19 00:00:00+05:30,^NSEI,17653.349609375,17666.150390625,17579.849609375,17618.75,281500
2023-04-20 00:00:00+05:30,^NSEI,17638.599609375,17684.44921875,17584.349609375,17624.44921875,215100
2023-04-21 00:00:00+05:30,^NSEI,17639.75,17663.19921875,17553.94921875,17624.05078125,230200
2023-04-24 00:00:00+05:30,^NSEI,17707.55078125,17754.5,17612.5,17743.400390625,255700
2023-04-25 00:00:00+05:30,^NSEI,17761.55078125,17807.44921875,17716.849609375,17769.25,297400
2023-04-26 00:00:00+05:30,^NSEI,17767.30078125,17827.75,17711.19921875,17813.599609375,233000
2023-04-27 00:00:00+05:30,^NSEI,17813.099609375,17931.599609375,17797.900390625,17915.05078125,241400
2023-04-28 00:00:00+05:30,^NSEI,17950.400390625,18089.150390625,17885.30078125,18065.0,290300
2023-05-02 00:00:00+05:30,^NSEI,18124.80078125,18180.25,18101.75,18147.650390625,265200
2023-05-03 00:00:00+05:30,^NSEI,18113.80078125,18116.349609375,18042.400390625,18089.849609375,226200
2023-05-04 00:00:00+05:30,^NSEI,18081.0,18267.44921875,18066.69921875,18255.80078125,226600
2023-05-05 00:00:00+05:30,^NSEI,18117.30078125,18216.94921875,18055.44921875,18069.0,239700
2023-05-08 00:00:00+05:30,^NSEI,18120.599609375,18286.94921875,18100.30078125,18264.400390625,228400
2023-05-09 00:00:00+05:30,^NSEI,18303.400390625,18344.19921875,18229.650390625,18265.94921875,245400
2023-05-10 00:00:00+05:30,^NSEI,18313.599609375,18326.75,18211.94921875,18315.099609375,220500
2023-05-11 00:00:00+05:30,^NSEI,18357.80078125,18389.69921875,18270.400390625,18297.0,248900
2023-05-12 00:00:00+05:30,^NSEI,18273.75,18342.75,18194.55078125,18314.80078125,241700
2023-05-15 00:00:00+05:30,^NSEI,18339.30078125,18458.900390625,18287.900390625,18398.849609375,216100
2023-05-16 00:00:00+05:30,^NSEI,18432.349609375,18432.349609375,18264.349609375,18286.5,219500
2023-05-17 00:00:00+05:30,^NSEI,18300.44921875,18309.0,18115.349609375,18181.75,229900
2023-05-18 00:00:00+05:30,^NSEI,18287.5,18297.19921875,18104.849609375,18129.94921875,272100
2023-05-19 00:00:00+05:30,^NSEI,18186.150390625,18218.099609375,18060.400390625,18203.400390625,260900
2023-05-22 00:00:00+05:30,^NSEI,18201.099609375,18335.25,18178.849609375,18314.400390625,262600
2023-05-23 00:00:00+05:30,^NSEI,18362.900390625,18419.75,18324.19921875,18348.0,270400
2023-05-24 00:00:00+05:30,^NSEI,18294.80078125,18392.599609375,18262.94921875,18285.400390625,232600
2023-05-25 00:00:00+05:30,^NSEI,18268.900390625,18338.099609375,18202.400390625,18321.150390625,235900
2023-05-26 00:00:00+05:30,^NSEI,18368.349609375,18508.55078125,18333.150390625,18499.349609375,198700
2023-05-29 00:00:00+05:30,^NSEI,18619.150390625,18641.19921875,18581.25,18598.650390625,265300
2023-05-30 00:00:00+05:30,^NSEI,18606.650390625,18662.44921875,18575.5,18633.849609375,234400
2023-05-31 00:00:00+05:30,^NSEI,18594.19921875,18603.900390625,18483.849609375,18534.400390625,696500
2023-06-01 00:00:00+05:30,^NSEI,18579.400390625,18580.30078125,18464.55078125,18487.75,265600
2023-06-02 00:00:00+05:30,^NSEI,18550.849609375,18573.69921875,18478.400390625,18534.099609375,270900
2023-06-05 00:00:00+05:30,^NSEI,18612.0,18640.150390625,18582.80078125,18593.849609375,256100
2023-06-06 00:00:00+05:30,^NSEI,18600.80078125,18622.75,18531.599609375,18599.0,220800
2023-06-07 00:00:00+05:30,^NSEI,18665.599609375,18738.94921875,18636.0,18726.400390625,260100
2023-06-08 00:00:00+05:30,^NSEI,18725.349609375,18777.900390625,18615.599609375,18634.55078125,286500
2023-06-09 00:00:00+05:30,^NSEI,18655.900390625,18676.650390625,18555.400390625,18563.400390625,221800
2023-06-12 00:00:00+05:30,^NSEI,18595.05078125,18633.599609375,18559.75,18601.5,179500
2023-06-13 00:00:00+05:30,^NSEI,18631.80078125,18728.900390625,18631.80078125,18716.150390625,233200
2023-06-14 00:00:00+05:30,^NSEI,18744.599609375,18769.69921875,18690.0,18755.900390625,261400
2023-06-15 00:00:00+05:30,^NSEI,18774.44921875,18794.099609375,18669.05078125,18688.099609375,263000
2023-06-16 00:00:00+05:30,^NSEI,18723.30078125,18864.69921875,18710.5,18826.0,272800
2023-06-19 00:00:00+05:30,^NSEI,18873.30078125,18881.44921875,18719.150390625,18755.44921875,219800
2023-06-20 00:00:00+05:30,^NSEI,18752.349609375,18839.69921875,18660.650390625,18816.69921875,211600
2023-06-21 00:00:00+05:30,^NSEI,18849.400390625,18875.900390625,18794.849609375,18856.849609375,217500
2023-06-22 00:00:00+05:30,^NSEI,18853.599609375,18886.599609375,18759.5,18771.25,252700
2023-06-23 00:00:00+05:30,^NSEI,18741.849609375,18756.400390625,18647.099609375,18665.5,210600
2023-06-26 00:00:00+05:30,^NSEI,18682.349609375,18722.05078125,18646.69921875,18691.19921875,171300
2023-06-27 00:00:00+05:30,^NSEI,18748.55078125,18829.25,18714.25,18817.400390625,222500
2023-06-28 00:00:00+05:30,^NSEI,18908.150390625,19011.25,18861.349609375,18972.099609375,398800
2023-06-30 00:00:00+05:30,^NSEI,19076.849609375,19201.69921875,19024.599609375,19189.05078125,247900
2023-07-03 00:00:00+05:30,^NSEI,19246.5,19345.099609375,19234.400390625,19322.55078125,226100
2023-07-04 00:00:00+05:30,^NSEI,19406.599609375,19434.150390625,19300.0,19389.0,226900
2023-07-05 00:00:00+05:30,^NSEI,19405.94921875,19421.599609375,19339.599609375,19398.5,224400
2023-07-06 00:00:00+05:30,^NSEI,19385.69921875,19512.19921875,19373.0,19497.30078125,268300
2023-07-07 00:00:00+05:30,^NSEI,19422.80078125,19523.599609375,19303.599609375,19331.80078125,237100
2023-07-10 00:00:00+05:30,^NSEI,19400.349609375,19435.849609375,19327.099609375,19355.900390625,268200
2023-07-11 00:00:00+05:30,^NSEI,19427.099609375,19515.099609375,19406.44921875,19439.400390625,251300
2023-07-12 00:00:00+05:30,^NSEI,19497.44921875,19507.69921875,19361.75,19384.30078125,327900
2023-07-13 00:00:00+05:30,^NSEI,19495.19921875,19567.0,19385.80078125,19413.75,310400
2023-07-14 00:00:00+05:30,^NSEI,19493.44921875,19595.349609375,19433.5,19564.5,291200
2023-07-17 00:00:00+05:30,^NSEI,19612.150390625,19731.849609375,19562.94921875,19711.44921875,268700
2023-07-18 00:00:00+05:30,^NSEI,19787.5,19819.44921875,19690.19921875,19749.25,286400
2023-07-19 00:00:00+05:30,^NSEI,19802.94921875,19851.69921875,19727.44921875,19833.150390625,259700
2023-07-20 00:00:00+05:30,^NSEI,19831.69921875,19991.849609375,19758.400390625,19979.150390625,274700
2023-07-21 00:00:00+05:30,^NSEI,19800.44921875,19887.400390625,19700.0,19745.0,312500
2023-07-24 00:00:00+05:30,^NSEI,19748.44921875,19782.75,19658.30078125,19672.349609375,265600
2023-07-25 00:00:00+05:30,^NSEI,19729.349609375,19729.349609375,19615.94921875,19680.599609375,369700
2023-07-26 00:00:00+05:30,^NSEI,19733.349609375,19825.599609375,19716.69921875,19778.30078125,244700
2023-07-27 00:00:00+05:30,^NSEI,19850.900390625,19867.55078125,19603.55078125,19659.900390625,334900
2023-07-28 00:00:00+05:30,^NSEI,19659.75,19695.900390625,19563.099609375,19646.05078125,258700
2023-07-31 00:00:00+05:30,^NSEI,19666.349609375,19772.75,19597.599609375,19753.80078125,295100
2023-08-01 00:00:00+05:30,^NSEI,19784.0,19795.599609375,19704.599609375,19733.55078125,298000
2023-08-02 00:00:00+05:30,^NSEI,19655.400390625,19678.25,19423.55078125,19526.55078125,290700
2023-08-03 00:00:00+05:30,^NSEI,19463.75,19537.650390625,19296.44921875,19381.650390625,315700
2023-08-04 00:00:00+05:30,^NSEI,19462.80078125,19538.849609375,19436.44921875,19517.0,280800
2023-08-07 00:00:00+05:30,^NSEI,19576.849609375,19620.44921875,19524.80078125,19597.30078125,216600
2023-08-08 00:00:00+05:30,^NSEI,19627.19921875,19634.400390625,19533.099609375,19570.849609375,260300
2023-08-09 00:00:00+05:30,^NSEI,19578.80078125,19645.5,19467.5,19632.55078125,266500
2023-08-10 00:00:00+05:30,^NSEI,19605.55078125,19623.599609375,19495.400390625,19543.099609375,312200
2023-08-11 00:00:00+05:30,^NSEI,19554.25,19557.75,19412.75,19428.30078125,235500
2023-08-14 00:00:00+05:30,^NSEI,19383.94921875,19465.849609375,19257.900390625,19434.55078125,243900
2023-08-16 00:00:00+05:30,^NSEI,19369.0,19482.75,19317.19921875,19465.0,0
2023-08-17 00:00:00+05:30,^NSEI,19450.55078125,19461.55078125,19326.25,19365.25,268700
2023-08-18 00:00:00+05:30,^NSEI,19301.75,19373.80078125,19253.599609375,19310.150390625,256100
2023-08-21 00:00:00+05:30,^NSEI,19320.650390625,19425.94921875,19296.30078125,19393.599609375,262600
2023-08-22 00:00:00+05:30,^NSEI,19417.099609375,19443.5,19381.30078125,19396.44921875,208700
2023-08-23 00:00:00+05:30,^NSEI,19439.19921875,19472.05078125,19366.599609375,19444.0,225200
2023-08-24 00:00:00+05:30,^NSEI,19535.150390625,19584.44921875,19369.0,19386.69921875,268300
2023-08-25 00:00:00+05:30,^NSEI,19297.400390625,19339.55078125,19229.69921875,19265.80078125,466500
2023-08-28 00:00:00+05:30,^NSEI,19298.349609375,19366.849609375,19249.69921875,19306.05078125,248200
2023-08-29 00:00:00+05:30,^NSEI,19374.849609375,19377.900390625,19309.099609375,19342.650390625,307400
2023-08-30 00:00:00+05:30,^NSEI,19433.44921875,19452.80078125,19334.75,19347.44921875,233000
2023-08-31 00:00:00+05:30,^NSEI,19375.55078125,19388.19921875,19223.650390625,19253.80078125,562600
2023-09-01 00:00:00+05:30,^NSEI,19258.150390625,19458.55078125,19255.69921875,19435.30078125,333000
2023-09-04 00:00:00+05:30,^NSEI,19525.05078125,19545.150390625,19432.849609375,19528.80078125,296800
2023-09-05 00:00:00+05:30,^NSEI,19564.650390625,19587.05078125,19525.75,19574.900390625,256800
2023-09-06 00:00:00+05:30,^NSEI,19581.19921875,19636.44921875,19491.5,19611.05078125,287600
2023-09-07 00:00:00+05:30,^NSEI,19598.650390625,19737.0,19550.05078125,19727.05078125,304900
2023-09-08 00:00:00+05:30,^NSEI,19774.80078125,19867.150390625,19727.05078125,19819.94921875,288100
2023-09-11 00:00:00+05:30,^NSEI,19890.0,20008.150390625,19865.349609375,19996.349609375,248800
2023-09-12 00:00:00+05:30,^NSEI,20110.150390625,20110.349609375,19914.650390625,19993.19921875,328100
2023-09-13 00:00:00+05:30,^NSEI,19989.5,20096.900390625,19944.099609375,20070.0,251400
2023-09-14 00:00:00+05:30,^NSEI,20127.94921875,20167.650390625,20043.44921875,20103.099609375,275100
2023-09-15 00:00:00+05:30,^NSEI,20156.44921875,20222.44921875,20129.69921875,20192.349609375,438200
2023-09-18 00:00:00+05:30,^NSEI,20155.94921875,20195.349609375,20115.69921875,20133.30078125,264900
2023-09-20 00:00:00+05:30,^NSEI,19980.75,20050.650390625,19878.849609375,19901.400390625,378100
2023-09-21 00:00:00+05:30,^NSEI,19840.55078125,19848.75,19709.94921875,19742.349609375,275100
2023-09-22 00:00:00+05:30,^NSEI,19744.849609375,19798.650390625,19657.5,19674.25,246400
2023-09-25 00:00:00+05:30,^NSEI,19678.19921875,19734.150390625,19601.55078125,19674.55078125,188400
2023-09-26 00:00:00+05:30,^NSEI,19682.80078125,19699.349609375,19637.44921875,19664.69921875,204900
2023-09-27 00:00:00+05:30,^NSEI,19637.05078125,19730.69921875,19554.0,19716.44921875,203600
2023-09-28 00:00:00+05:30,^NSEI,19761.80078125,19766.650390625,19492.099609375,19523.55078125,352800
2023-09-29 00:00:00+05:30,^NSEI,19581.19921875,19726.25,19551.05078125,19638.30078125,243500
2023-10-03 00:00:00+05:30,^NSEI,19622.400390625,19623.19921875,19479.650390625,19528.75,221700
2023-10-04 00:00:00+05:30,^NSEI,19446.30078125,19457.80078125,19333.599609375,19436.099609375,277100
2023-10-05 00:00:00+05:30,^NSEI,19521.849609375,19576.94921875,19487.30078125,19545.75,234900
2023-10-06 00:00:00+05:30,^NSEI,19621.19921875,19675.75,19589.400390625,19653.5,159100
2023-10-09 00:00:00+05:30,^NSEI,19539.44921875,19588.94921875,19480.5,19512.349609375,165100
2023-10-10 00:00:00+05:30,^NSEI,19565.599609375,19717.80078125,19565.44921875,19689.849609375,216600
2023-10-11 00:00:00+05:30,^NSEI,19767.0,19839.19921875,19756.94921875,19811.349609375,213700
2023-10-12 00:00:00+05:30,^NSEI,19822.69921875,19843.30078125,19772.650390625,19794.0,217900
2023-10-13 00:00:00+05:30,^NSEI,19654.55078125,19805.400390625,19635.30078125,19751.05078125,255000
2023-10-16 00:00:00+05:30,^NSEI,19737.25,19781.30078125,19691.849609375,19731.75,181000
2023-10-17 00:00:00+05:30,^NSEI,19843.19921875,19849.75,19775.650390625,19811.5,185800
2023-10-18 00:00:00+05:30,^NSEI,19820.44921875,19840.94921875,19659.94921875,19671.099609375,198900
2023-10-19 00:00:00+05:30,^NSEI,19545.19921875,19681.80078125,19512.349609375,19624.69921875,230300
2023-10-20 00:00:00+05:30,^NSEI,19542.150390625,19593.80078125,19518.69921875,19542.650390625,198300
2023-10-23 00:00:00+05:30,^NSEI,19521.599609375,19556.849609375,19257.849609375,19281.75,176000
2023-10-25 00:00:00+05:30,^NSEI,19286.44921875,19347.30078125,19074.150390625,19122.150390625,225300
2023-10-26 00:00:00+05:30,^NSEI,19027.25,19041.69921875,18837.849609375,18857.25,300400
2023-10-27 00:00:00+05:30,^NSEI,18928.75,19076.150390625,18926.650390625,19047.25,205200
2023-10-30 00:00:00+05:30,^NSEI,19053.400390625,19158.5,18940.0,19140.900390625,180100
2023-10-31 00:00:00+05:30,^NSEI,19232.94921875,19233.69921875,19056.44921875,19079.599609375,206000
2023-11-01 00:00:00+05:30,^NSEI,19064.05078125,19096.05078125,18973.69921875,18989.150390625,194100
2023-11-02 00:00:00+05:30,^NSEI,19120.0,19175.25,19064.150390625,19133.25,245600
2023-11-03 00:00:00+05:30,^NSEI,19241.0,19276.25,19210.900390625,19230.599609375,189500
2023-11-06 00:00:00+05:30,^NSEI,19345.849609375,19423.0,19309.69921875,19411.75,180700
2023-11-07 00:00:00+05:30,^NSEI,19404.05078125,19423.5,19329.099609375,19406.69921875,198700
2023-11-08 00:00:00+05:30,^NSEI,19449.599609375,19464.400390625,19401.5,19443.5,195000
2023-11-09 00:00:00+05:30,^NSEI,19457.400390625,19463.900390625,19378.349609375,19395.30078125,208400
2023-11-10 00:00:00+05:30,^NSEI,19351.849609375,19451.30078125,19329.44921875,19425.349609375,152200
2023-11-13 00:00:00+05:30,^NSEI,19486.75,19494.400390625,19414.75,19443.55078125,189300
2023-11-15 00:00:00+05:30,^NSEI,19651.400390625,19693.19921875,19579.650390625,19675.44921875,291500
2023-11-16 00:00:00+05:30,^NSEI,19674.69921875,19875.25,19627.0,19765.19921875,282700
2023-11-17 00:00:00+05:30,^NSEI,19674.75,19806.0,19667.44921875,19731.80078125,236800
2023-11-20 00:00:00+05:30,^NSEI,19731.150390625,19756.44921875,19670.5,19694.0,173800
2023-11-21 00:00:00+05:30,^NSEI,19770.900390625,19829.099609375,19754.05078125,19783.400390625,195000
2023-11-22 00:00:00+05:30,^NSEI,19784.0,19825.55078125,19703.849609375,19811.849609375,184500
2023-11-23 00:00:00+05:30,^NSEI,19828.44921875,19875.150390625,19786.75,19802.0,170000
2023-11-24 00:00:00+05:30,^NSEI,19809.599609375,19832.849609375,19768.849609375,19794.69921875,145900
2023-11-28 00:00:00+05:30,^NSEI,19844.650390625,19916.849609375,19800.0,19889.69921875,229600
2023-11-29 00:00:00+05:30,^NSEI,19976.55078125,20104.650390625,19956.30078125,20096.599609375,236200
2023-11-30 00:00:00+05:30,^NSEI,20108.5,20158.69921875,20015.849609375,20133.150390625,486600
2023-12-01 00:00:00+05:30,^NSEI,20194.099609375,20291.55078125,20183.69921875,20267.900390625,265800
2023-12-04 00:00:00+05:30,^NSEI,20601.94921875,20702.650390625,20507.75,20686.80078125,381100
2023-12-05 00:00:00+05:30,^NSEI,20808.900390625,20864.05078125,20711.150390625,20855.099609375,421000
2023-12-06 00:00:00+05:30,^NSEI,20950.75,20961.94921875,20852.150390625,20937.69921875,359200
2023-12-07 00:00:00+05:30,^NSEI,20932.400390625,20941.25,20850.80078125,20901.150390625,275000
2023-12-08 00:00:00+05:30,^NSEI,20934.099609375,21006.099609375,20862.69921875,20969.400390625,292400
2023-12-11 00:00:00+05:30,^NSEI,20965.30078125,21026.099609375,20923.69921875,20997.099609375,212900
2023-12-12 00:00:00+05:30,^NSEI,21018.55078125,21037.900390625,20867.150390625,20906.400390625,244900
2023-12-13 00:00:00+05:30,^NSEI,20929.75,20950.0,20769.5,20926.349609375,260300
2023-12-14 00:00:00+05:30,^NSEI,21110.400390625,21210.900390625,21074.44921875,21182.69921875,334400
2023-12-15 00:00:00+05:30,^NSEI,21287.44921875,21492.30078125,21235.30078125,21456.650390625,508800
2023-12-18 00:00:00+05:30,^NSEI,21434.80078125,21482.80078125,21365.349609375,21418.650390625,249700
2023-12-19 00:00:00+05:30,^NSEI,21477.650390625,21505.05078125,21337.75,21453.099609375,249800
2023-12-20 00:00:00+05:30,^NSEI,21543.5,21593.0,21087.349609375,21150.150390625,363900
2023-12-21 00:00:00+05:30,^NSEI,21033.94921875,21288.349609375,20976.80078125,21255.05078125,277500
2023-12-22 00:00:00+05:30,^NSEI,21295.849609375,21390.5,21232.44921875,21349.400390625,284700
2023-12-26 00:00:00+05:30,^NSEI,21365.19921875,21477.150390625,21329.44921875,21441.349609375,219500
2023-12-27 00:00:00+05:30,^NSEI,21497.650390625,21675.75,21495.80078125,21654.75,256500
2023-12-28 00:00:00+05:30,^NSEI,21715.0,21801.44921875,21678.0,21778.69921875,393100
2023-12-29 00:00:00+05:30,^NSEI,21737.650390625,21770.30078125,21676.900390625,21731.400390625,270900
2024-01-01 00:00:00+05:30,^NSEI,21727.75,21834.349609375,21680.849609375,21741.900390625,154000
2024-01-02 00:00:00+05:30,^NSEI,21751.349609375,21755.599609375,21555.650390625,21665.80078125,263700
2024-01-03 00:00:00+05:30,^NSEI,21661.099609375,21677.0,21500.349609375,21517.349609375,311900
2024-01-04 00:00:00+05:30,^NSEI,21605.80078125,21685.650390625,21564.55078125,21658.599609375,339200
2024-01-05 00:00:00+05:30,^NSEI,21705.75,21749.599609375,21629.19921875,21710.80078125,309300
2024-01-08 00:00:00+05:30,^NSEI,21747.599609375,21763.94921875,21492.900390625,21513.0,231500
2024-01-09 00:00:00+05:30,^NSEI,21653.599609375,21724.44921875,21517.849609375,21544.849609375,228600
2024-01-10 00:00:00+05:30,^NSEI,21529.30078125,21641.849609375,21448.650390625,21618.69921875,217000
2024-01-11 00:00:00+05:30,^NSEI,21688.0,21726.5,21593.75,21647.19921875,212500
2024-01-12 00:00:00+05:30,^NSEI,21773.55078125,21928.25,21715.150390625,21894.55078125,294700
2024-01-15 00:00:00+05:30,^NSEI,22053.150390625,22115.55078125,21963.55078125,22097.44921875,345500
2024-01-16 00:00:00+05:30,^NSEI,22080.5,22124.150390625,21969.80078125,22032.30078125,292400
2024-01-17 00:00:00+05:30,^NSEI,21647.25,21851.5,21550.44921875,21571.94921875,456000
2024-01-18 00:00:00+05:30,^NSEI,21414.19921875,21539.400390625,21285.55078125,21462.25,387300
2024-01-19 00:00:00+05:30,^NSEI,21615.19921875,21670.599609375,21575.0,21622.400390625,343100
2024-01-23 00:00:00+05:30,^NSEI,21716.69921875,21750.25,21192.599609375,21238.80078125,449700
2024-01-24 00:00:00+05:30,^NSEI,21185.25,21482.349609375,21137.19921875,21453.94921875,407500
2024-01-25 00:00:00+05:30,^NSEI,21454.599609375,21459.0,21247.05078125,21352.599609375,418100
2024-01-29 00:00:00+05:30,^NSEI,21433.099609375,21763.25,21429.599609375,21737.599609375,376700
2024-01-30 00:00:00+05:30,^NSEI,21775.75,21813.05078125,21501.80078125,21522.099609375,375100
2024-01-31 00:00:00+05:30,^NSEI,21487.25,21741.349609375,21448.849609375,21725.69921875,410600
2024-02-01 00:00:00+05:30,^NSEI,21780.650390625,21832.94921875,21658.75,21697.44921875,332500
2024-02-02 00:00:00+05:30,^NSEI,21812.75,22126.80078125,21805.55078125,21853.80078125,442800
2024-02-05 00:00:00+05:30,^NSEI,21921.05078125,21964.30078125,21726.94921875,21771.69921875,440800
2024-02-06 00:00:00+05:30,^NSEI,21825.19921875,21951.400390625,21737.55078125,21929.400390625,371000
2024-02-07 00:00:00+05:30,^NSEI,22045.05078125,22053.30078125,21860.150390625,21930.5,346300
2024-02-08 00:00:00+05:30,^NSEI,22009.650390625,22011.05078125,21665.30078125,21717.94921875,491100
2024-02-09 00:00:00+05:30,^NSEI,21727.0,21804.44921875,21629.900390625,21782.5,349200
2024-02-12 00:00:00+05:30,^NSEI,21800.80078125,21831.69921875,21574.75,21616.05078125,287400
2024-02-13 00:00:00+05:30,^NSEI,21664.30078125,21766.80078125,21543.349609375,21743.25,365800
2024-02-14 00:00:00+05:30,^NSEI,21578.150390625,21870.849609375,21530.19921875,21840.05078125,359100
2024-02-15 00:00:00+05:30,^NSEI,21906.55078125,21953.849609375,21794.80078125,21910.75,345400
2024-02-16 00:00:00+05:30,^NSEI,22020.30078125,22068.650390625,21968.94921875,22040.69921875,343900
2024-02-19 00:00:00+05:30,^NSEI,22103.44921875,22186.650390625,22021.05078125,22122.25,0
2024-02-20 00:00:00+05:30,^NSEI,22099.19921875,22215.599609375,22045.849609375,22196.94921875,295700
2024-02-21 00:00:00+05:30,^NSEI,22248.849609375,22249.400390625,21997.94921875,22055.05078125,364500
2024-02-22 00:00:00+05:30,^NSEI,22081.55078125,22252.5,21875.25,22217.44921875,343500
2024-02-23 00:00:00+05:30,^NSEI,22290.0,22297.5,22186.099609375,22212.69921875,226000
2024-02-26 00:00:00+05:30,^NSEI,22169.19921875,22202.150390625,22075.150390625,22122.05078125,207800
2024-02-27 00:00:00+05:30,^NSEI,22090.19921875,22218.25,22085.650390625,22198.349609375,252200
2024-02-28 00:00:00+05:30,^NSEI,22214.099609375,22229.150390625,21915.849609375,21951.150390625,203000
2024-02-29 00:00:00+05:30,^NSEI,21935.19921875,22060.55078125,21860.650390625,21982.80078125,360200
2024-03-01 00:00:00+05:30,^NSEI,22048.30078125,22353.30078125,22047.75,22338.75,351500
2024-03-04 00:00:00+05:30,^NSEI,22403.5,22440.900390625,22358.30078125,22405.599609375,298800
2024-03-05 00:00:00+05:30,^NSEI,22371.25,22416.900390625,22269.150390625,22356.30078125,296200
2024-03-06 00:00:00+05:30,^NSEI,22327.5,22497.19921875,22224.349609375,22474.05078125,312300
2024-03-07 00:00:00+05:30,^NSEI,22505.30078125,22525.650390625,22430.0,22493.55078125,379900
2024-03-11 00:00:00+05:30,^NSEI,22517.5,22526.599609375,22307.25,22332.650390625,277900
2024-03-12 00:00:00+05:30,^NSEI,22334.44921875,22452.55078125,22256.0,22335.69921875,299200
2024-03-13 00:00:00+05:30,^NSEI,22432.19921875,22446.75,21905.650390625,21997.69921875,493300
2024-03-14 00:00:00+05:30,^NSEI,21982.55078125,22204.599609375,21917.5,22146.650390625,426700
2024-03-15 00:00:00+05:30,^NSEI,22064.849609375,22120.900390625,21931.69921875,22023.349609375,661500
2024-03-18 00:00:00+05:30,^NSEI,21990.099609375,22123.69921875,21916.55078125,22055.69921875,356300
2024-03-19 00:00:00+05:30,^NSEI,21946.44921875,21978.30078125,21793.099609375,21817.44921875,344200
2024-03-20 00:00:00+05:30,^NSEI,21843.900390625,21930.900390625,21710.19921875,21839.099609375,312400
2024-03-21 00:00:00+05:30,^NSEI,21989.900390625,22080.94921875,21941.30078125,22011.94921875,353200
2024-03-22 00:00:00+05:30,^NSEI,21932.19921875,22180.69921875,21883.30078125,22096.75,388700
2024-03-26 00:00:00+05:30,^NSEI,21947.900390625,22073.19921875,21947.55078125,22004.69921875,328400
2024-03-27 00:00:00+05:30,^NSEI,22053.94921875,22193.599609375,22052.849609375,22123.650390625,409100
2024-03-28 00:00:00+05:30,^NSEI,22163.599609375,22516.0,22163.599609375,22326.900390625,410500
2024-04-01 00:00:00+05:30,^NSEI,22455.0,22529.94921875,22427.75,22462.0,0
2024-04-02 00:00:00+05:30,^NSEI,22458.80078125,22497.599609375,22388.150390625,22453.30078125,289500
2024-04-03 00:00:00+05:30,^NSEI,22385.69921875,22521.099609375,22346.5,22434.650390625,309600
2024-04-04 00:00:00+05:30,^NSEI,22592.099609375,22619.0,22303.80078125,22514.650390625,401000
2024-04-05 00:00:00+05:30,^NSEI,22486.400390625,22537.599609375,22427.599609375,22513.69921875,242200
2024-04-08 00:00:00+05:30,^NSEI,22578.349609375,22697.30078125,22550.349609375,22666.30078125,227600
2024-04-09 00:00:00+05:30,^NSEI,22765.099609375,22768.400390625,22612.25,22642.75,232400
2024-04-10 00:00:00+05:30,^NSEI,22720.25,22775.69921875,22673.69921875,22753.80078125,276800
2024-04-12 00:00:00+05:30,^NSEI,22677.400390625,22726.44921875,22503.75,22519.400390625,357200
2024-04-15 00:00:00+05:30,^NSEI,22339.05078125,22427.44921875,22259.55078125,22272.5,355500
2024-04-16 00:00:00+05:30,^NSEI,22125.30078125,22213.75,22079.44921875,22147.900390625,317300
2024-04-18 00:00:00+05:30,^NSEI,22212.349609375,22326.5,21961.69921875,21995.849609375,456900
2024-04-19 00:00:00+05:30,^NSEI,21861.5,22179.55078125,21777.650390625,22147.0,362500
2024-04-22 00:00:00+05:30,^NSEI,22336.900390625,22375.650390625,22198.150390625,22336.400390625,279300
2024-04-23 00:00:00+05:30,^NSEI,22447.05078125,22447.55078125,22349.44921875,22368.0,231500
2024-04-24 00:00:00+05:30,^NSEI,22421.55078125,22476.44921875,22384.0,22402.400390625,235900
2024-04-25 00:00:00+05:30,^NSEI,22316.900390625,22625.94921875,22305.25,22570.349609375,475000
2024-04-26 00:00:00+05:30,^NSEI,22620.400390625,22620.400390625,22385.55078125,22419.94921875,329900
2024-04-29 00:00:00+05:30,^NSEI,22475.55078125,22655.80078125,22441.900390625,22643.400390625,292000
2024-04-30 00:00:00+05:30,^NSEI,22679.650390625,22783.349609375,22568.400390625,22604.849609375,361900
2024-05-02 00:00:00+05:30,^NSEI,22567.849609375,22710.5,22567.849609375,22648.19921875,445900
2024-05-03 00:00:00+05:30,^NSEI,22766.349609375,22794.69921875,22348.05078125,22475.849609375,438100
2024-05-06 00:00:00+05:30,^NSEI,22561.599609375,22588.80078125,22409.44921875,22442.69921875,320300
2024-05-07 00:00:00+05:30,^NSEI,22489.75,22499.05078125,22232.05078125,22302.5,297800
2024-05-08 00:00:00+05:30,^NSEI,22231.19921875,22368.650390625,22185.19921875,22302.5,277400
2024-05-09 00:00:00+05:30,^NSEI,22224.80078125,22307.75,21932.400390625,21957.5,331300
2024-05-10 00:00:00+05:30,^NSEI,21990.94921875,22131.30078125,21950.30078125,22055.19921875,265800
2024-05-13 00:00:00+05:30,^NSEI,22027.94921875,22131.650390625,21821.05078125,22104.05078125,278200
2024-05-14 00:00:00+05:30,^NSEI,22112.900390625,22270.05078125,22081.25,22217.849609375,230200
2024-05-15 00:00:00+05:30,^NSEI,22255.599609375,22297.55078125,22151.75,22200.55078125,231900
2024-05-16 00:00:00+05:30,^NSEI,22319.19921875,22432.25,22054.55078125,22403.849609375,368900
2024-05-17 00:00:00+05:30,^NSEI,22415.25,22502.150390625,22345.650390625,22466.099609375,242700
2024-05-21 00:00:00+05:30,^NSEI,22404.55078125,22591.099609375,22404.55078125,22529.05078125,347600
2024-05-22 00:00:00+05:30,^NSEI,22576.599609375,22629.5,22483.150390625,22597.80078125,290300
2024-05-23 00:00:00+05:30,^NSEI,22614.099609375,22993.599609375,22577.44921875,22967.650390625,369800
2024-05-24 00:00:00+05:30,^NSEI,22930.75,23026.400390625,22908.0,22957.099609375,261900
2024-05-27 00:00:00+05:30,^NSEI,23038.94921875,23110.80078125,22871.19921875,22932.44921875,260000
2024-05-28 00:00:00+05:30,^NSEI,22977.150390625,22998.55078125,22858.5,22888.150390625,217900
2024-05-29 00:00:00+05:30,^NSEI,22762.75,22825.5,22685.44921875,22704.69921875,269900
2024-05-30 00:00:00+05:30,^NSEI,22617.44921875,22705.75,22417.0,22488.650390625,373400
2024-05-31 00:00:00+05:30,^NSEI,22568.099609375,22653.75,22465.099609375,22530.69921875,572100
2024-06-03 00:00:00+05:30,^NSEI,23337.900390625,23338.69921875,23062.30078125,23263.900390625,569400
2024-06-04 00:00:00+05:30,^NSEI,23179.5,23179.5,21281.44921875,21884.5,1006100
2024-06-05 00:00:00+05:30,^NSEI,22128.349609375,22670.400390625,21791.94921875,22620.349609375,638500
2024-06-06 00:00:00+05:30,^NSEI,22798.599609375,22910.150390625,22642.599609375,22821.400390625,480400
2024-06-07 00:00:00+05:30,^NSEI,22821.849609375,23320.19921875,22789.05078125,23290.150390625,473600
2024-06-10 00:00:00+05:30,^NSEI,23319.150390625,23411.900390625,23227.150390625,23259.19921875,304400
2024-06-11 00:00:00+05:30,^NSEI,23283.75,23389.44921875,23206.650390625,23264.849609375,305200
2024-06-12 00:00:00+05:30,^NSEI,23344.44921875,23441.94921875,23295.94921875,23322.94921875,295600
2024-06-13 00:00:00+05:30,^NSEI,23480.94921875,23481.05078125,23353.900390625,23398.900390625,268300
2024-06-14 00:00:00+05:30,^NSEI,23464.94921875,23490.400390625,23334.25,23465.599609375,223100
2024-06-18 00:00:00+05:30,^NSEI,23570.80078125,23579.05078125,23499.69921875,23557.900390625,272200
2024-06-19 00:00:00+05:30,^NSEI,23629.849609375,23664.0,23412.900390625,23516.0,328800
2024-06-20 00:00:00+05:30,^NSEI,23586.150390625,23624.0,23442.599609375,23567.0,280300
2024-06-21 00:00:00+05:30,^NSEI,23661.150390625,23667.099609375,23398.19921875,23501.099609375,609900
2024-06-24 00:00:00+05:30,^NSEI,23382.30078125,23558.099609375,23350.0,23537.849609375,239400
2024-06-25 00:00:00+05:30,^NSEI,23577.099609375,23754.150390625,23562.05078125,23721.30078125,298100
2024-06-26 00:00:00+05:30,^NSEI,23723.099609375,23889.900390625,23670.44921875,23868.80078125,287800
2024-06-27 00:00:00+05:30,^NSEI,23881.55078125,24087.44921875,23805.400390625,24044.5,515200
2024-06-28 00:00:00+05:30,^NSEI,24085.900390625,24174.0,23985.80078125,24010.599609375,354800
2024-07-01 00:00:00+05:30,^NSEI,23992.94921875,24164.0,23992.69921875,24141.94921875,0
2024-07-02 00:00:00+05:30,^NSEI,24228.75,24236.349609375,24056.400390625,24123.849609375,0
2024-07-03 00:00:00+05:30,^NSEI,24291.75,24309.150390625,24207.099609375,24286.5,0
2024-07-04 00:00:00+05:30,^NSEI,24369.94921875,24401.0,24281.0,24302.150390625,251200
2024-07-05 00:00:00+05:30,^NSEI,24213.349609375,24363.0,24168.849609375,24323.849609375,298400
2024-07-08 00:00:00+05:30,^NSEI,24329.44921875,24344.599609375,24240.55078125,24320.55078125,266300
2024-07-09 00:00:00+05:30,^NSEI,24351.0,24443.599609375,24331.900390625,24433.19921875,250500
2024-07-10 00:00:00+05:30,^NSEI,24459.849609375,24461.05078125,24141.80078125,24324.44921875,292300
2024-07-11 00:00:00+05:30,^NSEI,24396.55078125,24402.650390625,24193.75,24315.94921875,306400
2024-07-12 00:00:00+05:30,^NSEI,24387.94921875,24592.19921875,24331.150390625,24502.150390625,325800
2024-07-15 00:00:00+05:30,^NSEI,24587.599609375,24635.05078125,24522.75,24586.69921875,305400
2024-07-16 00:00:00+05:30,^NSEI,24615.900390625,24661.25,24587.650390625,24613.0,283200
2024-07-18 00:00:00+05:30,^NSEI,24543.80078125,24837.75,24504.44921875,24800.849609375,350900
2024-07-19 00:00:00+05:30,^NSEI,24853.80078125,24854.80078125,24508.150390625,24530.900390625,343800
2024-07-22 00:00:00+05:30,^NSEI,24445.75,24595.19921875,24362.30078125,24509.25,324200
2024-07-23 00:00:00+05:30,^NSEI,24568.900390625,24582.55078125,24074.19921875,24479.05078125,436400
2024-07-24 00:00:00+05:30,^NSEI,24444.94921875,24504.25,24307.25,24413.5,366600
2024-07-25 00:00:00+05:30,^NSEI,24230.94921875,24426.150390625,24210.80078125,24406.099609375,391800
2024-07-26 00:00:00+05:30,^NSEI,24423.349609375,24861.150390625,24410.900390625,24834.849609375,383800
2024-07-29 00:00:00+05:30,^NSEI,24943.30078125,24999.75,24774.599609375,24836.099609375,355000
2024-07-30 00:00:00+05:30,^NSEI,24839.400390625,24971.75,24798.650390625,24857.30078125,385000
2024-07-31 00:00:00+05:30,^NSEI,24886.69921875,24984.599609375,24856.5,24951.150390625,333600
2024-08-01 00:00:00+05:30,^NSEI,25030.94921875,25078.30078125,24956.400390625,25010.900390625,431300
2024-08-02 00:00:00+05:30,^NSEI,24789.0,24851.900390625,24686.849609375,24717.69921875,345000
2024-08-05 00:00:00+05:30,^NSEI,24302.849609375,24350.05078125,23893.69921875,24055.599609375,487000
2024-08-06 00:00:00+05:30,^NSEI,24189.849609375,24382.599609375,23960.400390625,23992.55078125,312300
2024-08-07 00:00:00+05:30,^NSEI,24289.400390625,24337.69921875,24184.900390625,24297.5,317600
2024-08-08 00:00:00+05:30,^NSEI,24248.55078125,24340.5,24079.69921875,24117.0,311900
2024-08-09 00:00:00+05:30,^NSEI,24386.849609375,24419.75,24311.19921875,24367.5,215100
2024-08-12 00:00:00+05:30,^NSEI,24320.05078125,24472.80078125,24212.099609375,24347.0,279900
2024-08-13 00:00:00+05:30,^NSEI,24342.349609375,24359.94921875,24116.5,24139.0,239700
2024-08-14 00:00:00+05:30,^NSEI,24184.400390625,24196.5,24099.69921875,24143.75,303300
2024-08-16 00:00:00+05:30,^NSEI,24334.849609375,24563.900390625,24204.5,24541.150390625,271600
2024-08-19 00:00:00+05:30,^NSEI,24636.349609375,24638.80078125,24522.94921875,24572.650390625,243600
2024-08-20 00:00:00+05:30,^NSEI,24648.900390625,24734.30078125,24607.19921875,24698.849609375,238300
2024-08-21 00:00:00+05:30,^NSEI,24680.55078125,24787.94921875,24654.5,24770.19921875,257100
2024-08-22 00:00:00+05:30,^NSEI,24863.400390625,24867.349609375,24784.44921875,24811.5,220300
2024-08-23 00:00:00+05:30,^NSEI,24845.400390625,24858.400390625,24771.650390625,24823.150390625,206800
2024-08-26 00:00:00+05:30,^NSEI,24906.099609375,25043.80078125,24874.69921875,25010.599609375,210300
2024-08-27 00:00:00+05:30,^NSEI,25024.80078125,25073.099609375,24973.650390625,25017.75,223300
2024-08-28 00:00:00+05:30,^NSEI,25030.80078125,25129.599609375,24964.650390625,25052.349609375,220400
2024-08-29 00:00:00+05:30,^NSEI,25035.30078125,25192.900390625,24998.5,25151.94921875,354000
2024-08-30 00:00:00+05:30,^NSEI,25249.69921875,25268.349609375,25199.400390625,25235.900390625,638200
2024-09-02 00:00:00+05:30,^NSEI,25333.599609375,25333.650390625,25235.5,25278.69921875,222800
2024-09-03 00:00:00+05:30,^NSEI,25313.400390625,25321.69921875,25235.80078125,25279.849609375,212100
2024-09-04 00:00:00+05:30,^NSEI,25089.94921875,25216.0,25083.80078125,25198.69921875,253800
2024-09-05 00:00:00+05:30,^NSEI,25250.5,25275.44921875,25127.75,25145.099609375,222200
2024-09-06 00:00:00+05:30,^NSEI,25093.69921875,25168.75,24801.30078125,24852.150390625,311700
2024-09-09 00:00:00+05:30,^NSEI,24823.400390625,24957.5,24753.150390625,24936.400390625,254400
2024-09-10 00:00:00+05:30,^NSEI,24999.400390625,25130.5,24896.80078125,25041.099609375,251300
2024-09-11 00:00:00+05:30,^NSEI,25034.0,25113.69921875,24885.150390625,24918.44921875,279200
2024-09-12 00:00:00+05:30,^NSEI,25059.650390625,25433.349609375,24941.44921875,25388.900390625,380100
2024-09-13 00:00:00+05:30,^NSEI,25430.44921875,25430.5,25292.44921875,25356.5,250800
2024-09-16 00:00:00+05:30,^NSEI,25406.650390625,25445.69921875,25336.19921875,25383.75,168700
2024-09-17 00:00:00+05:30,^NSEI,25416.900390625,25441.650390625,25352.25,25418.55078125,216000
2024-09-18 00:00:00+05:30,^NSEI,25402.400390625,25482.19921875,25285.55078125,25377.55078125,215700
2024-09-19 00:00:00+05:30,^NSEI,25487.05078125,25611.94921875,25376.05078125,25415.80078125,314500
2024-09-20 00:00:00+05:30,^NSEI,25525.94921875,25849.25,25426.599609375,25790.94921875,533100
2024-09-23 00:00:00+05:30,^NSEI,25872.55078125,25956.0,25847.349609375,25939.05078125,209200
2024-09-24 00:00:00+05:30,^NSEI,25921.44921875,26011.55078125,25886.849609375,25940.400390625,384100
2024-09-25 00:00:00+05:30,^NSEI,25899.44921875,26032.80078125,25871.349609375,26004.150390625,278500
2024-09-26 00:00:00+05:30,^NSEI,26005.400390625,26250.900390625,25998.400390625,26216.05078125,370900
2024-09-27 00:00:00+05:30,^NSEI,26248.25,26277.349609375,26151.400390625,26178.94921875,490300
2024-09-30 00:00:00+05:30,^NSEI,26061.30078125,26134.69921875,25794.099609375,25810.849609375,343100
2024-10-01 00:00:00+05:30,^NSEI,25788.44921875,25907.599609375,25739.19921875,25796.900390625,247400
2024-10-03 00:00:00+05:30,^NSEI,25452.849609375,25639.44921875,25230.30078125,25250.099609375,423400
2024-10-04 00:00:00+05:30,^NSEI,25181.900390625,25485.05078125,24966.80078125,25014.599609375,374900
2024-10-07 00:00:00+05:30,^NSEI,25084.099609375,25143.0,24694.349609375,24795.75,374300
2024-10-08 00:00:00+05:30,^NSEI,24832.19921875,25044.0,24756.80078125,25013.150390625,333200
2024-10-09 00:00:00+05:30,^NSEI,25065.80078125,25234.05078125,24947.69921875,24981.94921875,290600
2024-10-10 00:00:00+05:30,^NSEI,25067.05078125,25134.05078125,24979.400390625,24998.44921875,261400
2024-10-11 00:00:00+05:30,^NSEI,24985.30078125,25028.650390625,24920.05078125,24964.25,210500
2024-10-14 00:00:00+05:30,^NSEI,25023.44921875,25159.75,25017.5,25127.94921875,206400
2024-10-15 00:00:00+05:30,^NSEI,25186.30078125,25212.05078125,25008.150390625,25057.349609375,257200
2024-10-16 00:00:00+05:30,^NSEI,25008.55078125,25093.400390625,24908.44921875,24971.30078125,226800
2024-10-17 00:00:00+05:30,^NSEI,25027.400390625,25029.5,24728.900390625,24749.849609375,252800
2024-10-18 00:00:00+05:30,^NSEI,24664.94921875,24886.19921875,24567.650390625,24854.05078125,290900
2024-10-21 00:00:00+05:30,^NSEI,24956.150390625,24978.30078125,24679.599609375,24781.099609375,242000
2024-10-22 00:00:00+05:30,^NSEI,24798.650390625,24882.0,24445.80078125,24472.099609375,279500
2024-10-23 00:00:00+05:30,^NSEI,24378.150390625,24604.25,24378.099609375,24435.5,284600
2024-10-24 00:00:00+05:30,^NSEI,24412.69921875,24480.650390625,24341.19921875,24399.400390625,216700
2024-10-25 00:00:00+05:30,^NSEI,24418.05078125,24440.25,24073.900390625,24180.80078125,372600
2024-10-28 00:00:00+05:30,^NSEI,24251.099609375,24492.599609375,24134.900390625,24339.150390625,278600
2024-10-29 00:00:00+05:30,^NSEI,24328.849609375,24484.5,24140.849609375,24466.849609375,332000
2024-10-30 00:00:00+05:30,^NSEI,24371.44921875,24498.19921875,24307.30078125,24340.849609375,285200
2024-10-31 00:00:00+05:30,^NSEI,24349.849609375,24372.44921875,24172.599609375,24205.349609375,287000
2024-11-01 00:00:00+05:30,^NSEI,24302.75,24368.25,24280.19921875,24304.349609375,38800
2024-11-04 00:00:00+05:30,^NSEI,24315.75,24316.75,23816.150390625,23995.349609375,285500
2024-11-05 00:00:00+05:30,^NSEI,23916.5,24229.05078125,23842.75,24213.30078125,289500
2024-11-06 00:00:00+05:30,^NSEI,24308.75,24537.599609375,24204.05078125,24484.05078125,351100
2024-11-07 00:00:00+05:30,^NSEI,24489.599609375,24503.349609375,24179.05078125,24199.349609375,322200
2024-11-08 00:00:00+05:30,^NSEI,24207.69921875,24276.150390625,24066.650390625,24148.19921875,298700
2024-11-11 00:00:00+05:30,^NSEI,24087.25,24336.80078125,24004.599609375,24141.30078125,273400
2024-11-12 00:00:00+05:30,^NSEI,24225.80078125,24242.0,23839.150390625,23883.44921875,255800
2024-11-13 00:00:00+05:30,^NSEI,23822.44921875,23873.599609375,23509.599609375,23559.05078125,304600
2024-11-14 00:00:00+05:30,^NSEI,23542.150390625,23675.900390625,23484.150390625,23532.69921875,257700
2024-11-18 00:00:00+05:30,^NSEI,23605.30078125,23606.80078125,23350.400390625,23453.80078125,263300
2024-11-19 00:00:00+05:30,^NSEI,23529.55078125,23780.650390625,23464.80078125,23518.5,297500
2024-11-21 00:00:00+05:30,^NSEI,23488.44921875,23507.30078125,23263.150390625,23349.900390625,420300
2024-11-22 00:00:00+05:30,^NSEI,23411.80078125,23956.099609375,23359.0,23907.25,367600
2024-11-25 00:00:00+05:30,^NSEI,24253.55078125,24351.55078125,24135.44921875,24221.900390625,687200
2024-11-26 00:00:00+05:30,^NSEI,24343.30078125,24343.30078125,24125.400390625,24194.5,230700
2024-11-27 00:00:00+05:30,^NSEI,24204.80078125,24354.55078125,24145.650390625,24274.900390625,295000
2024-11-28 00:00:00+05:30,^NSEI,24274.150390625,24345.75,23873.349609375,23914.150390625,366700
2024-11-29 00:00:00+05:30,^NSEI,23927.150390625,24188.44921875,23927.150390625,24131.099609375,282100
2024-12-02 00:00:00+05:30,^NSEI,24140.849609375,24301.69921875,24008.650390625,24276.05078125,220400
2024-12-03 00:00:00+05:30,^NSEI,24367.5,24481.349609375,24280.0,24457.150390625,339500
2024-12-04 00:00:00+05:30,^NSEI,24488.75,24573.19921875,24366.30078125,24467.44921875,348000
2024-12-05 00:00:00+05:30,^NSEI,24539.150390625,24857.75,24295.55078125,24708.400390625,361500
2024-12-06 00:00:00+05:30,^NSEI,24729.44921875,24751.05078125,24620.5,24677.80078125,226700
2024-12-09 00:00:00+05:30,^NSEI,24633.900390625,24705.0,24580.05078125,24619.0,248100
2024-12-10 00:00:00+05:30,^NSEI,24652.650390625,24677.80078125,24510.650390625,24610.05078125,261000
2024-12-11 00:00:00+05:30,^NSEI,24620.5,24691.75,24583.849609375,24641.80078125,187300
2024-12-12 00:00:00+05:30,^NSEI,24604.44921875,24675.25,24527.94921875,24548.69921875,266100
2024-12-13 00:00:00+05:30,^NSEI,24498.349609375,24792.30078125,24180.80078125,24768.30078125,310100
2024-12-16 00:00:00+05:30,^NSEI,24753.400390625,24781.25,24601.75,24668.25,187600
2024-12-17 00:00:00+05:30,^NSEI,24584.80078125,24624.099609375,24303.44921875,24336.0,264900
2024-12-18 00:00:00+05:30,^NSEI,24297.94921875,24394.44921875,24149.849609375,24198.849609375,235300
2024-12-19 00:00:00+05:30,^NSEI,23877.150390625,24004.900390625,23870.30078125,23951.69921875,271100
2024-12-20 00:00:00+05:30,^NSEI,23960.69921875,24065.80078125,23537.349609375,23587.5,442700
2024-12-23 00:00:00+05:30,^NSEI,23738.19921875,23869.55078125,23647.19921875,23753.44921875,189800
2024-12-24 00:00:00+05:30,^NSEI,23769.099609375,23867.650390625,23685.150390625,23727.650390625,177700
2024-12-26 00:00:00+05:30,^NSEI,23775.80078125,23854.5,23653.599609375,23750.19921875,177700
2024-12-27 00:00:00+05:30,^NSEI,23801.400390625,23938.849609375,23800.599609375,23813.400390625,176800
2024-12-30 00:00:00+05:30,^NSEI,23796.900390625,23915.349609375,23599.30078125,23644.900390625,364900
2024-12-31 00:00:00+05:30,^NSEI,23560.599609375,23689.849609375,23460.44921875,23644.80078125,193600
2025-01-01 00:00:00+05:30,^NSEI,23637.650390625,23822.80078125,23562.80078125,23742.900390625,154900
2025-01-02 00:00:00+05:30,^NSEI,23783.0,24226.69921875,23751.55078125,24188.650390625,283200
2025-01-03 00:00:00+05:30,^NSEI,24196.400390625,24196.44921875,23976.0,24004.75,312300
2025-01-06 00:00:00+05:30,^NSEI,24045.80078125,24089.94921875,23551.900390625,23616.05078125,278100
2025-01-07 00:00:00+05:30,^NSEI,23679.900390625,23795.19921875,23637.80078125,23707.900390625,262300
2025-01-08 00:00:00+05:30,^NSEI,23746.650390625,23751.849609375,23496.150390625,23688.94921875,266400
2025-01-09 00:00:00+05:30,^NSEI,23674.75,23689.5,23503.05078125,23526.5,269200
2025-01-10 00:00:00+05:30,^NSEI,23551.900390625,23596.599609375,23344.349609375,23431.5,261000
2025-01-13 00:00:00+05:30,^NSEI,23195.400390625,23340.94921875,23047.25,23085.94921875,316500
2025-01-14 00:00:00+05:30,^NSEI,23165.900390625,23264.94921875,23134.150390625,23176.05078125,311200
2025-01-15 00:00:00+05:30,^NSEI,23250.44921875,23293.650390625,23146.44921875,23213.19921875,228000
2025-01-16 00:00:00+05:30,^NSEI,23377.25,23391.650390625,23272.05078125,23311.80078125,299400
2025-01-17 00:00:00+05:30,^NSEI,23277.099609375,23292.099609375,23100.349609375,23203.19921875,272900
2025-01-20 00:00:00+05:30,^NSEI,23290.400390625,23391.099609375,23170.650390625,23344.75,301500
2025-01-21 00:00:00+05:30,^NSEI,23421.650390625,23426.30078125,22976.849609375,23024.650390625,312900
2025-01-22 00:00:00+05:30,^NSEI,23099.150390625,23169.55078125,22981.30078125,23155.349609375,276000
2025-01-23 00:00:00+05:30,^NSEI,23128.30078125,23270.80078125,23090.650390625,23205.349609375,275600
2025-01-24 00:00:00+05:30,^NSEI,23183.900390625,23347.30078125,23050.0,23092.19921875,264300
2025-01-27 00:00:00+05:30,^NSEI,22940.150390625,23007.44921875,22786.900390625,22829.150390625,257400
2025-01-28 00:00:00+05:30,^NSEI,22960.44921875,23137.94921875,22857.650390625,22957.25,361900
2025-01-29 00:00:00+05:30,^NSEI,23026.75,23183.349609375,22976.5,23163.099609375,226300
2025-01-30 00:00:00+05:30,^NSEI,23169.5,23322.05078125,23139.19921875,23249.5,361900
2025-01-31 00:00:00+05:30,^NSEI,23296.75,23546.80078125,23277.400390625,23508.400390625,304900
2025-02-01 00:00:00+05:30,^NSEI,23528.599609375,23632.44921875,23318.30078125,23482.150390625,281000
2025-02-03 00:00:00+05:30,^NSEI,23319.349609375,23381.599609375,23222.0,23361.05078125,329700
2025-02-04 00:00:00+05:30,^NSEI,23509.900390625,23762.75,23423.150390625,23739.25,376700
2025-02-05 00:00:00+05:30,^NSEI,23801.75,23807.30078125,23680.44921875,23696.30078125,267000
2025-02-06 00:00:00+05:30,^NSEI,23761.94921875,23773.55078125,23556.25,23603.349609375,307000
2025-02-07 00:00:00+05:30,^NSEI,23649.5,23694.5,23443.19921875,23559.94921875,368100
2025-02-10 00:00:00+05:30,^NSEI,23543.80078125,23568.599609375,23316.30078125,23381.599609375,234200
2025-02-11 00:00:00+05:30,^NSEI,23383.55078125,23390.05078125,22986.650390625,23071.80078125,268000
2025-02-12 00:00:00+05:30,^NSEI,23050.80078125,23144.69921875,22798.349609375,23045.25,279700
2025-02-13 00:00:00+05:30,^NSEI,23055.75,23235.5,22992.19921875,23031.400390625,265700
2025-02-14 00:00:00+05:30,^NSEI,23096.44921875,23133.69921875,22774.849609375,22929.25,254500
2025-02-17 00:00:00+05:30,^NSEI,22809.900390625,22974.19921875,22725.44921875,22959.5,207400
2025-02-18 00:00:00+05:30,^NSEI,22963.650390625,22992.5,22801.5,22945.30078125,210600
2025-02-19 00:00:00+05:30,^NSEI,22847.25,23049.94921875,22814.849609375,22932.900390625,207000
2025-02-20 00:00:00+05:30,^NSEI,22821.099609375,22923.849609375,22812.75,22913.150390625,240800
2025-02-21 00:00:00+05:30,^NSEI,22857.19921875,22921.0,22720.30078125,22795.900390625,242800
2025-02-24 00:00:00+05:30,^NSEI,22609.349609375,22668.05078125,22518.80078125,22553.349609375,214300
2025-02-25 00:00:00+05:30,^NSEI,22516.44921875,22625.30078125,22513.900390625,22547.55078125,250300
2025-02-27 00:00:00+05:30,^NSEI,22568.94921875,22613.30078125,22508.400390625,22545.05078125,289200
2025-02-28 00:00:00+05:30,^NSEI,22433.400390625,22450.349609375,22104.849609375,22124.69921875,551300
2025-03-03 00:00:00+05:30,^NSEI,22194.55078125,22261.55078125,22004.69921875,22119.30078125,282400
2025-03-04 00:00:00+05:30,^NSEI,21974.44921875,22105.05078125,21964.599609375,22082.650390625,253300
2025-03-05 00:00:00+05:30,^NSEI,22073.05078125,22394.900390625,22067.80078125,22337.30078125,305900
2025-03-06 00:00:00+05:30,^NSEI,22476.349609375,22556.44921875,22245.849609375,22544.69921875,372100
2025-03-07 00:00:00+05:30,^NSEI,22508.650390625,22633.80078125,22464.75,22552.5,289800
2025-03-10 00:00:00+05:30,^NSEI,22521.849609375,22676.75,22429.05078125,22460.30078125,293900
2025-03-11 00:00:00+05:30,^NSEI,22345.94921875,22522.099609375,22314.69921875,22497.900390625,347900
2025-03-12 00:00:00+05:30,^NSEI,22536.349609375,22577.400390625,22329.55078125,22470.5,369700
2025-03-13 00:00:00+05:30,^NSEI,22541.5,22558.05078125,22377.349609375,22397.19921875,287500
2025-03-17 00:00:00+05:30,^NSEI,22353.150390625,22577.0,22353.150390625,22508.75,251100
2025-03-18 00:00:00+05:30,^NSEI,22662.25,22857.80078125,22599.19921875,22834.30078125,272600
2025-03-19 00:00:00+05:30,^NSEI,22874.94921875,22940.69921875,22807.94921875,22907.599609375,324000
2025-03-20 00:00:00+05:30,^NSEI,23036.599609375,23216.69921875,22973.94921875,23190.650390625,313700
2025-03-21 00:00:00+05:30,^NSEI,23168.25,23402.69921875,23132.80078125,23350.400390625,541000
2025-03-24 00:00:00+05:30,^NSEI,23515.400390625,23708.75,23433.5,23658.349609375,311900
2025-03-25 00:00:00+05:30,^NSEI,23751.5,23869.599609375,23601.400390625,23668.650390625,338200
2025-03-26 00:00:00+05:30,^NSEI,23700.94921875,23736.5,23451.69921875,23486.849609375,278600
2025-03-27 00:00:00+05:30,^NSEI,23433.94921875,23646.44921875,23412.19921875,23591.94921875,510300
2025-03-28 00:00:00+05:30,^NSEI,23600.400390625,23649.19921875,23450.19921875,23519.349609375,295400
2025-04-01 00:00:00+05:30,^NSEI,23341.099609375,23565.150390625,23136.400390625,23165.69921875,314300
2025-04-02 00:00:00+05:30,^NSEI,23192.599609375,23350.0,23158.44921875,23332.349609375,341000
2025-04-03 00:00:00+05:30,^NSEI,23150.30078125,23306.5,23145.80078125,23250.099609375,283200
2025-04-04 00:00:00+05:30,^NSEI,23190.400390625,23214.69921875,22857.44921875,22904.44921875,466800
2025-04-07 00:00:00+05:30,^NSEI,21758.400390625,22254.0,21743.650390625,22161.599609375,647100
2025-04-08 00:00:00+05:30,^NSEI,22446.75,22697.19921875,22270.849609375,22535.849609375,468300
2025-04-09 00:00:00+05:30,^NSEI,22460.30078125,22468.69921875,22353.25,22399.150390625,383800
2025-04-11 00:00:00+05:30,^NSEI,22695.400390625,22923.900390625,22695.400390625,22828.55078125,402200
2025-04-15 00:00:00+05:30,^NSEI,23368.349609375,23368.349609375,23207.0,23328.55078125,388300
2025-04-16 00:00:00+05:30,^NSEI,23344.099609375,23452.19921875,23273.05078125,23437.19921875,348400
2025-04-17 00:00:00+05:30,^NSEI,23401.849609375,23872.349609375,23298.55078125,23851.650390625,505300
2025-04-21 00:00:00+05:30,^NSEI,23949.150390625,24189.55078125,23903.650390625,24125.55078125,406100
2025-04-22 00:00:00+05:30,^NSEI,24185.400390625,24242.599609375,24072.0,24167.25,440900
2025-04-23 00:00:00+05:30,^NSEI,24357.599609375,24359.30078125,24119.94921875,24328.94921875,415000
2025-04-24 00:00:00+05:30,^NSEI,24277.900390625,24347.849609375,24216.150390625,24246.69921875,358800
2025-04-25 00:00:00+05:30,^NSEI,24289.0,24365.44921875,23847.849609375,24039.349609375,387700
2025-04-28 00:00:00+05:30,^NSEI,24070.25,24355.099609375,24054.05078125,24328.5,320500
2025-04-29 00:00:00+05:30,^NSEI,24370.69921875,24457.650390625,24290.75,24335.94921875,357600
2025-04-30 00:00:00+05:30,^NSEI,24342.05078125,24396.150390625,24198.75,24334.19921875,424500
2025-05-02 00:00:00+05:30,^NSEI,24311.900390625,24589.150390625,24238.5,24346.69921875,421100
2025-05-05 00:00:00+05:30,^NSEI,24419.5,24526.400390625,24400.650390625,24461.150390625,291500
2025-05-06 00:00:00+05:30,^NSEI,24500.75,24509.650390625,24331.80078125,24379.599609375,302400
2025-05-07 00:00:00+05:30,^NSEI,24233.30078125,24449.599609375,24220.0,24414.400390625,330100
2025-05-08 00:00:00+05:30,^NSEI,24431.5,24447.25,24150.19921875,24273.80078125,411400
2025-05-09 00:00:00+05:30,^NSEI,23935.75,24164.25,23935.75,24008.0,335600
2025-05-12 00:00:00+05:30,^NSEI,24420.099609375,24944.80078125,24378.849609375,24924.69921875,368700
2025-05-13 00:00:00+05:30,^NSEI,24864.05078125,24973.80078125,24547.5,24578.349609375,423000
2025-05-14 00:00:00+05:30,^NSEI,24613.80078125,24767.55078125,24535.55078125,24666.900390625,345500
2025-05-15 00:00:00+05:30,^NSEI,24694.44921875,25116.25,24494.44921875,25062.099609375,500800
2025-05-16 00:00:00+05:30,^NSEI,25064.650390625,25070.0,24953.05078125,25019.80078125,432700
2025-05-19 00:00:00+05:30,^NSEI,25005.349609375,25062.94921875,24916.650390625,24945.44921875,255300
2025-05-20 00:00:00+05:30,^NSEI,24996.19921875,25010.349609375,24669.69921875,24683.900390625,414800
2025-05-21 00:00:00+05:30,^NSEI,24744.25,24946.19921875,24685.349609375,24813.44921875,332700
2025-05-22 00:00:00+05:30,^NSEI,24733.94921875,24737.5,24462.400390625,24609.69921875,403300
2025-05-23 00:00:00+05:30,^NSEI,24639.5,24909.05078125,24614.05078125,24853.150390625,270500
2025-05-26 00:00:00+05:30,^NSEI,24919.349609375,25079.19921875,24900.5,25001.150390625,302800
2025-05-27 00:00:00+05:30,^NSEI,24956.650390625,25062.900390625,24704.099609375,24826.19921875,525700
2025-05-28 00:00:00+05:30,^NSEI,24832.5,24864.25,24737.05078125,24752.44921875,684400
2025-05-29 00:00:00+05:30,^NSEI,24825.099609375,24892.599609375,24677.30078125,24833.599609375,345400
2025-05-30 00:00:00+05:30,^NSEI,24812.599609375,24863.94921875,24717.400390625,24750.69921875,853900
2025-06-02 00:00:00+05:30,^NSEI,24669.69921875,24754.400390625,24526.150390625,24716.599609375,311100
2025-06-03 00:00:00+05:30,^NSEI,24786.30078125,24845.099609375,24502.150390625,24542.5,349300
2025-06-04 00:00:00+05:30,^NSEI,24560.44921875,24644.25,24530.44921875,24620.19921875,280900
2025-06-05 00:00:00+05:30,^NSEI,24691.19921875,24899.849609375,24613.099609375,24750.900390625,388400
2025-06-06 00:00:00+05:30,^NSEI,24748.69921875,25029.5,24671.44921875,25003.05078125,335600
2025-06-09 00:00:00+05:30,^NSEI,25160.099609375,25160.099609375,25077.150390625,25103.19921875,279200
2025-06-10 00:00:00+05:30,^NSEI,25196.05078125,25199.30078125,25055.44921875,25104.25,307300
2025-06-11 00:00:00+05:30,^NSEI,25134.150390625,25222.400390625,25081.30078125,25141.400390625,301200
2025-06-12 00:00:00+05:30,^NSEI,25164.44921875,25196.19921875,24825.900390625,24888.19921875,328300
2025-06-13 00:00:00+05:30,^NSEI,24473.0,24754.349609375,24473.0,24718.599609375,318700
2025-06-16 00:00:00+05:30,^NSEI,24732.349609375,24967.099609375,24703.599609375,24946.5,305800
2025-06-17 00:00:00+05:30,^NSEI,24977.849609375,24982.05078125,24813.69921875,24853.400390625,242400
2025-06-18 00:00:00+05:30,^NSEI,24788.349609375,24947.55078125,24750.44921875,24812.05078125,237600
2025-06-19 00:00:00+05:30,^NSEI,24803.25,24863.099609375,24733.400390625,24793.25,274600
2025-06-20 00:00:00+05:30,^NSEI,24787.650390625,25136.19921875,24783.650390625,25112.400390625,574700
2025-06-23 00:00:00+05:30,^NSEI,24939.75,25057.0,24824.849609375,24971.900390625,248500
2025-06-24 00:00:00+05:30,^NSEI,25179.900390625,25317.69921875,24999.69921875,25044.349609375,450200
2025-06-25 00:00:00+05:30,^NSEI,25150.349609375,25266.80078125,25125.05078125,25244.75,260600
2025-06-26 00:00:00+05:30,^NSEI,25268.94921875,25565.30078125,25259.900390625,25549.0,428900
2025-06-27 00:00:00+05:30,^NSEI,25576.650390625,25654.19921875,25523.55078125,25637.80078125,564000
2025-06-30 00:00:00+05:30,^NSEI,25661.650390625,25669.349609375,25473.30078125,25517.05078125,271000
2025-07-01 00:00:00+05:30,^NSEI,25551.349609375,25593.400390625,25501.80078125,25541.80078125,260700
2025-07-02 00:00:00+05:30,^NSEI,25588.30078125,25608.099609375,25378.75,25453.400390625,309800
2025-07-03 00:00:00+05:30,^NSEI,25505.099609375,25587.5,25384.349609375,25405.30078125,293400
2025-07-04 00:00:00+05:30,^NSEI,25428.849609375,25470.25,25331.650390625,25461.0,193500
2025-07-07 00:00:00+05:30,^NSEI,25450.44921875,25489.80078125,25407.25,25461.30078125,196100
2025-07-08 00:00:00+05:30,^NSEI,25427.849609375,25548.05078125,25424.150390625,25522.5,210400
2025-07-09 00:00:00+05:30,^NSEI,25514.599609375,25548.69921875,25424.349609375,25476.099609375,239100
2025-07-10 00:00:00+05:30,^NSEI,25511.650390625,25524.05078125,25340.44921875,25355.25,219600
2025-07-11 00:00:00+05:30,^NSEI,25255.5,25322.44921875,25129.0,25149.849609375,250000
2025-07-14 00:00:00+05:30,^NSEI,25149.5,25151.099609375,25001.94921875,25082.30078125,259500
2025-07-15 00:00:00+05:30,^NSEI,25089.5,25245.19921875,25088.44921875,25195.80078125,241300
2025-07-16 00:00:00+05:30,^NSEI,25196.599609375,25255.30078125,25121.05078125,25212.05078125,228800
2025-07-17 00:00:00+05:30,^NSEI,25230.75,25238.349609375,25101.0,25111.44921875,243400
2025-07-18 00:00:00+05:30,^NSEI,25108.55078125,25144.599609375,24918.650390625,24968.400390625,317000
2025-07-21 00:00:00+05:30,^NSEI,24999.0,25111.400390625,24882.30078125,25090.69921875,305200
2025-07-22 00:00:00+05:30,^NSEI,25166.650390625,25182.0,25035.55078125,25060.900390625,483700
2025-07-23 00:00:00+05:30,^NSEI,25139.349609375,25233.5,25085.5,25219.900390625,271500
2025-07-24 00:00:00+05:30,^NSEI,25243.30078125,25246.25,25018.69921875,25062.099609375,338700
2025-07-25 00:00:00+05:30,^NSEI,25010.349609375,25010.349609375,24806.349609375,24837.0,278100
2025-07-28 00:00:00+05:30,^NSEI,24782.44921875,24889.19921875,24646.599609375,24680.900390625,262100
2025-07-29 00:00:00+05:30,^NSEI,24609.650390625,24847.150390625,24598.599609375,24821.099609375,284700
2025-07-30 00:00:00+05:30,^NSEI,24890.400390625,24902.30078125,24771.94921875,24855.05078125,243900
2025-07-31 00:00:00+05:30,^NSEI,24642.25,24956.5,24635.0,24768.349609375,346300
2025-08-01 00:00:00+05:30,^NSEI,24734.900390625,24784.150390625,24535.05078125,24565.349609375,263400
2025-08-04 00:00:00+05:30,^NSEI,24596.05078125,24736.25,24554.0,24722.75,259300
2025-08-05 00:00:00+05:30,^NSEI,24720.25,24733.099609375,24590.30078125,24649.55078125,251800
2025-08-06 00:00:00+05:30,^NSEI,24641.349609375,24671.400390625,24539.19921875,24574.19921875,225100
2025-08-07 00:00:00+05:30,^NSEI,24464.19921875,24634.19921875,24344.150390625,24596.150390625,616700
2025-08-08 00:00:00+05:30,^NSEI,24544.25,24585.5,24337.5,24363.30078125,312600
2025-08-11 00:00:00+05:30,^NSEI,24371.5,24600.849609375,24347.44921875,24585.05078125,241100
2025-08-12 00:00:00+05:30,^NSEI,24563.349609375,24702.599609375,24465.650390625,24487.400390625,237000
2025-08-13 00:00:00+05:30,^NSEI,24586.19921875,24664.55078125,24535.25,24619.349609375,236000
2025-08-14 00:00:00+05:30,^NSEI,24607.25,24673.650390625,24596.900390625,24631.30078125,270200
2025-08-18 00:00:00+05:30,^NSEI,24938.19921875,25022.0,24852.849609375,24876.94921875,363100
2025-08-19 00:00:00+05:30,^NSEI,24891.349609375,25012.650390625,24873.94921875,24980.650390625,252300
2025-08-20 00:00:00+05:30,^NSEI,24965.80078125,25088.69921875,24929.69921875,25050.55078125,287100
2025-08-21 00:00:00+05:30,^NSEI,25142.0,25153.650390625,25054.900390625,25083.75,226500
2025-08-22 00:00:00+05:30,^NSEI,25064.150390625,25084.849609375,24859.150390625,24870.099609375,210200
2025-08-25 00:00:00+05:30,^NSEI,24949.150390625,25021.55078125,24894.349609375,24967.75,213000
2025-08-26 00:00:00+05:30,^NSEI,24899.5,24919.650390625,24689.599609375,24712.05078125,750500
2025-08-28 00:00:00+05:30,^NSEI,24695.80078125,24702.650390625,24481.599609375,24500.900390625,326600
2025-08-29 00:00:00+05:30,^NSEI,24466.69921875,24572.44921875,24404.69921875,24426.849609375,325500
2025-09-01 00:00:00+05:30,^NSEI,24432.69921875,24635.599609375,24432.69921875,24625.05078125,229300
2025-09-02 00:00:00+05:30,^NSEI,24653.0,24756.099609375,24522.349609375,24579.599609375,271600
2025-09-03 00:00:00+05:30,^NSEI,24616.5,24737.05078125,24533.19921875,24715.05078125,340300
2025-09-04 00:00:00+05:30,^NSEI,24980.75,24980.75,24708.19921875,24734.30078125,314100
2025-09-05 00:00:00+05:30,^NSEI,24818.849609375,24832.349609375,24621.599609375,24741.0,210100
2025-09-08 00:00:00+05:30,^NSEI,24802.599609375,24885.5,24751.55078125,24773.150390625,213200
2025-09-09 00:00:00+05:30,^NSEI,24864.099609375,24891.80078125,24814.0,24868.599609375,226900
2025-09-10 00:00:00+05:30,^NSEI,24991.0,25035.69921875,24915.05078125,24973.099609375,244100
2025-09-11 00:00:00+05:30,^NSEI,24945.5,25037.30078125,24940.150390625,25005.5,224600
2025-09-12 00:00:00+05:30,^NSEI,25074.44921875,25139.44921875,25038.05078125,25114.0,225700
2025-09-15 00:00:00+05:30,^NSEI,25118.900390625,25138.44921875,25048.75,25069.19921875,185400
2025-09-16 00:00:00+05:30,^NSEI,25073.599609375,25261.400390625,25070.44921875,25239.099609375,240100
2025-09-17 00:00:00+05:30,^NSEI,25276.599609375,25346.5,25275.349609375,25330.25,268900
2025-09-18 00:00:00+05:30,^NSEI,25441.05078125,25448.94921875,25329.75,25423.599609375,272200
2025-09-19 00:00:00+05:30,^NSEI,25410.19921875,25428.75,25286.30078125,25327.05078125,380400
2025-09-22 00:00:00+05:30,^NSEI,25238.099609375,25331.69921875,25151.05078125,25202.349609375,254500
2025-09-23 00:00:00+05:30,^NSEI,25209.0,25261.900390625,25084.650390625,25169.5,299200
2025-09-24 00:00:00+05:30,^NSEI,25108.75,25149.849609375,25027.44921875,25056.900390625,244400
2025-09-25 00:00:00+05:30,^NSEI,25034.5,25092.69921875,24878.30078125,24890.849609375,342500
2025-09-26 00:00:00+05:30,^NSEI,24818.55078125,24868.599609375,24629.44921875,24654.69921875,291500
2025-09-29 00:00:00+05:30,^NSEI,24728.55078125,24791.30078125,24606.19921875,24634.900390625,394400
2025-09-30 00:00:00+05:30,^NSEI,24691.94921875,24731.80078125,24587.69921875,24611.099609375,303000
2025-10-01 00:00:00+05:30,^NSEI,24620.55078125,24867.94921875,24605.94921875,24836.30078125,308900
2025-10-03 00:00:00+05:30,^NSEI,24759.55078125,24904.80078125,24747.55078125,24894.25,365900
2025-10-06 00:00:00+05:30,^NSEI,24916.55078125,25095.94921875,24881.650390625,25077.650390625,268800
2025-10-07 00:00:00+05:30,^NSEI,25085.30078125,25220.900390625,25076.30078125,25108.30078125,288000
2025-10-08 00:00:00+05:30,^NSEI,25079.75,25192.5,25008.5,25046.150390625,227400
2025-10-09 00:00:00+05:30,^NSEI,25074.30078125,25199.25,25024.30078125,25181.80078125,286300
2025-10-10 00:00:00+05:30,^NSEI,25167.650390625,25330.75,25156.849609375,25285.349609375,232900
2025-10-13 00:00:00+05:30,^NSEI,25177.30078125,25267.30078125,25152.30078125,25227.349609375,234300
2025-10-14 00:00:00+05:30,^NSEI,25277.55078125,25310.349609375,25060.55078125,25145.5,292100
2025-10-15 00:00:00+05:30,^NSEI,25181.94921875,25365.150390625,25159.349609375,25323.55078125,289900
2025-10-16 00:00:00+05:30,^NSEI,25394.900390625,25625.400390625,25376.849609375,25585.30078125,372800
2025-10-17 00:00:00+05:30,^NSEI,25546.849609375,25781.5,25508.599609375,25709.849609375,422100
2025-10-20 00:00:00+05:30,^NSEI,25824.599609375,25926.19921875,25788.5,25843.150390625,301100
2025-10-21 00:00:00+05:30,^NSEI,25901.19921875,25934.349609375,25825.80078125,25868.599609375,42500
2025-10-23 00:00:00+05:30,^NSEI,26057.19921875,26104.19921875,25862.44921875,25891.400390625,448400
2025-10-24 00:00:00+05:30,^NSEI,25935.099609375,25944.150390625,25718.19921875,25795.150390625,284900
2025-10-27 00:00:00+05:30,^NSEI,25843.19921875,26005.94921875,25827.0,25966.05078125,266300
2025-10-28 00:00:00+05:30,^NSEI,25939.94921875,26041.69921875,25810.05078125,25936.19921875,395200
2025-10-29 00:00:00+05:30,^NSEI,25982.0,26097.849609375,25960.30078125,26053.900390625,321900
2025-10-30 00:00:00+05:30,^NSEI,25984.400390625,26032.05078125,25845.25,25877.849609375,257400
2025-10-31 00:00:00+05:30,^NSEI,25863.80078125,25953.75,25711.19921875,25722.099609375,334400
2025-11-03 00:00:00+05:30,^NSEI,25696.849609375,25803.099609375,25645.5,25763.349609375,23300
2025-11-04 00:00:00+05:30,^NSEI,25744.75,25787.400390625,25578.400390625,25597.650390625,305100
2025-11-06 00:00:00+05:30,^NSEI,25593.349609375,25679.150390625,25491.55078125,25509.69921875,371900
2025-11-07 00:00:00+05:30,^NSEI,25433.80078125,25551.25,25318.44921875,25492.30078125,305600
2025-11-10 00:00:00+05:30,^NSEI,25503.5,25653.44921875,25503.5,25574.349609375,0
